# WaveFront *.obj file (generated by Autodesk ATF)

mtllib case_model.mtl

g Body559

v 77.350001 -156.500002 -2.000000
v 75.350001 -156.500002 0.000000
v 75.350001 -158.500002 -2.000000
v 14.779999 -158.500002 -2.000000
v 14.779999 -156.500002 0.000000
v 12.779999 -156.500002 -2.000000
v 77.350001 -7.660000 -2.000000
v 75.350001 -5.660000 -2.000000
v 75.350001 -7.660000 0.000000
v 12.779999 -7.660000 -2.000000
v 14.779999 -7.660000 0.000000
v 14.779999 -5.660000 -2.000000
v 65.255001 -5.660000 -2.000000
v 55.160000 -5.660000 -2.000000
v 45.065000 -5.660000 -2.000000
v 34.970000 -5.660000 -2.000000
v 24.875000 -5.660000 -2.000000
v 24.875000 -7.660000 0.000000
v 34.970000 -7.660000 0.000000
v 45.065000 -7.660000 0.000000
v 55.160000 -7.660000 0.000000
v 65.255001 -7.660000 0.000000
v 14.779999 -5.660000 -27.500000
v 12.779999 -7.660000 -27.500000
v 12.779999 -7.660000 -19.000000
v 12.779999 -7.660000 -10.500000
v 14.779999 -5.660000 -10.500000
v 14.779999 -5.660000 -19.000000
v 12.779999 -18.291428 -2.000000
v 12.779999 -28.922857 -2.000000
v 12.779999 -39.554286 -2.000000
v 12.779999 -50.185715 -2.000000
v 12.779999 -60.817143 -2.000000
v 12.779999 -71.448572 -2.000000
v 12.779999 -82.080001 -2.000000
v 12.779999 -92.711430 -2.000000
v 12.779999 -103.342858 -2.000000
v 12.779999 -113.974287 -2.000000
v 12.779999 -124.605716 -2.000000
v 12.779999 -135.237145 -2.000000
v 12.779999 -145.868573 -2.000000
v 14.779999 -145.868573 0.000000
v 14.779999 -135.237145 0.000000
v 14.779999 -124.605716 0.000000
v 14.779999 -113.974287 0.000000
v 14.779999 -103.342858 0.000000
v 14.779999 -92.711430 0.000000
v 14.779999 -82.080001 0.000000
v 14.779999 -71.448572 0.000000
v 14.779999 -60.817143 0.000000
v 14.779999 -50.185715 0.000000
v 14.779999 -39.554286 0.000000
v 14.779999 -28.922857 0.000000
v 14.779999 -18.291428 0.000000
v 75.350001 -18.291428 0.000000
v 75.350001 -28.922857 0.000000
v 75.350001 -39.554286 0.000000
v 75.350001 -50.185715 0.000000
v 75.350001 -60.817143 0.000000
v 75.350001 -71.448572 0.000000
v 75.350001 -82.080001 0.000000
v 75.350001 -92.711430 0.000000
v 75.350001 -103.342858 0.000000
v 75.350001 -113.974287 0.000000
v 75.350001 -124.605716 0.000000
v 75.350001 -135.237145 0.000000
v 75.350001 -145.868573 0.000000
v 77.350001 -145.868573 -2.000000
v 77.350001 -135.237145 -2.000000
v 77.350001 -124.605716 -2.000000
v 77.350001 -113.974287 -2.000000
v 77.350001 -103.342858 -2.000000
v 77.350001 -92.711430 -2.000000
v 77.350001 -82.080001 -2.000000
v 77.350001 -71.448572 -2.000000
v 77.350001 -60.817143 -2.000000
v 77.350001 -50.185715 -2.000000
v 77.350001 -39.554286 -2.000000
v 77.350001 -28.922857 -2.000000
v 77.350001 -18.291428 -2.000000
v 77.350001 -7.660000 -27.500000
v 75.350001 -5.660000 -27.500000
v 75.350001 -5.660000 -19.000000
v 75.350001 -5.660000 -10.500000
v 77.350001 -7.660000 -10.500000
v 77.350001 -7.660000 -19.000000
v 12.779999 -156.500002 -27.500000
v 14.779999 -158.500002 -27.500000
v 14.779999 -158.500002 -19.000000
v 14.779999 -158.500002 -10.500000
v 12.779999 -156.500002 -10.500000
v 12.779999 -156.500002 -19.000000
v 24.875000 -158.500002 -2.000000
v 34.970000 -158.500002 -2.000000
v 45.065000 -158.500002 -2.000000
v 55.160000 -158.500002 -2.000000
v 65.255001 -158.500002 -2.000000
v 65.255001 -156.500002 0.000000
v 55.160000 -156.500002 0.000000
v 45.065000 -156.500002 0.000000
v 34.970000 -156.500002 0.000000
v 24.875000 -156.500002 0.000000
v 75.350001 -158.500002 -27.500000
v 77.350001 -156.500002 -27.500000
v 77.350001 -156.500002 -19.000000
v 77.350001 -156.500002 -10.500000
v 75.350001 -158.500002 -10.500000
v 75.350001 -158.500002 -19.000000
v 65.255001 -5.660000 -27.500000
v 55.160000 -5.660000 -27.500000
v 45.065000 -5.660000 -27.500000
v 34.970000 -5.660000 -27.500000
v 24.875000 -5.660000 -27.500000
v 24.875000 -5.660000 -19.000000
v 34.970000 -5.660000 -19.000000
v 45.065000 -5.660000 -19.000000
v 55.160000 -5.660000 -19.000000
v 65.255001 -5.660000 -19.000000
v 24.875000 -5.660000 -10.500000
v 34.970000 -5.660000 -10.500000
v 45.065000 -5.660000 -10.500000
v 55.160000 -5.660000 -10.500000
v 65.255001 -5.660000 -10.500000
v 77.350001 -145.868573 -27.500000
v 77.350001 -135.237145 -27.500000
v 77.350001 -124.605716 -27.500000
v 77.350001 -113.974287 -27.500000
v 77.350001 -103.342858 -27.500000
v 77.350001 -92.711430 -27.500000
v 77.350001 -82.080001 -27.500000
v 77.350001 -71.448572 -27.500000
v 77.350001 -60.817143 -27.500000
v 77.350001 -50.185715 -27.500000
v 77.350001 -39.554286 -27.500000
v 77.350001 -28.922857 -27.500000
v 77.350001 -18.291428 -27.500000
v 77.350001 -18.291428 -19.000000
v 77.350001 -28.922857 -19.000000
v 77.350001 -39.554286 -19.000000
v 77.350001 -50.185715 -19.000000
v 77.350001 -60.817143 -19.000000
v 77.350001 -71.448572 -19.000000
v 77.350001 -82.080001 -19.000000
v 77.350001 -92.711430 -19.000000
v 77.350001 -103.342858 -19.000000
v 77.350001 -113.974287 -19.000000
v 77.350001 -124.605716 -19.000000
v 77.350001 -135.237145 -19.000000
v 77.350001 -145.868573 -19.000000
v 77.350001 -18.291428 -10.500000
v 77.350001 -28.922857 -10.500000
v 77.350001 -39.554286 -10.500000
v 77.350001 -50.185715 -10.500000
v 77.350001 -60.817143 -10.500000
v 77.350001 -71.448572 -10.500000
v 77.350001 -82.080001 -10.500000
v 77.350001 -92.711430 -10.500000
v 77.350001 -103.342858 -10.500000
v 77.350001 -113.974287 -10.500000
v 77.350001 -124.605716 -10.500000
v 77.350001 -135.237145 -10.500000
v 77.350001 -145.868573 -10.500000
v 24.875000 -18.291428 0.000000
v 34.970000 -18.291428 0.000000
v 45.065000 -18.291428 0.000000
v 55.160000 -18.291428 0.000000
v 65.255001 -18.291428 0.000000
v 24.875000 -28.922857 0.000000
v 34.970000 -28.922857 0.000000
v 45.065000 -28.922857 0.000000
v 55.160000 -28.922857 0.000000
v 65.255001 -28.922857 0.000000
v 24.875000 -39.554286 0.000000
v 34.970000 -39.554286 0.000000
v 45.065000 -39.554286 0.000000
v 55.160000 -39.554286 0.000000
v 65.255001 -39.554286 0.000000
v 24.875000 -50.185715 0.000000
v 34.970000 -50.185715 0.000000
v 45.065000 -50.185715 0.000000
v 55.160000 -50.185715 0.000000
v 65.255001 -50.185715 0.000000
v 24.875000 -60.817143 0.000000
v 34.970000 -60.817143 0.000000
v 45.065000 -60.817143 0.000000
v 55.160000 -60.817143 0.000000
v 65.255001 -60.817143 0.000000
v 24.875000 -71.448572 0.000000
v 34.970000 -71.448572 0.000000
v 45.065000 -71.448572 0.000000
v 55.160000 -71.448572 0.000000
v 65.255001 -71.448572 0.000000
v 24.875000 -82.080001 0.000000
v 34.970000 -82.080001 0.000000
v 45.065000 -82.080001 0.000000
v 55.160000 -82.080001 0.000000
v 65.255001 -82.080001 0.000000
v 24.875000 -92.711430 0.000000
v 34.970000 -92.711430 0.000000
v 45.065000 -92.711430 0.000000
v 55.160000 -92.711430 0.000000
v 65.255001 -92.711430 0.000000
v 24.875000 -103.342858 0.000000
v 34.970000 -103.342858 0.000000
v 45.065000 -103.342858 0.000000
v 55.160000 -103.342858 0.000000
v 65.255001 -103.342858 0.000000
v 24.875000 -113.974287 0.000000
v 34.970000 -113.974287 0.000000
v 45.065000 -113.974287 0.000000
v 55.160000 -113.974287 0.000000
v 65.255001 -113.974287 0.000000
v 24.875000 -124.605716 0.000000
v 34.970000 -124.605716 0.000000
v 45.065000 -124.605716 0.000000
v 55.160000 -124.605716 0.000000
v 65.255001 -124.605716 0.000000
v 24.875000 -135.237145 0.000000
v 34.970000 -135.237145 0.000000
v 45.065000 -135.237145 0.000000
v 55.160000 -135.237145 0.000000
v 65.255001 -135.237145 0.000000
v 24.875000 -145.868573 0.000000
v 34.970000 -145.868573 0.000000
v 45.065000 -145.868573 0.000000
v 55.160000 -145.868573 0.000000
v 65.255001 -145.868573 0.000000
v 57.450001 -17.900000 -15.500000
v 57.501112 -17.511772 -15.500000
v 57.650963 -17.150000 -15.500000
v 57.889341 -16.839340 -15.500000
v 58.200001 -16.600962 -15.500000
v 58.561772 -16.451112 -15.500000
v 58.950001 -16.400000 -15.500000
v 59.338229 -16.451112 -15.500000
v 59.700001 -16.600962 -15.500000
v 60.010661 -16.839340 -15.500000
v 60.249039 -17.150000 -15.500000
v 60.398890 -17.511772 -15.500000
v 60.450001 -17.900000 -15.500000
v 60.398890 -18.288229 -15.500000
v 60.249039 -18.650000 -15.500000
v 60.010661 -18.960660 -15.500000
v 59.700001 -19.199038 -15.500000
v 59.338229 -19.348889 -15.500000
v 58.950001 -19.400000 -15.500000
v 58.561772 -19.348889 -15.500000
v 58.200001 -19.199038 -15.500000
v 57.889341 -18.960660 -15.500000
v 57.650963 -18.650000 -15.500000
v 57.501112 -18.288229 -15.500000
v 57.848865 -17.900000 -15.500000
v 57.886385 -18.184995 -15.500000
v 57.996389 -18.450568 -15.500000
v 58.171380 -18.678621 -15.500000
v 58.399433 -18.853612 -15.500000
v 58.665006 -18.963616 -15.500000
v 58.950001 -19.001136 -15.500000
v 59.234996 -18.963616 -15.500000
v 59.500569 -18.853612 -15.500000
v 59.728621 -18.678621 -15.500000
v 59.903612 -18.450568 -15.500000
v 60.013616 -18.184995 -15.500000
v 60.051137 -17.900000 -15.500000
v 60.013616 -17.615005 -15.500000
v 59.903612 -17.349432 -15.500000
v 59.728621 -17.121380 -15.500000
v 59.500569 -16.946389 -15.500000
v 59.234996 -16.836385 -15.500000
v 58.950001 -16.798864 -15.500000
v 58.665006 -16.836385 -15.500000
v 58.399433 -16.946389 -15.500000
v 58.171380 -17.121380 -15.500000
v 57.996389 -17.349432 -15.500000
v 57.886385 -17.615005 -15.500000
v 57.450001 -17.900000 -14.000000
v 57.501112 -18.288229 -14.000000
v 57.650963 -18.650000 -14.000000
v 57.889341 -18.960660 -14.000000
v 58.200001 -19.199038 -14.000000
v 58.561772 -19.348889 -14.000000
v 58.950001 -19.400000 -14.000000
v 59.338229 -19.348889 -14.000000
v 59.700001 -19.199038 -14.000000
v 60.010661 -18.960660 -14.000000
v 60.249039 -18.650000 -14.000000
v 60.398890 -18.288229 -14.000000
v 60.450001 -17.900000 -14.000000
v 60.398890 -17.511772 -14.000000
v 60.249039 -17.150000 -14.000000
v 60.010661 -16.839340 -14.000000
v 59.700001 -16.600962 -14.000000
v 59.338229 -16.451112 -14.000000
v 58.950001 -16.400000 -14.000000
v 58.561772 -16.451112 -14.000000
v 58.200001 -16.600962 -14.000000
v 57.889341 -16.839340 -14.000000
v 57.650963 -17.150000 -14.000000
v 57.501112 -17.511772 -14.000000
v 57.848865 -17.900000 -14.000000
v 57.886385 -17.615005 -14.000000
v 57.996389 -17.349432 -14.000000
v 58.171380 -17.121380 -14.000000
v 58.399433 -16.946389 -14.000000
v 58.665006 -16.836385 -14.000000
v 58.950001 -16.798864 -14.000000
v 59.234996 -16.836385 -14.000000
v 59.500569 -16.946389 -14.000000
v 59.728621 -17.121380 -14.000000
v 59.903612 -17.349432 -14.000000
v 60.013616 -17.615005 -14.000000
v 60.051137 -17.900000 -14.000000
v 60.013616 -18.184995 -14.000000
v 59.903612 -18.450568 -14.000000
v 59.728621 -18.678621 -14.000000
v 59.500569 -18.853612 -14.000000
v 59.234996 -18.963616 -14.000000
v 58.950001 -19.001136 -14.000000
v 58.665006 -18.963616 -14.000000
v 58.399433 -18.853612 -14.000000
v 58.171380 -18.678621 -14.000000
v 57.996389 -18.450568 -14.000000
v 57.886385 -18.184995 -14.000000
v 57.848865 -17.900000 -4.000000
v 57.886385 -17.615005 -4.000000
v 57.996389 -17.349432 -4.000000
v 58.171380 -17.121380 -4.000000
v 58.399433 -16.946389 -4.000000
v 58.665006 -16.836385 -4.000000
v 58.950001 -16.798864 -4.000000
v 59.234996 -16.836385 -4.000000
v 59.500569 -16.946389 -4.000000
v 59.728621 -17.121380 -4.000000
v 59.903612 -17.349432 -4.000000
v 60.013616 -17.615005 -4.000000
v 60.051137 -17.900000 -4.000000
v 60.013616 -18.184995 -4.000000
v 59.903612 -18.450568 -4.000000
v 59.728621 -18.678621 -4.000000
v 59.500569 -18.853612 -4.000000
v 59.234996 -18.963616 -4.000000
v 58.950001 -19.001136 -4.000000
v 58.665006 -18.963616 -4.000000
v 58.399433 -18.853612 -4.000000
v 58.171380 -18.678621 -4.000000
v 57.996389 -18.450568 -4.000000
v 57.886385 -18.184995 -4.000000
v 57.848865 -17.900000 -9.000000
v 57.886385 -17.615005 -9.000000
v 57.996389 -17.349432 -9.000000
v 58.171380 -17.121380 -9.000000
v 58.399433 -16.946389 -9.000000
v 58.665006 -16.836385 -9.000000
v 58.950001 -16.798864 -9.000000
v 59.234996 -16.836385 -9.000000
v 59.500569 -16.946389 -9.000000
v 59.728621 -17.121380 -9.000000
v 59.903612 -17.349432 -9.000000
v 60.013616 -17.615005 -9.000000
v 60.051137 -17.900000 -9.000000
v 60.013616 -18.184995 -9.000000
v 59.903612 -18.450568 -9.000000
v 59.728621 -18.678621 -9.000000
v 59.500569 -18.853612 -9.000000
v 59.234996 -18.963616 -9.000000
v 58.950001 -19.001136 -9.000000
v 58.665006 -18.963616 -9.000000
v 58.399433 -18.853612 -9.000000
v 58.171380 -18.678621 -9.000000
v 57.996389 -18.450568 -9.000000
v 57.886385 -18.184995 -9.000000
v 74.350001 -8.660000 -4.000000
v 64.588334 -8.660000 -4.000000
v 54.826667 -8.660000 -4.000000
v 45.065000 -8.660000 -4.000000
v 35.303333 -8.660000 -4.000000
v 25.541666 -8.660000 -4.000000
v 15.779999 -8.660000 -4.000000
v 15.779999 -8.660000 -13.750001
v 15.779999 -8.660000 -23.500001
v 16.779999 -8.660000 -23.500001
v 17.038819 -8.660000 -23.534075
v 17.279999 -8.660000 -23.633976
v 17.487106 -8.660000 -23.792894
v 17.646025 -8.660000 -24.000001
v 17.745925 -8.660000 -24.241182
v 17.779999 -8.660000 -24.500001
v 17.745925 -8.660000 -24.758820
v 17.646025 -8.660000 -25.000001
v 17.487106 -8.660000 -25.207108
v 17.279999 -8.660000 -25.366027
v 17.038819 -8.660000 -25.465927
v 16.779999 -8.660000 -25.500001
v 15.779999 -8.660000 -25.500001
v 15.779999 -8.660000 -27.500000
v 25.541666 -8.660000 -27.500000
v 35.303333 -8.660000 -27.500000
v 45.065000 -8.660000 -27.500000
v 54.826667 -8.660000 -27.500000
v 64.588334 -8.660000 -27.500000
v 74.350001 -8.660000 -27.500000
v 74.350001 -8.660000 -19.666667
v 74.350001 -8.660000 -11.833333
v 25.541666 -8.660000 -15.750000
v 35.303333 -8.660000 -15.750000
v 45.065000 -8.660000 -15.750000
v 54.826667 -8.660000 -15.750000
v 64.588334 -8.660000 -15.750000
v 15.779999 -19.955384 -4.000000
v 15.779999 -31.250769 -4.000000
v 15.779999 -42.546154 -4.000000
v 15.779999 -53.841539 -4.000000
v 15.779999 -65.136924 -4.000000
v 15.779999 -76.432309 -4.000000
v 15.779999 -87.727693 -4.000000
v 15.779999 -99.023078 -4.000000
v 15.779999 -110.318463 -4.000000
v 15.779999 -121.613848 -4.000000
v 15.779999 -132.909233 -4.000000
v 15.779999 -144.204617 -4.000000
v 15.779999 -155.500002 -4.000000
v 15.779999 -155.500002 -11.833333
v 15.779999 -155.500002 -19.666667
v 15.779999 -155.500002 -27.500000
v 15.779999 -144.204617 -27.500000
v 15.779999 -132.909233 -27.500000
v 15.779999 -121.613848 -27.500000
v 15.779999 -110.318463 -27.500000
v 15.779999 -99.023078 -27.500000
v 15.779999 -87.727693 -27.500000
v 15.779999 -76.432309 -27.500000
v 15.779999 -65.136924 -27.500000
v 15.779999 -53.841539 -27.500000
v 15.779999 -42.546154 -27.500000
v 15.779999 -31.250769 -27.500000
v 15.779999 -19.955384 -27.500000
v 15.779999 -19.955231 -25.500001
v 15.779999 -31.250462 -25.500001
v 15.779999 -42.545692 -25.500001
v 15.779999 -53.840923 -25.500001
v 15.779999 -65.136154 -25.500001
v 15.779999 -76.431384 -25.500001
v 15.779999 -87.726615 -25.500001
v 15.779999 -99.021846 -25.500001
v 15.779999 -110.317076 -25.500001
v 15.779999 -121.612307 -25.500001
v 15.779999 -132.907538 -25.500001
v 15.779999 -144.202768 -25.500001
v 15.779999 -155.497999 -25.500001
v 15.779999 -155.497999 -23.500001
v 15.779999 -144.202768 -23.500001
v 15.779999 -132.907538 -23.500001
v 15.779999 -121.612307 -23.500001
v 15.779999 -110.317076 -23.500001
v 15.779999 -99.021846 -23.500001
v 15.779999 -87.726615 -23.500001
v 15.779999 -76.431384 -23.500001
v 15.779999 -65.136154 -23.500001
v 15.779999 -53.840923 -23.500001
v 15.779999 -42.545692 -23.500001
v 15.779999 -31.250462 -23.500001
v 15.779999 -19.955231 -23.500001
v 15.779999 -144.204617 -15.750000
v 15.779999 -132.909233 -15.750000
v 15.779999 -121.613848 -15.750000
v 15.779999 -110.318463 -15.750000
v 15.779999 -99.023078 -15.750000
v 15.779999 -87.727693 -15.750000
v 15.779999 -76.432309 -15.750000
v 15.779999 -65.136924 -15.750000
v 15.779999 -53.841539 -15.750000
v 15.779999 -42.546154 -15.750000
v 15.779999 -31.250769 -15.750000
v 15.779999 -19.955384 -15.750000
v 16.779999 -155.497999 -25.500001
v 17.038819 -155.497999 -25.465927
v 17.279999 -155.497999 -25.366027
v 17.487106 -155.497999 -25.207108
v 17.646025 -155.497999 -25.000001
v 17.745925 -155.497999 -24.758820
v 17.779999 -155.497999 -24.500001
v 17.745925 -155.497999 -24.241182
v 17.646025 -155.497999 -24.000001
v 17.487106 -155.497999 -23.792894
v 17.279999 -155.497999 -23.633976
v 17.038819 -155.497999 -23.534075
v 16.779999 -155.497999 -23.500001
v 16.779999 -144.202768 -25.500001
v 16.779999 -132.907537 -25.500001
v 16.779999 -121.612307 -25.500001
v 16.779999 -110.317076 -25.500001
v 16.779999 -99.021845 -25.500001
v 16.779999 -87.726615 -25.500001
v 16.779999 -76.431384 -25.500001
v 16.779999 -65.136153 -25.500001
v 16.779999 -53.840922 -25.500001
v 16.779999 -42.545692 -25.500001
v 16.779999 -31.250461 -25.500001
v 16.779999 -19.955230 -25.500001
v 16.779999 -19.955230 -23.500001
v 16.779999 -31.250461 -23.500001
v 16.779999 -42.545692 -23.500001
v 16.779999 -53.840922 -23.500001
v 16.779999 -65.136153 -23.500001
v 16.779999 -76.431384 -23.500001
v 16.779999 -87.726615 -23.500001
v 16.779999 -99.021845 -23.500001
v 16.779999 -110.317076 -23.500001
v 16.779999 -121.612307 -23.500001
v 16.779999 -132.907537 -23.500001
v 16.779999 -144.202768 -23.500001
v 17.038819 -149.850383 -23.534075
v 17.038819 -144.202768 -23.534075
v 17.038819 -138.555153 -23.534075
v 17.038819 -132.907537 -23.534075
v 17.038819 -127.259922 -23.534075
v 17.038819 -121.612307 -23.534075
v 17.038819 -115.964691 -23.534075
v 17.038819 -110.317076 -23.534075
v 17.038819 -104.669461 -23.534075
v 17.038819 -99.021845 -23.534075
v 17.038819 -93.374230 -23.534075
v 17.038819 -87.726615 -23.534075
v 17.038819 -82.078999 -23.534075
v 17.038819 -76.431384 -23.534075
v 17.038819 -70.783769 -23.534075
v 17.038819 -65.136153 -23.534075
v 17.038819 -59.488538 -23.534075
v 17.038819 -53.840922 -23.534075
v 17.038819 -48.193307 -23.534075
v 17.038819 -42.545692 -23.534075
v 17.038819 -36.898076 -23.534075
v 17.038819 -31.250461 -23.534075
v 17.038819 -25.602846 -23.534075
v 17.038819 -19.955230 -23.534075
v 17.038819 -14.307615 -23.534075
v 17.279999 -149.850383 -23.633976
v 17.279999 -144.202768 -23.633976
v 17.279999 -138.555153 -23.633976
v 17.279999 -132.907537 -23.633976
v 17.279999 -127.259922 -23.633976
v 17.279999 -121.612307 -23.633976
v 17.279999 -115.964691 -23.633976
v 17.279999 -110.317076 -23.633976
v 17.279999 -104.669461 -23.633976
v 17.279999 -99.021845 -23.633976
v 17.279999 -93.374230 -23.633976
v 17.279999 -87.726615 -23.633976
v 17.279999 -82.078999 -23.633976
v 17.279999 -76.431384 -23.633976
v 17.279999 -70.783769 -23.633976
v 17.279999 -65.136153 -23.633976
v 17.279999 -59.488538 -23.633976
v 17.279999 -53.840922 -23.633976
v 17.279999 -48.193307 -23.633976
v 17.279999 -42.545692 -23.633976
v 17.279999 -36.898076 -23.633976
v 17.279999 -31.250461 -23.633976
v 17.279999 -25.602846 -23.633976
v 17.279999 -19.955230 -23.633976
v 17.279999 -14.307615 -23.633976
v 17.487106 -149.850383 -23.792894
v 17.487106 -144.202768 -23.792894
v 17.487106 -138.555153 -23.792894
v 17.487106 -132.907537 -23.792894
v 17.487106 -127.259922 -23.792894
v 17.487106 -121.612307 -23.792894
v 17.487106 -115.964691 -23.792894
v 17.487106 -110.317076 -23.792894
v 17.487106 -104.669461 -23.792894
v 17.487106 -99.021845 -23.792894
v 17.487106 -93.374230 -23.792894
v 17.487106 -87.726615 -23.792894
v 17.487106 -82.078999 -23.792894
v 17.487106 -76.431384 -23.792894
v 17.487106 -70.783769 -23.792894
v 17.487106 -65.136153 -23.792894
v 17.487106 -59.488538 -23.792894
v 17.487106 -53.840922 -23.792894
v 17.487106 -48.193307 -23.792894
v 17.487106 -42.545692 -23.792894
v 17.487106 -36.898076 -23.792894
v 17.487106 -31.250461 -23.792894
v 17.487106 -25.602846 -23.792894
v 17.487106 -19.955230 -23.792894
v 17.487106 -14.307615 -23.792894
v 17.646025 -149.850383 -24.000001
v 17.646025 -144.202768 -24.000001
v 17.646025 -138.555153 -24.000001
v 17.646025 -132.907537 -24.000001
v 17.646025 -127.259922 -24.000001
v 17.646025 -121.612307 -24.000001
v 17.646025 -115.964691 -24.000001
v 17.646025 -110.317076 -24.000001
v 17.646025 -104.669461 -24.000001
v 17.646025 -99.021845 -24.000001
v 17.646025 -93.374230 -24.000001
v 17.646025 -87.726615 -24.000001
v 17.646025 -82.078999 -24.000001
v 17.646025 -76.431384 -24.000001
v 17.646025 -70.783769 -24.000001
v 17.646025 -65.136153 -24.000001
v 17.646025 -59.488538 -24.000001
v 17.646025 -53.840922 -24.000001
v 17.646025 -48.193307 -24.000001
v 17.646025 -42.545692 -24.000001
v 17.646025 -36.898076 -24.000001
v 17.646025 -31.250461 -24.000001
v 17.646025 -25.602846 -24.000001
v 17.646025 -19.955230 -24.000001
v 17.646025 -14.307615 -24.000001
v 17.745925 -149.850383 -24.241182
v 17.745925 -144.202768 -24.241182
v 17.745925 -138.555153 -24.241182
v 17.745925 -132.907537 -24.241182
v 17.745925 -127.259922 -24.241182
v 17.745925 -121.612307 -24.241182
v 17.745925 -115.964691 -24.241182
v 17.745925 -110.317076 -24.241182
v 17.745925 -104.669461 -24.241182
v 17.745925 -99.021845 -24.241182
v 17.745925 -93.374230 -24.241182
v 17.745925 -87.726615 -24.241182
v 17.745925 -82.078999 -24.241182
v 17.745925 -76.431384 -24.241182
v 17.745925 -70.783769 -24.241182
v 17.745925 -65.136153 -24.241182
v 17.745925 -59.488538 -24.241182
v 17.745925 -53.840922 -24.241182
v 17.745925 -48.193307 -24.241182
v 17.745925 -42.545692 -24.241182
v 17.745925 -36.898076 -24.241182
v 17.745925 -31.250461 -24.241182
v 17.745925 -25.602846 -24.241182
v 17.745925 -19.955230 -24.241182
v 17.745925 -14.307615 -24.241182
v 17.779999 -149.850383 -24.500001
v 17.779999 -144.202768 -24.500001
v 17.779999 -138.555153 -24.500001
v 17.779999 -132.907537 -24.500001
v 17.779999 -127.259922 -24.500001
v 17.779999 -121.612307 -24.500001
v 17.779999 -115.964691 -24.500001
v 17.779999 -110.317076 -24.500001
v 17.779999 -104.669461 -24.500001
v 17.779999 -99.021845 -24.500001
v 17.779999 -93.374230 -24.500001
v 17.779999 -87.726615 -24.500001
v 17.779999 -82.078999 -24.500001
v 17.779999 -76.431384 -24.500001
v 17.779999 -70.783769 -24.500001
v 17.779999 -65.136153 -24.500001
v 17.779999 -59.488538 -24.500001
v 17.779999 -53.840922 -24.500001
v 17.779999 -48.193307 -24.500001
v 17.779999 -42.545692 -24.500001
v 17.779999 -36.898076 -24.500001
v 17.779999 -31.250461 -24.500001
v 17.779999 -25.602846 -24.500001
v 17.779999 -19.955230 -24.500001
v 17.779999 -14.307615 -24.500001
v 17.745925 -149.850383 -24.758820
v 17.745925 -144.202768 -24.758820
v 17.745925 -138.555153 -24.758820
v 17.745925 -132.907537 -24.758820
v 17.745925 -127.259922 -24.758820
v 17.745925 -121.612307 -24.758820
v 17.745925 -115.964691 -24.758820
v 17.745925 -110.317076 -24.758820
v 17.745925 -104.669461 -24.758820
v 17.745925 -99.021845 -24.758820
v 17.745925 -93.374230 -24.758820
v 17.745925 -87.726615 -24.758820
v 17.745925 -82.078999 -24.758820
v 17.745925 -76.431384 -24.758820
v 17.745925 -70.783769 -24.758820
v 17.745925 -65.136153 -24.758820
v 17.745925 -59.488538 -24.758820
v 17.745925 -53.840922 -24.758820
v 17.745925 -48.193307 -24.758820
v 17.745925 -42.545692 -24.758820
v 17.745925 -36.898076 -24.758820
v 17.745925 -31.250461 -24.758820
v 17.745925 -25.602846 -24.758820
v 17.745925 -19.955230 -24.758820
v 17.745925 -14.307615 -24.758820
v 17.646025 -149.850383 -25.000001
v 17.646025 -144.202768 -25.000001
v 17.646025 -138.555153 -25.000001
v 17.646025 -132.907537 -25.000001
v 17.646025 -127.259922 -25.000001
v 17.646025 -121.612307 -25.000001
v 17.646025 -115.964691 -25.000001
v 17.646025 -110.317076 -25.000001
v 17.646025 -104.669461 -25.000001
v 17.646025 -99.021845 -25.000001
v 17.646025 -93.374230 -25.000001
v 17.646025 -87.726615 -25.000001
v 17.646025 -82.078999 -25.000001
v 17.646025 -76.431384 -25.000001
v 17.646025 -70.783769 -25.000001
v 17.646025 -65.136153 -25.000001
v 17.646025 -59.488538 -25.000001
v 17.646025 -53.840922 -25.000001
v 17.646025 -48.193307 -25.000001
v 17.646025 -42.545692 -25.000001
v 17.646025 -36.898076 -25.000001
v 17.646025 -31.250461 -25.000001
v 17.646025 -25.602846 -25.000001
v 17.646025 -19.955230 -25.000001
v 17.646025 -14.307615 -25.000001
v 17.487106 -149.850383 -25.207108
v 17.487106 -144.202768 -25.207108
v 17.487106 -138.555153 -25.207108
v 17.487106 -132.907537 -25.207108
v 17.487106 -127.259922 -25.207108
v 17.487106 -121.612307 -25.207108
v 17.487106 -115.964691 -25.207108
v 17.487106 -110.317076 -25.207108
v 17.487106 -104.669461 -25.207108
v 17.487106 -99.021845 -25.207108
v 17.487106 -93.374230 -25.207108
v 17.487106 -87.726615 -25.207108
v 17.487106 -82.078999 -25.207108
v 17.487106 -76.431384 -25.207108
v 17.487106 -70.783769 -25.207108
v 17.487106 -65.136153 -25.207108
v 17.487106 -59.488538 -25.207108
v 17.487106 -53.840922 -25.207108
v 17.487106 -48.193307 -25.207108
v 17.487106 -42.545692 -25.207108
v 17.487106 -36.898076 -25.207108
v 17.487106 -31.250461 -25.207108
v 17.487106 -25.602846 -25.207108
v 17.487106 -19.955230 -25.207108
v 17.487106 -14.307615 -25.207108
v 17.279999 -149.850383 -25.366027
v 17.279999 -144.202768 -25.366027
v 17.279999 -138.555153 -25.366027
v 17.279999 -132.907537 -25.366027
v 17.279999 -127.259922 -25.366027
v 17.279999 -121.612307 -25.366027
v 17.279999 -115.964691 -25.366027
v 17.279999 -110.317076 -25.366027
v 17.279999 -104.669461 -25.366027
v 17.279999 -99.021845 -25.366027
v 17.279999 -93.374230 -25.366027
v 17.279999 -87.726615 -25.366027
v 17.279999 -82.078999 -25.366027
v 17.279999 -76.431384 -25.366027
v 17.279999 -70.783769 -25.366027
v 17.279999 -65.136153 -25.366027
v 17.279999 -59.488538 -25.366027
v 17.279999 -53.840922 -25.366027
v 17.279999 -48.193307 -25.366027
v 17.279999 -42.545692 -25.366027
v 17.279999 -36.898076 -25.366027
v 17.279999 -31.250461 -25.366027
v 17.279999 -25.602846 -25.366027
v 17.279999 -19.955230 -25.366027
v 17.279999 -14.307615 -25.366027
v 17.038819 -149.850383 -25.465927
v 17.038819 -144.202768 -25.465927
v 17.038819 -138.555153 -25.465927
v 17.038819 -132.907537 -25.465927
v 17.038819 -127.259922 -25.465927
v 17.038819 -121.612307 -25.465927
v 17.038819 -115.964691 -25.465927
v 17.038819 -110.317076 -25.465927
v 17.038819 -104.669461 -25.465927
v 17.038819 -99.021845 -25.465927
v 17.038819 -93.374230 -25.465927
v 17.038819 -87.726615 -25.465927
v 17.038819 -82.078999 -25.465927
v 17.038819 -76.431384 -25.465927
v 17.038819 -70.783769 -25.465927
v 17.038819 -65.136153 -25.465927
v 17.038819 -59.488538 -25.465927
v 17.038819 -53.840922 -25.465927
v 17.038819 -48.193307 -25.465927
v 17.038819 -42.545692 -25.465927
v 17.038819 -36.898076 -25.465927
v 17.038819 -31.250461 -25.465927
v 17.038819 -25.602846 -25.465927
v 17.038819 -19.955230 -25.465927
v 17.038819 -14.307615 -25.465927
v 73.350001 -8.660002 -23.500000
v 73.350001 -19.955387 -23.500000
v 73.350001 -31.250771 -23.500000
v 73.350001 -42.546156 -23.500000
v 73.350001 -53.841541 -23.500000
v 73.350001 -65.136925 -23.500000
v 73.350001 -76.432310 -23.500000
v 73.350001 -87.727695 -23.500000
v 73.350001 -99.023079 -23.500000
v 73.350001 -110.318464 -23.500000
v 73.350001 -121.613848 -23.500000
v 73.350001 -132.909233 -23.500000
v 73.350001 -144.204618 -23.500000
v 73.350001 -155.500002 -23.500000
v 74.350001 -155.500002 -23.500000
v 74.350001 -144.204618 -23.500000
v 74.350001 -132.909233 -23.500000
v 74.350001 -121.613848 -23.500000
v 74.350001 -110.318464 -23.500000
v 74.350001 -99.023079 -23.500000
v 74.350001 -87.727695 -23.500000
v 74.350001 -76.432310 -23.500000
v 74.350001 -65.136925 -23.500000
v 74.350001 -53.841541 -23.500000
v 74.350001 -42.546156 -23.500000
v 74.350001 -31.250771 -23.500000
v 74.350001 -19.955387 -23.500000
v 74.350001 -8.660002 -23.500000
v 73.091182 -8.660002 -23.534074
v 72.850001 -8.660002 -23.633975
v 72.642894 -8.660002 -23.792893
v 72.483976 -8.660002 -24.000000
v 72.384075 -8.660002 -24.241181
v 72.350001 -8.660002 -24.500000
v 72.384075 -8.660002 -24.758819
v 72.483976 -8.660002 -25.000000
v 72.642894 -8.660002 -25.207107
v 72.850001 -8.660002 -25.366025
v 73.091182 -8.660002 -25.465926
v 73.350001 -8.660002 -25.500000
v 73.350001 -19.955387 -25.500000
v 73.350001 -31.250771 -25.500000
v 73.350001 -42.546156 -25.500000
v 73.350001 -53.841541 -25.500000
v 73.350001 -65.136925 -25.500000
v 73.350001 -76.432310 -25.500000
v 73.350001 -87.727695 -25.500000
v 73.350001 -99.023079 -25.500000
v 73.350001 -110.318464 -25.500000
v 73.350001 -121.613848 -25.500000
v 73.350001 -132.909233 -25.500000
v 73.350001 -144.204618 -25.500000
v 73.350001 -155.500002 -25.500000
v 73.091182 -155.500002 -25.465926
v 72.850001 -155.500002 -25.366025
v 72.642894 -155.500002 -25.207107
v 72.483976 -155.500002 -25.000000
v 72.384075 -155.500002 -24.758819
v 72.350001 -155.500002 -24.500000
v 72.384075 -155.500002 -24.241181
v 72.483976 -155.500002 -24.000000
v 72.642894 -155.500002 -23.792893
v 72.850001 -155.500002 -23.633975
v 73.091182 -155.500002 -23.534074
v 73.091182 -14.307695 -23.534074
v 73.091182 -19.955387 -23.534074
v 73.091182 -25.603079 -23.534074
v 73.091182 -31.250771 -23.534074
v 73.091182 -36.898464 -23.534074
v 73.091182 -42.546156 -23.534074
v 73.091182 -48.193848 -23.534074
v 73.091182 -53.841541 -23.534074
v 73.091182 -59.489233 -23.534074
v 73.091182 -65.136925 -23.534074
v 73.091182 -70.784618 -23.534074
v 73.091182 -76.432310 -23.534074
v 73.091182 -82.080002 -23.534074
v 73.091182 -87.727695 -23.534074
v 73.091182 -93.375387 -23.534074
v 73.091182 -99.023079 -23.534074
v 73.091182 -104.670771 -23.534074
v 73.091182 -110.318464 -23.534074
v 73.091182 -115.966156 -23.534074
v 73.091182 -121.613848 -23.534074
v 73.091182 -127.261541 -23.534074
v 73.091182 -132.909233 -23.534074
v 73.091182 -138.556925 -23.534074
v 73.091182 -144.204618 -23.534074
v 73.091182 -149.852310 -23.534074
v 72.850001 -14.307695 -23.633975
v 72.850001 -19.955387 -23.633975
v 72.850001 -25.603079 -23.633975
v 72.850001 -31.250771 -23.633975
v 72.850001 -36.898464 -23.633975
v 72.850001 -42.546156 -23.633975
v 72.850001 -48.193848 -23.633975
v 72.850001 -53.841541 -23.633975
v 72.850001 -59.489233 -23.633975
v 72.850001 -65.136925 -23.633975
v 72.850001 -70.784618 -23.633975
v 72.850001 -76.432310 -23.633975
v 72.850001 -82.080002 -23.633975
v 72.850001 -87.727695 -23.633975
v 72.850001 -93.375387 -23.633975
v 72.850001 -99.023079 -23.633975
v 72.850001 -104.670771 -23.633975
v 72.850001 -110.318464 -23.633975
v 72.850001 -115.966156 -23.633975
v 72.850001 -121.613848 -23.633975
v 72.850001 -127.261541 -23.633975
v 72.850001 -132.909233 -23.633975
v 72.850001 -138.556925 -23.633975
v 72.850001 -144.204618 -23.633975
v 72.850001 -149.852310 -23.633975
v 72.642894 -14.307695 -23.792893
v 72.642894 -19.955387 -23.792893
v 72.642894 -25.603079 -23.792893
v 72.642894 -31.250771 -23.792893
v 72.642894 -36.898464 -23.792893
v 72.642894 -42.546156 -23.792893
v 72.642894 -48.193848 -23.792893
v 72.642894 -53.841541 -23.792893
v 72.642894 -59.489233 -23.792893
v 72.642894 -65.136925 -23.792893
v 72.642894 -70.784618 -23.792893
v 72.642894 -76.432310 -23.792893
v 72.642894 -82.080002 -23.792893
v 72.642894 -87.727695 -23.792893
v 72.642894 -93.375387 -23.792893
v 72.642894 -99.023079 -23.792893
v 72.642894 -104.670771 -23.792893
v 72.642894 -110.318464 -23.792893
v 72.642894 -115.966156 -23.792893
v 72.642894 -121.613848 -23.792893
v 72.642894 -127.261541 -23.792893
v 72.642894 -132.909233 -23.792893
v 72.642894 -138.556925 -23.792893
v 72.642894 -144.204618 -23.792893
v 72.642894 -149.852310 -23.792893
v 72.483976 -14.307695 -24.000000
v 72.483976 -19.955387 -24.000000
v 72.483976 -25.603079 -24.000000
v 72.483976 -31.250771 -24.000000
v 72.483976 -36.898464 -24.000000
v 72.483976 -42.546156 -24.000000
v 72.483976 -48.193848 -24.000000
v 72.483976 -53.841541 -24.000000
v 72.483976 -59.489233 -24.000000
v 72.483976 -65.136925 -24.000000
v 72.483976 -70.784618 -24.000000
v 72.483976 -76.432310 -24.000000
v 72.483976 -82.080002 -24.000000
v 72.483976 -87.727695 -24.000000
v 72.483976 -93.375387 -24.000000
v 72.483976 -99.023079 -24.000000
v 72.483976 -104.670771 -24.000000
v 72.483976 -110.318464 -24.000000
v 72.483976 -115.966156 -24.000000
v 72.483976 -121.613848 -24.000000
v 72.483976 -127.261541 -24.000000
v 72.483976 -132.909233 -24.000000
v 72.483976 -138.556925 -24.000000
v 72.483976 -144.204618 -24.000000
v 72.483976 -149.852310 -24.000000
v 72.384075 -14.307695 -24.241181
v 72.384075 -19.955387 -24.241181
v 72.384075 -25.603079 -24.241181
v 72.384075 -31.250771 -24.241181
v 72.384075 -36.898464 -24.241181
v 72.384075 -42.546156 -24.241181
v 72.384075 -48.193848 -24.241181
v 72.384075 -53.841541 -24.241181
v 72.384075 -59.489233 -24.241181
v 72.384075 -65.136925 -24.241181
v 72.384075 -70.784618 -24.241181
v 72.384075 -76.432310 -24.241181
v 72.384075 -82.080002 -24.241181
v 72.384075 -87.727695 -24.241181
v 72.384075 -93.375387 -24.241181
v 72.384075 -99.023079 -24.241181
v 72.384075 -104.670771 -24.241181
v 72.384075 -110.318464 -24.241181
v 72.384075 -115.966156 -24.241181
v 72.384075 -121.613848 -24.241181
v 72.384075 -127.261541 -24.241181
v 72.384075 -132.909233 -24.241181
v 72.384075 -138.556925 -24.241181
v 72.384075 -144.204618 -24.241181
v 72.384075 -149.852310 -24.241181
v 72.350001 -14.307695 -24.500000
v 72.350001 -19.955387 -24.500000
v 72.350001 -25.603079 -24.500000
v 72.350001 -31.250771 -24.500000
v 72.350001 -36.898464 -24.500000
v 72.350001 -42.546156 -24.500000
v 72.350001 -48.193848 -24.500000
v 72.350001 -53.841541 -24.500000
v 72.350001 -59.489233 -24.500000
v 72.350001 -65.136925 -24.500000
v 72.350001 -70.784618 -24.500000
v 72.350001 -76.432310 -24.500000
v 72.350001 -82.080002 -24.500000
v 72.350001 -87.727695 -24.500000
v 72.350001 -93.375387 -24.500000
v 72.350001 -99.023079 -24.500000
v 72.350001 -104.670771 -24.500000
v 72.350001 -110.318464 -24.500000
v 72.350001 -115.966156 -24.500000
v 72.350001 -121.613848 -24.500000
v 72.350001 -127.261541 -24.500000
v 72.350001 -132.909233 -24.500000
v 72.350001 -138.556925 -24.500000
v 72.350001 -144.204618 -24.500000
v 72.350001 -149.852310 -24.500000
v 72.384075 -14.307695 -24.758819
v 72.384075 -19.955387 -24.758819
v 72.384075 -25.603079 -24.758819
v 72.384075 -31.250771 -24.758819
v 72.384075 -36.898464 -24.758819
v 72.384075 -42.546156 -24.758819
v 72.384075 -48.193848 -24.758819
v 72.384075 -53.841541 -24.758819
v 72.384075 -59.489233 -24.758819
v 72.384075 -65.136925 -24.758819
v 72.384075 -70.784618 -24.758819
v 72.384075 -76.432310 -24.758819
v 72.384075 -82.080002 -24.758819
v 72.384075 -87.727695 -24.758819
v 72.384075 -93.375387 -24.758819
v 72.384075 -99.023079 -24.758819
v 72.384075 -104.670771 -24.758819
v 72.384075 -110.318464 -24.758819
v 72.384075 -115.966156 -24.758819
v 72.384075 -121.613848 -24.758819
v 72.384075 -127.261541 -24.758819
v 72.384075 -132.909233 -24.758819
v 72.384075 -138.556925 -24.758819
v 72.384075 -144.204618 -24.758819
v 72.384075 -149.852310 -24.758819
v 72.483976 -14.307695 -25.000000
v 72.483976 -19.955387 -25.000000
v 72.483976 -25.603079 -25.000000
v 72.483976 -31.250771 -25.000000
v 72.483976 -36.898464 -25.000000
v 72.483976 -42.546156 -25.000000
v 72.483976 -48.193848 -25.000000
v 72.483976 -53.841541 -25.000000
v 72.483976 -59.489233 -25.000000
v 72.483976 -65.136925 -25.000000
v 72.483976 -70.784618 -25.000000
v 72.483976 -76.432310 -25.000000
v 72.483976 -82.080002 -25.000000
v 72.483976 -87.727695 -25.000000
v 72.483976 -93.375387 -25.000000
v 72.483976 -99.023079 -25.000000
v 72.483976 -104.670771 -25.000000
v 72.483976 -110.318464 -25.000000
v 72.483976 -115.966156 -25.000000
v 72.483976 -121.613848 -25.000000
v 72.483976 -127.261541 -25.000000
v 72.483976 -132.909233 -25.000000
v 72.483976 -138.556925 -25.000000
v 72.483976 -144.204618 -25.000000
v 72.483976 -149.852310 -25.000000
v 72.642894 -14.307695 -25.207107
v 72.642894 -19.955387 -25.207107
v 72.642894 -25.603079 -25.207107
v 72.642894 -31.250771 -25.207107
v 72.642894 -36.898464 -25.207107
v 72.642894 -42.546156 -25.207107
v 72.642894 -48.193848 -25.207107
v 72.642894 -53.841541 -25.207107
v 72.642894 -59.489233 -25.207107
v 72.642894 -65.136925 -25.207107
v 72.642894 -70.784618 -25.207107
v 72.642894 -76.432310 -25.207107
v 72.642894 -82.080002 -25.207107
v 72.642894 -87.727695 -25.207107
v 72.642894 -93.375387 -25.207107
v 72.642894 -99.023079 -25.207107
v 72.642894 -104.670771 -25.207107
v 72.642894 -110.318464 -25.207107
v 72.642894 -115.966156 -25.207107
v 72.642894 -121.613848 -25.207107
v 72.642894 -127.261541 -25.207107
v 72.642894 -132.909233 -25.207107
v 72.642894 -138.556925 -25.207107
v 72.642894 -144.204618 -25.207107
v 72.642894 -149.852310 -25.207107
v 72.850001 -14.307695 -25.366025
v 72.850001 -19.955387 -25.366025
v 72.850001 -25.603079 -25.366025
v 72.850001 -31.250771 -25.366025
v 72.850001 -36.898464 -25.366025
v 72.850001 -42.546156 -25.366025
v 72.850001 -48.193848 -25.366025
v 72.850001 -53.841541 -25.366025
v 72.850001 -59.489233 -25.366025
v 72.850001 -65.136925 -25.366025
v 72.850001 -70.784618 -25.366025
v 72.850001 -76.432310 -25.366025
v 72.850001 -82.080002 -25.366025
v 72.850001 -87.727695 -25.366025
v 72.850001 -93.375387 -25.366025
v 72.850001 -99.023079 -25.366025
v 72.850001 -104.670771 -25.366025
v 72.850001 -110.318464 -25.366025
v 72.850001 -115.966156 -25.366025
v 72.850001 -121.613848 -25.366025
v 72.850001 -127.261541 -25.366025
v 72.850001 -132.909233 -25.366025
v 72.850001 -138.556925 -25.366025
v 72.850001 -144.204618 -25.366025
v 72.850001 -149.852310 -25.366025
v 73.091182 -14.307695 -25.465926
v 73.091182 -19.955387 -25.465926
v 73.091182 -25.603079 -25.465926
v 73.091182 -31.250771 -25.465926
v 73.091182 -36.898464 -25.465926
v 73.091182 -42.546156 -25.465926
v 73.091182 -48.193848 -25.465926
v 73.091182 -53.841541 -25.465926
v 73.091182 -59.489233 -25.465926
v 73.091182 -65.136925 -25.465926
v 73.091182 -70.784618 -25.465926
v 73.091182 -76.432310 -25.465926
v 73.091182 -82.080002 -25.465926
v 73.091182 -87.727695 -25.465926
v 73.091182 -93.375387 -25.465926
v 73.091182 -99.023079 -25.465926
v 73.091182 -104.670771 -25.465926
v 73.091182 -110.318464 -25.465926
v 73.091182 -115.966156 -25.465926
v 73.091182 -121.613848 -25.465926
v 73.091182 -127.261541 -25.465926
v 73.091182 -132.909233 -25.465926
v 73.091182 -138.556925 -25.465926
v 73.091182 -144.204618 -25.465926
v 73.091182 -149.852310 -25.465926
v 74.350001 -8.660002 -25.500000
v 74.350001 -19.955387 -25.500000
v 74.350001 -31.250771 -25.500000
v 74.350001 -42.546156 -25.500000
v 74.350001 -53.841541 -25.500000
v 74.350001 -65.136925 -25.500000
v 74.350001 -76.432310 -25.500000
v 74.350001 -87.727695 -25.500000
v 74.350001 -99.023079 -25.500000
v 74.350001 -110.318464 -25.500000
v 74.350001 -121.613848 -25.500000
v 74.350001 -132.909233 -25.500000
v 74.350001 -144.204618 -25.500000
v 74.350001 -155.500002 -25.500000
v 74.350001 -155.500002 -4.000000
v 74.350001 -144.204617 -4.000000
v 74.350001 -132.909233 -4.000000
v 74.350001 -121.613848 -4.000000
v 74.350001 -110.318463 -4.000000
v 74.350001 -99.023078 -4.000000
v 74.350001 -87.727693 -4.000000
v 74.350001 -76.432309 -4.000000
v 74.350001 -65.136924 -4.000000
v 74.350001 -53.841539 -4.000000
v 74.350001 -42.546154 -4.000000
v 74.350001 -31.250769 -4.000000
v 74.350001 -19.955384 -4.000000
v 74.350001 -19.955384 -27.500000
v 74.350001 -31.250769 -27.500000
v 74.350001 -42.546154 -27.500000
v 74.350001 -53.841539 -27.500000
v 74.350001 -65.136924 -27.500000
v 74.350001 -76.432309 -27.500000
v 74.350001 -87.727693 -27.500000
v 74.350001 -99.023078 -27.500000
v 74.350001 -110.318463 -27.500000
v 74.350001 -121.613848 -27.500000
v 74.350001 -132.909233 -27.500000
v 74.350001 -144.204617 -27.500000
v 74.350001 -155.500002 -27.500000
v 74.350001 -155.500002 -13.750000
v 74.350001 -19.955384 -15.750000
v 74.350001 -31.250769 -15.750000
v 74.350001 -42.546154 -15.750000
v 74.350001 -53.841539 -15.750000
v 74.350001 -65.136924 -15.750000
v 74.350001 -76.432309 -15.750000
v 74.350001 -87.727693 -15.750000
v 74.350001 -99.023078 -15.750000
v 74.350001 -110.318463 -15.750000
v 74.350001 -121.613848 -15.750000
v 74.350001 -132.909233 -15.750000
v 74.350001 -144.204617 -15.750000
v 25.541666 -155.500002 -4.000000
v 35.303333 -155.500002 -4.000000
v 45.065000 -155.500002 -4.000000
v 54.826667 -155.500002 -4.000000
v 64.588334 -155.500002 -4.000000
v 64.588334 -155.500002 -27.500000
v 54.826667 -155.500002 -27.500000
v 45.065000 -155.500002 -27.500000
v 35.303333 -155.500002 -27.500000
v 25.541666 -155.500002 -27.500000
v 64.588334 -155.500002 -15.750000
v 54.826667 -155.500002 -15.750000
v 45.065000 -155.500002 -15.750000
v 35.303333 -155.500002 -15.750000
v 25.541666 -155.500002 -15.750000
v 65.255001 -158.500002 -27.500000
v 55.160000 -158.500002 -27.500000
v 45.065000 -158.500002 -27.500000
v 34.970000 -158.500002 -27.500000
v 24.875000 -158.500002 -27.500000
v 12.779999 -145.868573 -27.500000
v 12.779999 -135.237145 -27.500000
v 12.779999 -124.605716 -27.500000
v 12.779999 -113.974287 -27.500000
v 12.779999 -103.342858 -27.500000
v 12.779999 -92.711430 -27.500000
v 12.779999 -82.080001 -27.500000
v 12.779999 -71.448572 -27.500000
v 12.779999 -60.817143 -27.500000
v 12.779999 -50.185715 -27.500000
v 12.779999 -39.554286 -27.500000
v 12.779999 -28.922857 -27.500000
v 12.779999 -18.291428 -27.500000
v 12.779999 -18.291428 -10.500000
v 12.779999 -28.922857 -10.500000
v 12.779999 -39.554286 -10.500000
v 12.779999 -50.185715 -10.500000
v 12.779999 -60.817143 -10.500000
v 12.779999 -71.448572 -10.500000
v 12.779999 -82.080001 -10.500000
v 12.779999 -92.711430 -10.500000
v 12.779999 -103.342858 -10.500000
v 12.779999 -113.974287 -10.500000
v 12.779999 -124.605716 -10.500000
v 12.779999 -135.237145 -10.500000
v 12.779999 -145.868573 -10.500000
v 12.779999 -18.291428 -19.000000
v 12.779999 -28.922857 -19.000000
v 12.779999 -39.554286 -19.000000
v 12.779999 -50.185715 -19.000000
v 12.779999 -60.817143 -19.000000
v 12.779999 -71.448572 -19.000000
v 12.779999 -82.080001 -19.000000
v 12.779999 -92.711430 -19.000000
v 12.779999 -103.342858 -19.000000
v 12.779999 -113.974287 -19.000000
v 12.779999 -124.605716 -19.000000
v 12.779999 -135.237145 -19.000000
v 12.779999 -145.868573 -19.000000
v 24.875000 -158.500002 -10.500000
v 34.970000 -158.500002 -10.500000
v 45.065000 -158.500002 -10.500000
v 55.160000 -158.500002 -10.500000
v 65.255001 -158.500002 -10.500000
v 24.875000 -158.500002 -19.000000
v 34.970000 -158.500002 -19.000000
v 45.065000 -158.500002 -19.000000
v 55.160000 -158.500002 -19.000000
v 65.255001 -158.500002 -19.000000
v 24.698865 -144.650002 -4.000000
v 24.736385 -144.934997 -4.000000
v 24.846389 -145.200570 -4.000000
v 25.021380 -145.428623 -4.000000
v 25.249432 -145.603614 -4.000000
v 25.515005 -145.713618 -4.000000
v 25.800000 -145.751138 -4.000000
v 26.084995 -145.713618 -4.000000
v 26.350568 -145.603614 -4.000000
v 26.578621 -145.428623 -4.000000
v 26.753612 -145.200570 -4.000000
v 26.863616 -144.934997 -4.000000
v 26.901136 -144.650002 -4.000000
v 26.863616 -144.365007 -4.000000
v 26.753612 -144.099434 -4.000000
v 26.578621 -143.871382 -4.000000
v 26.350568 -143.696391 -4.000000
v 26.084995 -143.586387 -4.000000
v 25.800000 -143.548866 -4.000000
v 25.515005 -143.586387 -4.000000
v 25.249432 -143.696391 -4.000000
v 25.021380 -143.871382 -4.000000
v 24.846389 -144.099434 -4.000000
v 24.736385 -144.365007 -4.000000
v 24.059120 -17.900000 -4.000000
v 24.096291 -18.182341 -4.000000
v 24.205270 -18.445441 -4.000000
v 24.378631 -18.671369 -4.000000
v 24.604560 -18.844731 -4.000000
v 24.867660 -18.953710 -4.000000
v 25.150000 -18.990881 -4.000000
v 25.432341 -18.953710 -4.000000
v 25.695441 -18.844731 -4.000000
v 25.921369 -18.671369 -4.000000
v 26.094731 -18.445441 -4.000000
v 26.203710 -18.182341 -4.000000
v 26.240881 -17.900000 -4.000000
v 26.203710 -17.617660 -4.000000
v 26.094731 -17.354560 -4.000000
v 25.921369 -17.128631 -4.000000
v 25.695441 -16.955270 -4.000000
v 25.432341 -16.846291 -4.000000
v 25.150000 -16.809120 -4.000000
v 24.867660 -16.846291 -4.000000
v 24.604560 -16.955270 -4.000000
v 24.378631 -17.128631 -4.000000
v 24.205270 -17.354560 -4.000000
v 24.096291 -17.617660 -4.000000
v 57.095465 -144.500002 -4.000000
v 57.133101 -144.785877 -4.000000
v 57.243445 -145.052270 -4.000000
v 57.418976 -145.281027 -4.000000
v 57.647733 -145.456558 -4.000000
v 57.914126 -145.566902 -4.000000
v 58.200001 -145.604538 -4.000000
v 58.485876 -145.566902 -4.000000
v 58.752269 -145.456558 -4.000000
v 58.981026 -145.281027 -4.000000
v 59.156557 -145.052270 -4.000000
v 59.266901 -144.785877 -4.000000
v 59.304537 -144.500002 -4.000000
v 59.266901 -144.214127 -4.000000
v 59.156557 -143.947734 -4.000000
v 58.981026 -143.718977 -4.000000
v 58.752269 -143.543446 -4.000000
v 58.485876 -143.433102 -4.000000
v 58.200001 -143.395466 -4.000000
v 57.914126 -143.433102 -4.000000
v 57.647733 -143.543446 -4.000000
v 57.418976 -143.718977 -4.000000
v 57.243445 -143.947734 -4.000000
v 57.133101 -144.214127 -4.000000
v 64.588334 -19.955384 -4.000000
v 25.541666 -19.955384 -4.000000
v 25.541666 -146.002482 -4.000000
v 25.541666 -132.909233 -4.000000
v 35.303333 -132.909233 -4.000000
v 45.065000 -132.909233 -4.000000
v 54.826667 -132.909233 -4.000000
v 64.588334 -132.909233 -4.000000
v 64.588334 -144.210772 -4.000000
v 54.826667 -144.205420 -4.000000
v 45.065000 -144.168566 -4.000000
v 35.303333 -144.131712 -4.000000
v 25.541666 -121.613848 -4.000000
v 35.303333 -121.613848 -4.000000
v 45.065000 -121.613848 -4.000000
v 54.826667 -121.613848 -4.000000
v 64.588334 -121.613848 -4.000000
v 25.541666 -110.318463 -4.000000
v 35.303333 -110.318463 -4.000000
v 45.065000 -110.318463 -4.000000
v 54.826667 -110.318463 -4.000000
v 64.588334 -110.318463 -4.000000
v 25.541666 -99.023078 -4.000000
v 35.303333 -99.023078 -4.000000
v 45.065000 -99.023078 -4.000000
v 54.826667 -99.023078 -4.000000
v 64.588334 -99.023078 -4.000000
v 25.541666 -87.727693 -4.000000
v 35.303333 -87.727693 -4.000000
v 45.065000 -87.727693 -4.000000
v 54.826667 -87.727693 -4.000000
v 64.588334 -87.727693 -4.000000
v 25.541666 -76.432309 -4.000000
v 35.303333 -76.432309 -4.000000
v 45.065000 -76.432309 -4.000000
v 54.826667 -76.432309 -4.000000
v 64.588334 -76.432309 -4.000000
v 25.541666 -65.136924 -4.000000
v 35.303333 -65.136924 -4.000000
v 45.065000 -65.136924 -4.000000
v 54.826667 -65.136924 -4.000000
v 64.588334 -65.136924 -4.000000
v 25.541666 -53.841539 -4.000000
v 35.303333 -53.841539 -4.000000
v 45.065000 -53.841539 -4.000000
v 54.826667 -53.841539 -4.000000
v 64.588334 -53.841539 -4.000000
v 25.541666 -42.546154 -4.000000
v 35.303333 -42.546154 -4.000000
v 45.065000 -42.546154 -4.000000
v 54.826667 -42.546154 -4.000000
v 64.588334 -42.546154 -4.000000
v 25.541666 -31.250769 -4.000000
v 35.303333 -31.250769 -4.000000
v 45.065000 -31.250769 -4.000000
v 54.826667 -31.250769 -4.000000
v 64.588334 -31.250769 -4.000000
v 35.303333 -19.955384 -4.000000
v 45.065000 -19.955384 -4.000000
v 54.826667 -19.955384 -4.000000
v 64.588334 -19.350511 -4.000000
v 54.826667 -18.999885 -4.000000
v 45.065000 -18.996923 -4.000000
v 35.303333 -18.993961 -4.000000
v 25.541666 -18.991000 -4.000000
v 35.303333 -145.682307 -4.000000
v 45.065000 -145.649152 -4.000000
v 54.826667 -145.615996 -4.000000
v 57.848865 -17.900000 -24.000000
v 57.886385 -18.184995 -24.000000
v 57.996389 -18.450568 -24.000000
v 58.171380 -18.678621 -24.000000
v 58.399433 -18.853612 -24.000000
v 58.665006 -18.963616 -24.000000
v 58.950001 -19.001136 -24.000000
v 59.234996 -18.963616 -24.000000
v 59.500569 -18.853612 -24.000000
v 59.728621 -18.678621 -24.000000
v 59.903612 -18.450568 -24.000000
v 60.013616 -18.184995 -24.000000
v 60.051137 -17.900000 -24.000000
v 60.013616 -17.615005 -24.000000
v 59.903612 -17.349432 -24.000000
v 59.728621 -17.121380 -24.000000
v 59.500569 -16.946389 -24.000000
v 59.234996 -16.836385 -24.000000
v 58.950001 -16.798864 -24.000000
v 58.665006 -16.836385 -24.000000
v 58.399433 -16.946389 -24.000000
v 58.171380 -17.121380 -24.000000
v 57.996389 -17.349432 -24.000000
v 57.886385 -17.615005 -24.000000
v 57.848865 -17.900000 -19.750000
v 57.886385 -17.615005 -19.750000
v 57.996389 -17.349432 -19.750000
v 58.171380 -17.121380 -19.750000
v 58.399433 -16.946389 -19.750000
v 58.665006 -16.836385 -19.750000
v 58.950001 -16.798864 -19.750000
v 59.234996 -16.836385 -19.750000
v 59.500569 -16.946389 -19.750000
v 59.728621 -17.121380 -19.750000
v 59.903612 -17.349432 -19.750000
v 60.013616 -17.615005 -19.750000
v 60.051137 -17.900000 -19.750000
v 60.013616 -18.184995 -19.750000
v 59.903612 -18.450568 -19.750000
v 59.728621 -18.678621 -19.750000
v 59.500569 -18.853612 -19.750000
v 59.234996 -18.963616 -19.750000
v 58.950001 -19.001136 -19.750000
v 58.665006 -18.963616 -19.750000
v 58.399433 -18.853612 -19.750000
v 58.171380 -18.678621 -19.750000
v 57.996389 -18.450568 -19.750000
v 57.886385 -18.184995 -19.750000
v 23.650000 -17.900000 -15.500000
v 23.701112 -17.511772 -15.500000
v 23.850962 -17.150000 -15.500000
v 24.089340 -16.839340 -15.500000
v 24.400000 -16.600962 -15.500000
v 24.761772 -16.451112 -15.500000
v 25.150000 -16.400000 -15.500000
v 25.538229 -16.451112 -15.500000
v 25.900000 -16.600962 -15.500000
v 26.210661 -16.839340 -15.500000
v 26.449038 -17.150000 -15.500000
v 26.598889 -17.511772 -15.500000
v 26.650000 -17.900000 -15.500000
v 26.598889 -18.288229 -15.500000
v 26.449038 -18.650000 -15.500000
v 26.210661 -18.960660 -15.500000
v 25.900000 -19.199038 -15.500000
v 25.538229 -19.348889 -15.500000
v 25.150000 -19.400000 -15.500000
v 24.761772 -19.348889 -15.500000
v 24.400000 -19.199038 -15.500000
v 24.089340 -18.960660 -15.500000
v 23.850962 -18.650000 -15.500000
v 23.701112 -18.288229 -15.500000
v 24.059120 -17.900000 -15.500000
v 24.096291 -18.182341 -15.500000
v 24.205270 -18.445441 -15.500000
v 24.378631 -18.671369 -15.500000
v 24.604560 -18.844731 -15.500000
v 24.867660 -18.953710 -15.500000
v 25.150000 -18.990881 -15.500000
v 25.432341 -18.953710 -15.500000
v 25.695441 -18.844731 -15.500000
v 25.921369 -18.671369 -15.500000
v 26.094731 -18.445441 -15.500000
v 26.203710 -18.182341 -15.500000
v 26.240881 -17.900000 -15.500000
v 26.203710 -17.617660 -15.500000
v 26.094731 -17.354560 -15.500000
v 25.921369 -17.128631 -15.500000
v 25.695441 -16.955270 -15.500000
v 25.432341 -16.846291 -15.500000
v 25.150000 -16.809120 -15.500000
v 24.867660 -16.846291 -15.500000
v 24.604560 -16.955270 -15.500000
v 24.378631 -17.128631 -15.500000
v 24.205270 -17.354560 -15.500000
v 24.096291 -17.617660 -15.500000
v 23.650000 -17.900000 -14.000000
v 23.701112 -18.288229 -14.000000
v 23.850962 -18.650000 -14.000000
v 24.089340 -18.960660 -14.000000
v 24.400000 -19.199038 -14.000000
v 24.761772 -19.348889 -14.000000
v 25.150000 -19.400000 -14.000000
v 25.538229 -19.348889 -14.000000
v 25.900000 -19.199038 -14.000000
v 26.210661 -18.960660 -14.000000
v 26.449038 -18.650000 -14.000000
v 26.598889 -18.288229 -14.000000
v 26.650000 -17.900000 -14.000000
v 26.598889 -17.511772 -14.000000
v 26.449038 -17.150000 -14.000000
v 26.210661 -16.839340 -14.000000
v 25.900000 -16.600962 -14.000000
v 25.538229 -16.451112 -14.000000
v 25.150000 -16.400000 -14.000000
v 24.761772 -16.451112 -14.000000
v 24.400000 -16.600962 -14.000000
v 24.089340 -16.839340 -14.000000
v 23.850962 -17.150000 -14.000000
v 23.701112 -17.511772 -14.000000
v 24.059120 -17.900000 -14.000000
v 24.096291 -17.617660 -14.000000
v 24.205270 -17.354560 -14.000000
v 24.378631 -17.128631 -14.000000
v 24.604560 -16.955270 -14.000000
v 24.867660 -16.846291 -14.000000
v 25.150000 -16.809120 -14.000000
v 25.432341 -16.846291 -14.000000
v 25.695441 -16.955270 -14.000000
v 25.921369 -17.128631 -14.000000
v 26.094731 -17.354560 -14.000000
v 26.203710 -17.617660 -14.000000
v 26.240881 -17.900000 -14.000000
v 26.203710 -18.182341 -14.000000
v 26.094731 -18.445441 -14.000000
v 25.921369 -18.671369 -14.000000
v 25.695441 -18.844731 -14.000000
v 25.432341 -18.953710 -14.000000
v 25.150000 -18.990881 -14.000000
v 24.867660 -18.953710 -14.000000
v 24.604560 -18.844731 -14.000000
v 24.378631 -18.671369 -14.000000
v 24.205270 -18.445441 -14.000000
v 24.096291 -18.182341 -14.000000
v 24.059120 -17.900000 -9.000000
v 24.096291 -17.617660 -9.000000
v 24.205270 -17.354560 -9.000000
v 24.378631 -17.128631 -9.000000
v 24.604560 -16.955270 -9.000000
v 24.867660 -16.846291 -9.000000
v 25.150000 -16.809120 -9.000000
v 25.432341 -16.846291 -9.000000
v 25.695441 -16.955270 -9.000000
v 25.921369 -17.128631 -9.000000
v 26.094731 -17.354560 -9.000000
v 26.203710 -17.617660 -9.000000
v 26.240881 -17.900000 -9.000000
v 26.203710 -18.182341 -9.000000
v 26.094731 -18.445441 -9.000000
v 25.921369 -18.671369 -9.000000
v 25.695441 -18.844731 -9.000000
v 25.432341 -18.953710 -9.000000
v 25.150000 -18.990881 -9.000000
v 24.867660 -18.953710 -9.000000
v 24.604560 -18.844731 -9.000000
v 24.378631 -18.671369 -9.000000
v 24.205270 -18.445441 -9.000000
v 24.096291 -18.182341 -9.000000
v 24.059120 -17.900000 -24.000000
v 24.096291 -18.182341 -24.000000
v 24.205270 -18.445441 -24.000000
v 24.378631 -18.671369 -24.000000
v 24.604560 -18.844731 -24.000000
v 24.867660 -18.953710 -24.000000
v 25.150000 -18.990881 -24.000000
v 25.432341 -18.953710 -24.000000
v 25.695441 -18.844731 -24.000000
v 25.921369 -18.671369 -24.000000
v 26.094731 -18.445441 -24.000000
v 26.203710 -18.182341 -24.000000
v 26.240881 -17.900000 -24.000000
v 26.203710 -17.617660 -24.000000
v 26.094731 -17.354560 -24.000000
v 25.921369 -17.128631 -24.000000
v 25.695441 -16.955270 -24.000000
v 25.432341 -16.846291 -24.000000
v 25.150000 -16.809120 -24.000000
v 24.867660 -16.846291 -24.000000
v 24.604560 -16.955270 -24.000000
v 24.378631 -17.128631 -24.000000
v 24.205270 -17.354560 -24.000000
v 24.096291 -17.617660 -24.000000
v 24.059120 -17.900000 -19.750000
v 24.096291 -17.617660 -19.750000
v 24.205270 -17.354560 -19.750000
v 24.378631 -17.128631 -19.750000
v 24.604560 -16.955270 -19.750000
v 24.867660 -16.846291 -19.750000
v 25.150000 -16.809120 -19.750000
v 25.432341 -16.846291 -19.750000
v 25.695441 -16.955270 -19.750000
v 25.921369 -17.128631 -19.750000
v 26.094731 -17.354560 -19.750000
v 26.203710 -17.617660 -19.750000
v 26.240881 -17.900000 -19.750000
v 26.203710 -18.182341 -19.750000
v 26.094731 -18.445441 -19.750000
v 25.921369 -18.671369 -19.750000
v 25.695441 -18.844731 -19.750000
v 25.432341 -18.953710 -19.750000
v 25.150000 -18.990881 -19.750000
v 24.867660 -18.953710 -19.750000
v 24.604560 -18.844731 -19.750000
v 24.378631 -18.671369 -19.750000
v 24.205270 -18.445441 -19.750000
v 24.096291 -18.182341 -19.750000
v 56.700001 -144.500002 -15.500000
v 56.751112 -144.111774 -15.500000
v 56.900963 -143.750002 -15.500000
v 57.139341 -143.439342 -15.500000
v 57.450001 -143.200964 -15.500000
v 57.811772 -143.051113 -15.500000
v 58.200001 -143.000002 -15.500000
v 58.588229 -143.051113 -15.500000
v 58.950001 -143.200964 -15.500000
v 59.260661 -143.439342 -15.500000
v 59.499039 -143.750002 -15.500000
v 59.648890 -144.111774 -15.500000
v 59.700001 -144.500002 -15.500000
v 59.648890 -144.888231 -15.500000
v 59.499039 -145.250002 -15.500000
v 59.260661 -145.560662 -15.500000
v 58.950001 -145.799040 -15.500000
v 58.588229 -145.948891 -15.500000
v 58.200001 -146.000002 -15.500000
v 57.811772 -145.948891 -15.500000
v 57.450001 -145.799040 -15.500000
v 57.139341 -145.560662 -15.500000
v 56.900963 -145.250002 -15.500000
v 56.751112 -144.888231 -15.500000
v 57.095465 -144.500002 -15.500000
v 57.133101 -144.785877 -15.500000
v 57.243445 -145.052270 -15.500000
v 57.418976 -145.281027 -15.500000
v 57.647733 -145.456558 -15.500000
v 57.914126 -145.566902 -15.500000
v 58.200001 -145.604538 -15.500000
v 58.485876 -145.566902 -15.500000
v 58.752269 -145.456558 -15.500000
v 58.981026 -145.281027 -15.500000
v 59.156557 -145.052270 -15.500000
v 59.266901 -144.785877 -15.500000
v 59.304537 -144.500002 -15.500000
v 59.266901 -144.214127 -15.500000
v 59.156557 -143.947734 -15.500000
v 58.981026 -143.718977 -15.500000
v 58.752269 -143.543446 -15.500000
v 58.485876 -143.433102 -15.500000
v 58.200001 -143.395466 -15.500000
v 57.914126 -143.433102 -15.500000
v 57.647733 -143.543446 -15.500000
v 57.418976 -143.718977 -15.500000
v 57.243445 -143.947734 -15.500000
v 57.133101 -144.214127 -15.500000
v 56.700001 -144.500002 -14.000000
v 56.751112 -144.888231 -14.000000
v 56.900963 -145.250002 -14.000000
v 57.139341 -145.560662 -14.000000
v 57.450001 -145.799040 -14.000000
v 57.811772 -145.948891 -14.000000
v 58.200001 -146.000002 -14.000000
v 58.588229 -145.948891 -14.000000
v 58.950001 -145.799040 -14.000000
v 59.260661 -145.560662 -14.000000
v 59.499039 -145.250002 -14.000000
v 59.648890 -144.888231 -14.000000
v 59.700001 -144.500002 -14.000000
v 59.648890 -144.111774 -14.000000
v 59.499039 -143.750002 -14.000000
v 59.260661 -143.439342 -14.000000
v 58.950001 -143.200964 -14.000000
v 58.588229 -143.051113 -14.000000
v 58.200001 -143.000002 -14.000000
v 57.811772 -143.051113 -14.000000
v 57.450001 -143.200964 -14.000000
v 57.139341 -143.439342 -14.000000
v 56.900963 -143.750002 -14.000000
v 56.751112 -144.111774 -14.000000
v 57.095465 -144.500002 -14.000000
v 57.133101 -144.214127 -14.000000
v 57.243445 -143.947734 -14.000000
v 57.418976 -143.718977 -14.000000
v 57.647733 -143.543446 -14.000000
v 57.914126 -143.433102 -14.000000
v 58.200001 -143.395466 -14.000000
v 58.485876 -143.433102 -14.000000
v 58.752269 -143.543446 -14.000000
v 58.981026 -143.718977 -14.000000
v 59.156557 -143.947734 -14.000000
v 59.266901 -144.214127 -14.000000
v 59.304537 -144.500002 -14.000000
v 59.266901 -144.785877 -14.000000
v 59.156557 -145.052270 -14.000000
v 58.981026 -145.281027 -14.000000
v 58.752269 -145.456558 -14.000000
v 58.485876 -145.566902 -14.000000
v 58.200001 -145.604538 -14.000000
v 57.914126 -145.566902 -14.000000
v 57.647733 -145.456558 -14.000000
v 57.418976 -145.281027 -14.000000
v 57.243445 -145.052270 -14.000000
v 57.133101 -144.785877 -14.000000
v 57.095465 -144.500002 -9.000000
v 57.133101 -144.214127 -9.000000
v 57.243445 -143.947734 -9.000000
v 57.418976 -143.718977 -9.000000
v 57.647733 -143.543446 -9.000000
v 57.914126 -143.433102 -9.000000
v 58.200001 -143.395466 -9.000000
v 58.485876 -143.433102 -9.000000
v 58.752269 -143.543446 -9.000000
v 58.981026 -143.718977 -9.000000
v 59.156557 -143.947734 -9.000000
v 59.266901 -144.214127 -9.000000
v 59.304537 -144.500002 -9.000000
v 59.266901 -144.785877 -9.000000
v 59.156557 -145.052270 -9.000000
v 58.981026 -145.281027 -9.000000
v 58.752269 -145.456558 -9.000000
v 58.485876 -145.566902 -9.000000
v 58.200001 -145.604538 -9.000000
v 57.914126 -145.566902 -9.000000
v 57.647733 -145.456558 -9.000000
v 57.418976 -145.281027 -9.000000
v 57.243445 -145.052270 -9.000000
v 57.133101 -144.785877 -9.000000
v 57.095465 -144.500002 -24.000000
v 57.133101 -144.785877 -24.000000
v 57.243445 -145.052270 -24.000000
v 57.418976 -145.281027 -24.000000
v 57.647733 -145.456558 -24.000000
v 57.914126 -145.566902 -24.000000
v 58.200001 -145.604538 -24.000000
v 58.485876 -145.566902 -24.000000
v 58.752269 -145.456558 -24.000000
v 58.981026 -145.281027 -24.000000
v 59.156557 -145.052270 -24.000000
v 59.266901 -144.785877 -24.000000
v 59.304537 -144.500002 -24.000000
v 59.266901 -144.214127 -24.000000
v 59.156557 -143.947734 -24.000000
v 58.981026 -143.718977 -24.000000
v 58.752269 -143.543446 -24.000000
v 58.485876 -143.433102 -24.000000
v 58.200001 -143.395466 -24.000000
v 57.914126 -143.433102 -24.000000
v 57.647733 -143.543446 -24.000000
v 57.418976 -143.718977 -24.000000
v 57.243445 -143.947734 -24.000000
v 57.133101 -144.214127 -24.000000
v 57.095465 -144.500002 -19.750000
v 57.133101 -144.214127 -19.750000
v 57.243445 -143.947734 -19.750000
v 57.418976 -143.718977 -19.750000
v 57.647733 -143.543446 -19.750000
v 57.914126 -143.433102 -19.750000
v 58.200001 -143.395466 -19.750000
v 58.485876 -143.433102 -19.750000
v 58.752269 -143.543446 -19.750000
v 58.981026 -143.718977 -19.750000
v 59.156557 -143.947734 -19.750000
v 59.266901 -144.214127 -19.750000
v 59.304537 -144.500002 -19.750000
v 59.266901 -144.785877 -19.750000
v 59.156557 -145.052270 -19.750000
v 58.981026 -145.281027 -19.750000
v 58.752269 -145.456558 -19.750000
v 58.485876 -145.566902 -19.750000
v 58.200001 -145.604538 -19.750000
v 57.914126 -145.566902 -19.750000
v 57.647733 -145.456558 -19.750000
v 57.418976 -145.281027 -19.750000
v 57.243445 -145.052270 -19.750000
v 57.133101 -144.785877 -19.750000
v 24.300000 -144.650002 -15.500000
v 24.351112 -144.261774 -15.500000
v 24.500962 -143.900002 -15.500000
v 24.739340 -143.589342 -15.500000
v 25.050000 -143.350964 -15.500000
v 25.411772 -143.201113 -15.500000
v 25.800000 -143.150002 -15.500000
v 26.188229 -143.201113 -15.500000
v 26.550000 -143.350964 -15.500000
v 26.860661 -143.589342 -15.500000
v 27.099038 -143.900002 -15.500000
v 27.248889 -144.261774 -15.500000
v 27.300000 -144.650002 -15.500000
v 27.248889 -145.038231 -15.500000
v 27.099038 -145.400002 -15.500000
v 26.860661 -145.710662 -15.500000
v 26.550000 -145.949040 -15.500000
v 26.188229 -146.098891 -15.500000
v 25.800000 -146.150002 -15.500000
v 25.411772 -146.098891 -15.500000
v 25.050000 -145.949040 -15.500000
v 24.739340 -145.710662 -15.500000
v 24.500962 -145.400002 -15.500000
v 24.351112 -145.038231 -15.500000
v 24.698865 -144.650002 -15.500000
v 24.736385 -144.934997 -15.500000
v 24.846389 -145.200570 -15.500000
v 25.021380 -145.428623 -15.500000
v 25.249432 -145.603614 -15.500000
v 25.515005 -145.713618 -15.500000
v 25.800000 -145.751138 -15.500000
v 26.084995 -145.713618 -15.500000
v 26.350568 -145.603614 -15.500000
v 26.578621 -145.428623 -15.500000
v 26.753612 -145.200570 -15.500000
v 26.863616 -144.934997 -15.500000
v 26.901136 -144.650002 -15.500000
v 26.863616 -144.365007 -15.500000
v 26.753612 -144.099434 -15.500000
v 26.578621 -143.871382 -15.500000
v 26.350568 -143.696391 -15.500000
v 26.084995 -143.586387 -15.500000
v 25.800000 -143.548866 -15.500000
v 25.515005 -143.586387 -15.500000
v 25.249432 -143.696391 -15.500000
v 25.021380 -143.871382 -15.500000
v 24.846389 -144.099434 -15.500000
v 24.736385 -144.365007 -15.500000
v 24.300000 -144.650002 -14.000000
v 24.351112 -145.038231 -14.000000
v 24.500962 -145.400002 -14.000000
v 24.739340 -145.710662 -14.000000
v 25.050000 -145.949040 -14.000000
v 25.411772 -146.098891 -14.000000
v 25.800000 -146.150002 -14.000000
v 26.188229 -146.098891 -14.000000
v 26.550000 -145.949040 -14.000000
v 26.860661 -145.710662 -14.000000
v 27.099038 -145.400002 -14.000000
v 27.248889 -145.038231 -14.000000
v 27.300000 -144.650002 -14.000000
v 27.248889 -144.261774 -14.000000
v 27.099038 -143.900002 -14.000000
v 26.860661 -143.589342 -14.000000
v 26.550000 -143.350964 -14.000000
v 26.188229 -143.201113 -14.000000
v 25.800000 -143.150002 -14.000000
v 25.411772 -143.201113 -14.000000
v 25.050000 -143.350964 -14.000000
v 24.739340 -143.589342 -14.000000
v 24.500962 -143.900002 -14.000000
v 24.351112 -144.261774 -14.000000
v 24.698865 -144.650002 -14.000000
v 24.736385 -144.365007 -14.000000
v 24.846389 -144.099434 -14.000000
v 25.021380 -143.871382 -14.000000
v 25.249432 -143.696391 -14.000000
v 25.515005 -143.586387 -14.000000
v 25.800000 -143.548866 -14.000000
v 26.084995 -143.586387 -14.000000
v 26.350568 -143.696391 -14.000000
v 26.578621 -143.871382 -14.000000
v 26.753612 -144.099434 -14.000000
v 26.863616 -144.365007 -14.000000
v 26.901136 -144.650002 -14.000000
v 26.863616 -144.934997 -14.000000
v 26.753612 -145.200570 -14.000000
v 26.578621 -145.428623 -14.000000
v 26.350568 -145.603614 -14.000000
v 26.084995 -145.713618 -14.000000
v 25.800000 -145.751138 -14.000000
v 25.515005 -145.713618 -14.000000
v 25.249432 -145.603614 -14.000000
v 25.021380 -145.428623 -14.000000
v 24.846389 -145.200570 -14.000000
v 24.736385 -144.934997 -14.000000
v 24.698865 -144.650002 -9.000000
v 24.736385 -144.365007 -9.000000
v 24.846389 -144.099434 -9.000000
v 25.021380 -143.871382 -9.000000
v 25.249432 -143.696391 -9.000000
v 25.515005 -143.586387 -9.000000
v 25.800000 -143.548866 -9.000000
v 26.084995 -143.586387 -9.000000
v 26.350568 -143.696391 -9.000000
v 26.578621 -143.871382 -9.000000
v 26.753612 -144.099434 -9.000000
v 26.863616 -144.365007 -9.000000
v 26.901136 -144.650002 -9.000000
v 26.863616 -144.934997 -9.000000
v 26.753612 -145.200570 -9.000000
v 26.578621 -145.428623 -9.000000
v 26.350568 -145.603614 -9.000000
v 26.084995 -145.713618 -9.000000
v 25.800000 -145.751138 -9.000000
v 25.515005 -145.713618 -9.000000
v 25.249432 -145.603614 -9.000000
v 25.021380 -145.428623 -9.000000
v 24.846389 -145.200570 -9.000000
v 24.736385 -144.934997 -9.000000
v 24.698865 -144.650002 -24.000000
v 24.736385 -144.934997 -24.000000
v 24.846389 -145.200570 -24.000000
v 25.021380 -145.428623 -24.000000
v 25.249432 -145.603614 -24.000000
v 25.515005 -145.713618 -24.000000
v 25.800000 -145.751138 -24.000000
v 26.084995 -145.713618 -24.000000
v 26.350568 -145.603614 -24.000000
v 26.578621 -145.428623 -24.000000
v 26.753612 -145.200570 -24.000000
v 26.863616 -144.934997 -24.000000
v 26.901136 -144.650002 -24.000000
v 26.863616 -144.365007 -24.000000
v 26.753612 -144.099434 -24.000000
v 26.578621 -143.871382 -24.000000
v 26.350568 -143.696391 -24.000000
v 26.084995 -143.586387 -24.000000
v 25.800000 -143.548866 -24.000000
v 25.515005 -143.586387 -24.000000
v 25.249432 -143.696391 -24.000000
v 25.021380 -143.871382 -24.000000
v 24.846389 -144.099434 -24.000000
v 24.736385 -144.365007 -24.000000
v 24.698865 -144.650002 -19.750000
v 24.736385 -144.365007 -19.750000
v 24.846389 -144.099434 -19.750000
v 25.021380 -143.871382 -19.750000
v 25.249432 -143.696391 -19.750000
v 25.515005 -143.586387 -19.750000
v 25.800000 -143.548866 -19.750000
v 26.084995 -143.586387 -19.750000
v 26.350568 -143.696391 -19.750000
v 26.578621 -143.871382 -19.750000
v 26.753612 -144.099434 -19.750000
v 26.863616 -144.365007 -19.750000
v 26.901136 -144.650002 -19.750000
v 26.863616 -144.934997 -19.750000
v 26.753612 -145.200570 -19.750000
v 26.578621 -145.428623 -19.750000
v 26.350568 -145.603614 -19.750000
v 26.084995 -145.713618 -19.750000
v 25.800000 -145.751138 -19.750000
v 25.515005 -145.713618 -19.750000
v 25.249432 -145.603614 -19.750000
v 25.021380 -145.428623 -19.750000
v 24.846389 -145.200570 -19.750000
v 24.736385 -144.934997 -19.750000
vt 1.414214 2.449490 0.000000
vt -1.414214 2.449490 0.000000
vt 0.000000 0.000000 0.000000
vt 1.414214 -2.449490 0.000000
vt 2.828427 0.000000 0.000000
vt 0.000000 0.000000 0.000000
vt 2.828427 0.000000 0.000000
vt 1.414214 2.449490 0.000000
vt 0.000000 0.000000 0.000000
vt -1.414214 -2.449490 0.000000
vt 1.414214 -2.449490 0.000000
vt 0.000000 0.000000 0.000000
vt 46.427501 1.414214 0.000000
vt 36.332501 1.414214 0.000000
vt 46.427501 -1.414214 0.000000
vt 36.332501 -1.414214 0.000000
vt 26.237501 1.414214 0.000000
vt 26.237501 -1.414214 0.000000
vt 16.142500 1.414214 0.000000
vt 16.142500 -1.414214 0.000000
vt 6.047500 1.414214 0.000000
vt 6.047500 -1.414214 0.000000
vt -4.047500 1.414214 0.000000
vt -4.047500 -1.414214 0.000000
vt -14.142500 1.414214 0.000000
vt -14.142500 -1.414214 0.000000
vt -27.500000 -1.414214 0.000000
vt -19.000000 -1.414214 0.000000
vt -27.500000 1.414214 0.000000
vt -19.000000 1.414214 0.000000
vt -10.500000 -1.414214 0.000000
vt -10.500000 1.414214 0.000000
vt -2.000000 -1.414214 0.000000
vt -2.000000 1.414214 0.000000
vt 1.414214 112.630002 0.000000
vt -1.414214 112.630002 0.000000
vt 1.414214 101.998573 0.000000
vt -1.414214 101.998573 0.000000
vt 1.414214 91.367144 0.000000
vt -1.414214 91.367144 0.000000
vt 1.414214 80.735716 0.000000
vt -1.414214 80.735716 0.000000
vt 1.414214 70.104287 0.000000
vt -1.414214 70.104287 0.000000
vt 1.414214 59.472858 0.000000
vt -1.414214 59.472858 0.000000
vt 1.414214 48.841429 0.000000
vt -1.414214 48.841429 0.000000
vt 1.414214 38.210001 0.000000
vt -1.414214 38.210001 0.000000
vt 1.414214 27.578572 0.000000
vt -1.414214 27.578572 0.000000
vt 1.414214 16.947143 0.000000
vt -1.414214 16.947143 0.000000
vt 1.414214 6.315714 0.000000
vt -1.414214 6.315714 0.000000
vt 1.414214 -4.315714 0.000000
vt -1.414214 -4.315714 0.000000
vt 1.414214 -14.947143 0.000000
vt -1.414214 -14.947143 0.000000
vt 1.414214 -25.578572 0.000000
vt -1.414214 -25.578572 0.000000
vt 1.414214 -36.210001 0.000000
vt -1.414214 -36.210001 0.000000
vt 1.414214 36.210001 0.000000
vt -1.414214 36.210001 0.000000
vt 1.414214 25.578572 0.000000
vt -1.414214 25.578572 0.000000
vt 1.414214 14.947143 0.000000
vt -1.414214 14.947143 0.000000
vt 1.414214 4.315714 0.000000
vt -1.414214 4.315714 0.000000
vt 1.414214 -6.315714 0.000000
vt -1.414214 -6.315714 0.000000
vt 1.414214 -16.947143 0.000000
vt -1.414214 -16.947143 0.000000
vt 1.414214 -27.578572 0.000000
vt -1.414214 -27.578572 0.000000
vt 1.414214 -38.210001 0.000000
vt -1.414214 -38.210001 0.000000
vt 1.414214 -48.841429 0.000000
vt -1.414214 -48.841429 0.000000
vt 1.414214 -59.472858 0.000000
vt -1.414214 -59.472858 0.000000
vt 1.414214 -70.104287 0.000000
vt -1.414214 -70.104287 0.000000
vt 1.414214 -80.735716 0.000000
vt -1.414214 -80.735716 0.000000
vt 1.414214 -91.367144 0.000000
vt -1.414214 -91.367144 0.000000
vt 1.414214 -101.998573 0.000000
vt -1.414214 -101.998573 0.000000
vt 1.414214 -112.630002 0.000000
vt -1.414214 -112.630002 0.000000
vt 27.500000 1.414214 0.000000
vt 19.000000 1.414214 0.000000
vt 27.500000 -1.414214 0.000000
vt 19.000000 -1.414214 0.000000
vt 10.500000 1.414214 0.000000
vt 10.500000 -1.414214 0.000000
vt 2.000000 1.414214 0.000000
vt 2.000000 -1.414214 0.000000
vt -27.500000 -1.414214 0.000000
vt -19.000000 -1.414214 0.000000
vt -27.500000 1.414214 0.000000
vt -19.000000 1.414214 0.000000
vt -10.500000 -1.414214 0.000000
vt -10.500000 1.414214 0.000000
vt -2.000000 -1.414214 0.000000
vt -2.000000 1.414214 0.000000
vt -46.427501 -1.414214 0.000000
vt -36.332501 -1.414214 0.000000
vt -46.427501 1.414214 0.000000
vt -36.332501 1.414214 0.000000
vt -26.237501 -1.414214 0.000000
vt -26.237501 1.414214 0.000000
vt -16.142500 -1.414214 0.000000
vt -16.142500 1.414214 0.000000
vt -6.047500 -1.414214 0.000000
vt -6.047500 1.414214 0.000000
vt 4.047500 -1.414214 0.000000
vt 4.047500 1.414214 0.000000
vt 14.142500 -1.414214 0.000000
vt 14.142500 1.414214 0.000000
vt 27.500000 1.414214 0.000000
vt 19.000000 1.414214 0.000000
vt 27.500000 -1.414214 0.000000
vt 19.000000 -1.414214 0.000000
vt 10.500000 1.414214 0.000000
vt 10.500000 -1.414214 0.000000
vt 2.000000 1.414214 0.000000
vt 2.000000 -1.414214 0.000000
vt 12.095000 27.500000 0.000000
vt 2.000000 27.500000 0.000000
vt 12.095000 19.000000 0.000000
vt 2.000000 19.000000 0.000000
vt 12.095000 10.500000 0.000000
vt 2.000000 10.500000 0.000000
vt 12.095000 2.000000 0.000000
vt 2.000000 2.000000 0.000000
vt 22.190001 2.000000 0.000000
vt 22.190001 10.500000 0.000000
vt 22.190001 19.000000 0.000000
vt 22.190001 27.500000 0.000000
vt 32.285001 19.000000 0.000000
vt 32.285001 27.500000 0.000000
vt 42.380001 19.000000 0.000000
vt 42.380001 27.500000 0.000000
vt 52.475001 19.000000 0.000000
vt 52.475001 27.500000 0.000000
vt 62.570002 19.000000 0.000000
vt 62.570002 27.500000 0.000000
vt 32.285001 2.000000 0.000000
vt 32.285001 10.500000 0.000000
vt 42.380001 2.000000 0.000000
vt 42.380001 10.500000 0.000000
vt 52.475001 2.000000 0.000000
vt 52.475001 10.500000 0.000000
vt 62.570002 2.000000 0.000000
vt 62.570002 10.500000 0.000000
vt 12.631429 27.500000 0.000000
vt 2.000000 27.500000 0.000000
vt 12.631429 19.000000 0.000000
vt 2.000000 19.000000 0.000000
vt 12.631429 10.500000 0.000000
vt 2.000000 10.500000 0.000000
vt 12.631429 2.000000 0.000000
vt 2.000000 2.000000 0.000000
vt 23.262858 2.000000 0.000000
vt 23.262858 10.500000 0.000000
vt 23.262858 19.000000 0.000000
vt 23.262858 27.500000 0.000000
vt 33.894286 19.000000 0.000000
vt 33.894286 27.500000 0.000000
vt 44.525715 19.000000 0.000000
vt 44.525715 27.500000 0.000000
vt 55.157144 19.000000 0.000000
vt 55.157144 27.500000 0.000000
vt 65.788573 19.000000 0.000000
vt 65.788573 27.500000 0.000000
vt 76.420001 19.000000 0.000000
vt 76.420001 27.500000 0.000000
vt 87.051430 19.000000 0.000000
vt 87.051430 27.500000 0.000000
vt 97.682859 19.000000 0.000000
vt 97.682859 27.500000 0.000000
vt 108.314288 19.000000 0.000000
vt 108.314288 27.500000 0.000000
vt 118.945716 19.000000 0.000000
vt 118.945716 27.500000 0.000000
vt 129.577145 19.000000 0.000000
vt 129.577145 27.500000 0.000000
vt 140.208574 19.000000 0.000000
vt 140.208574 27.500000 0.000000
vt 150.840003 19.000000 0.000000
vt 150.840003 27.500000 0.000000
vt 33.894286 2.000000 0.000000
vt 33.894286 10.500000 0.000000
vt 44.525715 2.000000 0.000000
vt 44.525715 10.500000 0.000000
vt 55.157144 2.000000 0.000000
vt 55.157144 10.500000 0.000000
vt 65.788573 2.000000 0.000000
vt 65.788573 10.500000 0.000000
vt 76.420001 2.000000 0.000000
vt 76.420001 10.500000 0.000000
vt 87.051430 2.000000 0.000000
vt 87.051430 10.500000 0.000000
vt 97.682859 2.000000 0.000000
vt 97.682859 10.500000 0.000000
vt 108.314288 2.000000 0.000000
vt 108.314288 10.500000 0.000000
vt 118.945716 2.000000 0.000000
vt 118.945716 10.500000 0.000000
vt 129.577145 2.000000 0.000000
vt 129.577145 10.500000 0.000000
vt 140.208574 2.000000 0.000000
vt 140.208574 10.500000 0.000000
vt 150.840003 2.000000 0.000000
vt 150.840003 10.500000 0.000000
vt 30.285001 74.420001 0.000000
vt 20.190001 74.420001 0.000000
vt 30.285001 63.788573 0.000000
vt 20.190001 63.788573 0.000000
vt 30.285001 53.157144 0.000000
vt 20.190001 53.157144 0.000000
vt 30.285001 42.525715 0.000000
vt 20.190001 42.525715 0.000000
vt 30.285001 31.894286 0.000000
vt 20.190001 31.894286 0.000000
vt 30.285001 21.262858 0.000000
vt 20.190001 21.262858 0.000000
vt 30.285001 10.631429 0.000000
vt 20.190001 10.631429 0.000000
vt 30.285001 0.000000 0.000000
vt 20.190001 0.000000 0.000000
vt 30.285001 -10.631429 0.000000
vt 20.190001 -10.631429 0.000000
vt 30.285001 -21.262858 0.000000
vt 20.190001 -21.262858 0.000000
vt 30.285001 -31.894286 0.000000
vt 20.190001 -31.894286 0.000000
vt 30.285001 -42.525715 0.000000
vt 20.190001 -42.525715 0.000000
vt 30.285001 -53.157144 0.000000
vt 20.190001 -53.157144 0.000000
vt 30.285001 -63.788573 0.000000
vt 20.190001 -63.788573 0.000000
vt 30.285001 -74.420001 0.000000
vt 20.190001 -74.420001 0.000000
vt 10.095000 -63.788573 0.000000
vt 10.095000 -74.420001 0.000000
vt 0.000000 -63.788573 0.000000
vt 0.000000 -74.420001 0.000000
vt -10.095000 -63.788573 0.000000
vt -10.095000 -74.420001 0.000000
vt -20.190001 -63.788573 0.000000
vt -20.190001 -74.420001 0.000000
vt -30.285001 -63.788573 0.000000
vt -30.285001 -74.420001 0.000000
vt 10.095000 74.420001 0.000000
vt 10.095000 63.788573 0.000000
vt 10.095000 53.157144 0.000000
vt 10.095000 42.525715 0.000000
vt 10.095000 31.894286 0.000000
vt 10.095000 21.262858 0.000000
vt 10.095000 10.631429 0.000000
vt 10.095000 0.000000 0.000000
vt 10.095000 -10.631429 0.000000
vt 10.095000 -21.262858 0.000000
vt 10.095000 -31.894286 0.000000
vt 10.095000 -42.525715 0.000000
vt 10.095000 -53.157144 0.000000
vt 0.000000 74.420001 0.000000
vt 0.000000 63.788573 0.000000
vt 0.000000 53.157144 0.000000
vt 0.000000 42.525715 0.000000
vt 0.000000 31.894286 0.000000
vt 0.000000 21.262858 0.000000
vt 0.000000 10.631429 0.000000
vt 0.000000 0.000000 0.000000
vt 0.000000 -10.631429 0.000000
vt 0.000000 -21.262858 0.000000
vt 0.000000 -31.894286 0.000000
vt 0.000000 -42.525715 0.000000
vt 0.000000 -53.157144 0.000000
vt -10.095000 74.420001 0.000000
vt -10.095000 63.788573 0.000000
vt -10.095000 53.157144 0.000000
vt -10.095000 42.525715 0.000000
vt -10.095000 31.894286 0.000000
vt -10.095000 21.262858 0.000000
vt -10.095000 10.631429 0.000000
vt -10.095000 0.000000 0.000000
vt -10.095000 -10.631429 0.000000
vt -10.095000 -21.262858 0.000000
vt -10.095000 -31.894286 0.000000
vt -10.095000 -42.525715 0.000000
vt -10.095000 -53.157144 0.000000
vt -20.190001 74.420001 0.000000
vt -20.190001 63.788573 0.000000
vt -20.190001 53.157144 0.000000
vt -20.190001 42.525715 0.000000
vt -20.190001 31.894286 0.000000
vt -20.190001 21.262858 0.000000
vt -20.190001 10.631429 0.000000
vt -20.190001 0.000000 0.000000
vt -20.190001 -10.631429 0.000000
vt -20.190001 -21.262858 0.000000
vt -20.190001 -31.894286 0.000000
vt -20.190001 -42.525715 0.000000
vt -20.190001 -53.157144 0.000000
vt -30.285001 74.420001 0.000000
vt -30.285001 63.788573 0.000000
vt -30.285001 53.157144 0.000000
vt -30.285001 42.525715 0.000000
vt -30.285001 31.894286 0.000000
vt -30.285001 21.262858 0.000000
vt -30.285001 10.631429 0.000000
vt -30.285001 0.000000 0.000000
vt -30.285001 -10.631429 0.000000
vt -30.285001 -21.262858 0.000000
vt -30.285001 -31.894286 0.000000
vt -30.285001 -42.525715 0.000000
vt -30.285001 -53.157144 0.000000
vt -1.448889 -0.388229 0.000000
vt -1.063616 -0.284995 0.000000
vt -1.500000 0.000000 0.000000
vt -1.101136 0.000000 0.000000
vt -1.063616 0.284995 0.000000
vt -0.953612 -0.550568 0.000000
vt -1.299038 -0.750000 0.000000
vt -0.778621 -0.778621 0.000000
vt -1.060660 -1.060660 0.000000
vt -0.550568 -0.953612 0.000000
vt -0.750000 -1.299038 0.000000
vt -0.284995 -1.063616 0.000000
vt -0.388229 -1.448889 0.000000
vt 0.000000 -1.101136 0.000000
vt 0.000000 -1.500000 0.000000
vt 0.388229 -1.448889 0.000000
vt 0.284995 -1.063616 0.000000
vt 0.750000 -1.299038 0.000000
vt 0.550568 -0.953612 0.000000
vt 1.060660 -1.060660 0.000000
vt 0.778621 -0.778621 0.000000
vt 1.299038 -0.750000 0.000000
vt 0.953612 -0.550568 0.000000
vt 1.448889 -0.388229 0.000000
vt 1.063616 -0.284995 0.000000
vt 1.101136 0.000000 0.000000
vt 1.500000 0.000000 0.000000
vt 1.063616 0.284995 0.000000
vt 1.448889 0.388229 0.000000
vt 0.953612 0.550568 0.000000
vt 1.299038 0.750000 0.000000
vt 0.778621 0.778621 0.000000
vt 1.060660 1.060660 0.000000
vt 0.550568 0.953612 0.000000
vt 0.750000 1.299038 0.000000
vt 0.284995 1.063616 0.000000
vt 0.388229 1.448889 0.000000
vt 0.000000 1.101136 0.000000
vt 0.000000 1.500000 0.000000
vt -0.388229 1.448889 0.000000
vt -0.284995 1.063616 0.000000
vt -0.750000 1.299038 0.000000
vt -0.550568 0.953612 0.000000
vt -1.060660 1.060660 0.000000
vt -0.778621 0.778621 0.000000
vt -1.299038 0.750000 0.000000
vt -0.953612 0.550568 0.000000
vt -1.448889 0.388229 0.000000
vt 1.448889 0.388229 0.000000
vt 1.063616 0.284995 0.000000
vt 1.500000 0.000000 0.000000
vt 1.101136 0.000000 0.000000
vt 1.448889 -0.388229 0.000000
vt 1.063616 -0.284995 0.000000
vt 0.953612 -0.550568 0.000000
vt 0.953612 0.550568 0.000000
vt 1.299038 0.750000 0.000000
vt 0.778621 0.778621 0.000000
vt 1.060660 1.060660 0.000000
vt 0.550568 0.953612 0.000000
vt 0.750000 1.299038 0.000000
vt 0.284995 1.063616 0.000000
vt 0.388229 1.448889 0.000000
vt -0.000000 1.101136 0.000000
vt -0.000000 1.500000 0.000000
vt -0.388229 1.448889 0.000000
vt -0.284995 1.063616 0.000000
vt -0.750000 1.299038 0.000000
vt -0.550568 0.953612 0.000000
vt -1.060660 1.060660 0.000000
vt -0.778621 0.778621 0.000000
vt -1.299038 0.750000 0.000000
vt -0.953612 0.550568 0.000000
vt -1.448889 0.388229 0.000000
vt -1.063616 0.284995 0.000000
vt -1.500000 0.000000 0.000000
vt -1.101136 0.000000 0.000000
vt -1.063616 -0.284995 0.000000
vt -1.448889 -0.388229 0.000000
vt -0.953612 -0.550568 0.000000
vt -1.299038 -0.750000 0.000000
vt -0.778621 -0.778621 0.000000
vt -1.060660 -1.060660 0.000000
vt -0.550568 -0.953612 0.000000
vt -0.750000 -1.299038 0.000000
vt -0.284995 -1.063616 0.000000
vt -0.388229 -1.448889 0.000000
vt -0.000000 -1.101136 0.000000
vt -0.000000 -1.500000 0.000000
vt 0.388229 -1.448889 0.000000
vt 0.284995 -1.063616 0.000000
vt 0.750000 -1.299038 0.000000
vt 0.550568 -0.953612 0.000000
vt 1.060660 -1.060660 0.000000
vt 0.778621 -0.778621 0.000000
vt 1.299038 -0.750000 0.000000
vt -1.500000 4.319690 0.000000
vt 0.000000 4.319690 0.000000
vt -1.500000 4.712389 0.000000
vt -0.000000 4.712389 0.000000
vt -1.500000 -4.712389 0.000000
vt -0.000000 -4.712389 0.000000
vt -1.500000 -4.319690 0.000000
vt -0.000000 -4.319690 0.000000
vt -1.500000 -3.926991 0.000000
vt -0.000000 -3.926991 0.000000
vt -1.500000 -3.534292 0.000000
vt -0.000000 -3.534292 0.000000
vt -1.500000 -3.141593 0.000000
vt -0.000000 -3.141593 0.000000
vt -1.500000 -2.748894 0.000000
vt -0.000000 -2.748894 0.000000
vt -1.500000 -2.356194 0.000000
vt -0.000000 -2.356194 0.000000
vt -1.500000 -1.963495 0.000000
vt -0.000000 -1.963495 0.000000
vt -1.500000 -1.570796 0.000000
vt -0.000000 -1.570796 0.000000
vt -1.500000 -1.178097 0.000000
vt -0.000000 -1.178097 0.000000
vt -1.500000 -0.785398 0.000000
vt -0.000000 -0.785398 0.000000
vt -1.500000 -0.392699 0.000000
vt -0.000000 -0.392699 0.000000
vt -1.500000 0.000000 0.000000
vt -0.000000 0.000000 0.000000
vt -1.500000 0.392699 0.000000
vt -0.000000 0.392699 0.000000
vt -1.500000 0.785398 0.000000
vt -0.000000 0.785398 0.000000
vt -1.500000 1.178097 0.000000
vt -0.000000 1.178097 0.000000
vt -1.500000 1.570796 0.000000
vt -0.000000 1.570796 0.000000
vt -1.500000 1.963495 0.000000
vt -0.000000 1.963495 0.000000
vt -1.500000 2.356194 0.000000
vt -0.000000 2.356194 0.000000
vt -1.500000 2.748894 0.000000
vt -0.000000 2.748894 0.000000
vt -1.500000 3.141593 0.000000
vt 0.000000 3.141593 0.000000
vt -1.500000 3.534292 0.000000
vt -0.000000 3.534292 0.000000
vt -1.500000 3.926991 0.000000
vt 0.000000 3.926991 0.000000
vt -0.000000 -3.171043 0.000000
vt -5.000000 -3.171043 0.000000
vt -0.000000 -3.459320 0.000000
vt -5.000000 -3.459320 0.000000
vt -0.000000 3.459320 0.000000
vt -5.000000 3.459320 0.000000
vt 0.000000 3.171043 0.000000
vt -5.000000 3.171043 0.000000
vt 0.000000 2.882767 0.000000
vt -5.000000 2.882767 0.000000
vt -0.000000 2.594490 0.000000
vt -5.000000 2.594490 0.000000
vt 0.000000 2.306213 0.000000
vt -5.000000 2.306213 0.000000
vt 0.000000 2.017937 0.000000
vt -5.000000 2.017937 0.000000
vt -0.000000 1.729660 0.000000
vt -5.000000 1.729660 0.000000
vt -0.000000 1.441383 0.000000
vt -5.000000 1.441383 0.000000
vt -0.000000 1.153107 0.000000
vt -5.000000 1.153107 0.000000
vt -0.000000 0.864830 0.000000
vt -5.000000 0.864830 0.000000
vt -0.000000 0.576553 0.000000
vt -5.000000 0.576553 0.000000
vt -0.000000 0.288277 0.000000
vt -5.000000 0.288277 0.000000
vt -0.000000 0.000000 0.000000
vt -5.000000 0.000000 0.000000
vt -0.000000 -0.288277 0.000000
vt -5.000000 -0.288277 0.000000
vt -0.000000 -0.576553 0.000000
vt -5.000000 -0.576553 0.000000
vt -0.000000 -0.864830 0.000000
vt -5.000000 -0.864830 0.000000
vt -0.000000 -1.153107 0.000000
vt -5.000000 -1.153107 0.000000
vt -0.000000 -1.441383 0.000000
vt -5.000000 -1.441383 0.000000
vt -0.000000 -1.729660 0.000000
vt -5.000000 -1.729660 0.000000
vt -0.000000 -2.017937 0.000000
vt -5.000000 -2.017937 0.000000
vt -0.000000 -2.306213 0.000000
vt -5.000000 -2.306213 0.000000
vt -0.000000 -2.594490 0.000000
vt -5.000000 -2.594490 0.000000
vt -0.000000 -2.882767 0.000000
vt -5.000000 -2.882767 0.000000
vt -10.000000 3.171043 0.000000
vt -10.000000 3.459320 0.000000
vt -10.000000 -3.459320 0.000000
vt -10.000000 -3.171043 0.000000
vt -10.000000 -2.882767 0.000000
vt -10.000000 -2.594490 0.000000
vt -10.000000 -2.306213 0.000000
vt -10.000000 -2.017937 0.000000
vt -10.000000 -1.729660 0.000000
vt -10.000000 -1.441383 0.000000
vt -10.000000 -1.153107 0.000000
vt -10.000000 -0.864830 0.000000
vt -10.000000 -0.576553 0.000000
vt -10.000000 -0.288277 0.000000
vt -10.000000 0.000000 0.000000
vt -10.000000 0.288277 0.000000
vt -10.000000 0.576553 0.000000
vt -10.000000 0.864830 0.000000
vt -10.000000 1.153107 0.000000
vt -10.000000 1.441383 0.000000
vt -10.000000 1.729660 0.000000
vt -10.000000 2.017937 0.000000
vt -10.000000 2.306213 0.000000
vt -10.000000 2.594490 0.000000
vt -10.000000 2.882767 0.000000
vt 0.000000 4.000000 0.000000
vt 9.761667 4.000000 0.000000
vt 0.000000 11.833333 0.000000
vt 9.761667 15.750000 0.000000
vt 0.000000 19.666667 0.000000
vt 9.761667 27.500000 0.000000
vt 0.000000 27.500000 0.000000
vt 19.523334 4.000000 0.000000
vt 19.523334 15.750000 0.000000
vt 19.523334 27.500000 0.000000
vt 29.285001 15.750000 0.000000
vt 29.285001 27.500000 0.000000
vt 39.046668 15.750000 0.000000
vt 39.046668 27.500000 0.000000
vt 48.808335 15.750000 0.000000
vt 48.808335 27.500000 0.000000
vt 56.604076 24.241182 0.000000
vt 56.570002 24.500001 0.000000
vt 29.285001 4.000000 0.000000
vt 39.046668 4.000000 0.000000
vt 48.808335 4.000000 0.000000
vt 58.570002 4.000000 0.000000
vt 58.570002 13.750001 0.000000
vt 58.570002 23.500001 0.000000
vt 57.570002 23.500001 0.000000
vt 57.311182 23.534075 0.000000
vt 57.070002 23.633976 0.000000
vt 56.862895 23.792894 0.000000
vt 56.703976 24.000001 0.000000
vt 56.604076 24.758820 0.000000
vt 56.703976 25.000001 0.000000
vt 56.862895 25.207108 0.000000
vt 58.570002 27.500000 0.000000
vt 57.070002 25.366027 0.000000
vt 57.311182 25.465927 0.000000
vt 57.570002 25.500001 0.000000
vt 58.570002 25.500001 0.000000
vt 0.000000 4.000000 0.000000
vt 11.295385 4.000000 0.000000
vt 0.000000 13.750001 0.000000
vt 11.295385 15.750000 0.000000
vt 0.000001 23.500001 0.000000
vt 11.295231 23.500001 0.000000
vt 22.590462 23.500001 0.000000
vt 22.590770 15.750000 0.000000
vt 33.885693 23.500001 0.000000
vt 33.886154 15.750000 0.000000
vt 45.180923 23.500001 0.000000
vt 45.181539 15.750000 0.000000
vt 56.476154 23.500001 0.000000
vt 56.476924 15.750000 0.000000
vt 67.771385 23.500001 0.000000
vt 67.772309 15.750000 0.000000
vt 79.066615 23.500001 0.000000
vt 79.067694 15.750000 0.000000
vt 90.361846 23.500001 0.000000
vt 90.363079 15.750000 0.000000
vt 101.657077 23.500001 0.000000
vt 101.658463 15.750000 0.000000
vt 112.952307 23.500001 0.000000
vt 112.953848 15.750000 0.000000
vt 124.247538 23.500001 0.000000
vt 124.249233 15.750000 0.000000
vt 135.542769 23.500001 0.000000
vt 135.544618 15.750000 0.000000
vt 146.840003 19.666667 0.000000
vt 146.840003 11.833333 0.000000
vt 135.544618 4.000000 0.000000
vt 146.840003 4.000000 0.000000
vt 22.590770 4.000000 0.000000
vt 33.886154 4.000000 0.000000
vt 45.181539 4.000000 0.000000
vt 56.476924 4.000000 0.000000
vt 67.772309 4.000000 0.000000
vt 79.067694 4.000000 0.000000
vt 90.363079 4.000000 0.000000
vt 101.658463 4.000000 0.000000
vt 112.953848 4.000000 0.000000
vt 124.249233 4.000000 0.000000
vt 146.837999 23.500001 0.000000
vt 146.840003 27.500000 0.000000
vt 146.837999 25.500001 0.000000
vt 135.544618 27.500000 0.000000
vt 135.542769 25.500001 0.000000
vt 124.249233 27.500000 0.000000
vt 124.247538 25.500001 0.000000
vt 112.953848 27.500000 0.000000
vt 112.952307 25.500001 0.000000
vt 101.658463 27.500000 0.000000
vt 101.657077 25.500001 0.000000
vt 90.363079 27.500000 0.000000
vt 90.361846 25.500001 0.000000
vt 79.067694 27.500000 0.000000
vt 79.066615 25.500001 0.000000
vt 67.772309 27.500000 0.000000
vt 67.771385 25.500001 0.000000
vt 56.476924 27.500000 0.000000
vt 56.476154 25.500001 0.000000
vt 45.181539 27.500000 0.000000
vt 45.180923 25.500001 0.000000
vt 33.886154 27.500000 0.000000
vt 33.885693 25.500001 0.000000
vt 22.590770 27.500000 0.000000
vt 22.590462 25.500001 0.000000
vt 11.295385 27.500000 0.000000
vt 11.295231 25.500001 0.000000
vt 0.000000 27.500000 0.000000
vt 0.000001 25.500001 0.000000
vt 1.965926 1.258819 0.000000
vt 0.034074 1.258819 0.000000
vt 2.000000 1.000000 0.000000
vt -0.000000 1.000000 0.000000
vt 2.000000 0.000000 0.000000
vt -0.000000 0.000000 0.000000
vt 0.133975 1.500000 0.000000
vt 1.866025 1.500000 0.000000
vt 0.292893 1.707107 0.000000
vt 1.707107 1.707107 0.000000
vt 0.500000 1.866025 0.000000
vt 1.500000 1.866025 0.000000
vt 0.741181 1.965926 0.000000
vt 1.258819 1.965926 0.000000
vt 1.000000 2.000000 0.000000
vt -98.833268 0.785398 0.000000
vt -110.128499 0.785398 0.000000
vt -104.480883 0.523599 0.000000
vt -110.128499 0.523599 0.000000
vt -104.480883 0.261799 0.000000
vt -110.128499 0.261799 0.000000
vt -104.480883 0.000000 0.000000
vt -110.128499 0.000000 0.000000
vt -104.480883 -0.261799 0.000000
vt -110.128499 -0.261799 0.000000
vt -104.480883 -0.523599 0.000000
vt -110.128499 -0.523599 0.000000
vt -104.480883 -0.785398 0.000000
vt -110.128499 -0.785398 0.000000
vt -104.480883 -1.047198 0.000000
vt -110.128499 -1.047198 0.000000
vt -104.480883 -1.308997 0.000000
vt -110.128499 -1.308997 0.000000
vt -104.480883 -1.570796 0.000000
vt -110.128499 -1.570796 0.000000
vt -104.480883 -1.832596 0.000000
vt -110.128499 -1.832596 0.000000
vt -104.480883 -2.094395 0.000000
vt -110.128499 -2.094395 0.000000
vt -110.128499 -2.356194 0.000000
vt -98.833268 -2.356194 0.000000
vt -98.833268 -2.094395 0.000000
vt -98.833268 -1.832596 0.000000
vt -98.833268 -1.570796 0.000000
vt -98.833268 -1.308997 0.000000
vt -98.833268 -1.047198 0.000000
vt -98.833268 -0.785398 0.000000
vt -98.833268 -0.523599 0.000000
vt -98.833268 -0.261799 0.000000
vt -98.833268 0.000000 0.000000
vt -98.833268 0.261799 0.000000
vt -98.833268 0.523599 0.000000
vt -93.185653 0.523599 0.000000
vt -87.538037 0.785398 0.000000
vt -87.538037 0.523599 0.000000
vt -81.890422 0.523599 0.000000
vt -81.890422 0.261799 0.000000
vt -76.242807 0.261799 0.000000
vt -76.242807 0.000000 0.000000
vt -70.595191 0.000000 0.000000
vt -70.595191 -0.261799 0.000000
vt -64.947576 -0.261799 0.000000
vt -64.947576 -0.523599 0.000000
vt -59.299961 -0.523599 0.000000
vt -59.299961 -0.785398 0.000000
vt -53.652345 -0.785398 0.000000
vt -53.652345 -1.047198 0.000000
vt -48.004730 -1.047198 0.000000
vt -48.004730 -1.308997 0.000000
vt -42.357115 -1.308997 0.000000
vt -42.357115 -1.570796 0.000000
vt -36.709499 -1.570796 0.000000
vt -36.709499 -1.832596 0.000000
vt -31.061884 -1.832596 0.000000
vt -31.061884 -2.094395 0.000000
vt -25.414269 -2.094395 0.000000
vt -31.061884 -2.356194 0.000000
vt -19.766653 -2.356194 0.000000
vt -93.185653 -2.094395 0.000000
vt -87.538037 -2.356194 0.000000
vt -87.538037 -2.094395 0.000000
vt -81.890422 -2.094395 0.000000
vt -87.538037 -1.832596 0.000000
vt -81.890422 -1.832596 0.000000
vt -87.538037 -1.570796 0.000000
vt -81.890422 -1.570796 0.000000
vt -87.538037 -1.308997 0.000000
vt -81.890422 -1.308997 0.000000
vt -87.538037 -1.047198 0.000000
vt -81.890422 -1.047198 0.000000
vt -87.538037 -0.785398 0.000000
vt -81.890422 -0.785398 0.000000
vt -87.538037 -0.523599 0.000000
vt -81.890422 -0.523599 0.000000
vt -87.538037 -0.261799 0.000000
vt -81.890422 -0.261799 0.000000
vt -87.538037 0.000000 0.000000
vt -81.890422 0.000000 0.000000
vt -87.538037 0.261799 0.000000
vt -76.242807 -2.356194 0.000000
vt -76.242807 -2.094395 0.000000
vt -76.242807 -1.832596 0.000000
vt -76.242807 -1.570796 0.000000
vt -76.242807 -1.308997 0.000000
vt -76.242807 -1.047198 0.000000
vt -76.242807 -0.785398 0.000000
vt -76.242807 -0.523599 0.000000
vt -76.242807 -0.261799 0.000000
vt -70.595191 -2.094395 0.000000
vt -64.947576 -2.356194 0.000000
vt -64.947576 -2.094395 0.000000
vt -59.299961 -2.094395 0.000000
vt -64.947576 -1.832596 0.000000
vt -59.299961 -1.832596 0.000000
vt -64.947576 -1.570796 0.000000
vt -59.299961 -1.570796 0.000000
vt -64.947576 -1.308997 0.000000
vt -59.299961 -1.308997 0.000000
vt -64.947576 -1.047198 0.000000
vt -59.299961 -1.047198 0.000000
vt -64.947576 -0.785398 0.000000
vt -53.652345 -2.356194 0.000000
vt -53.652345 -2.094395 0.000000
vt -53.652345 -1.832596 0.000000
vt -53.652345 -1.570796 0.000000
vt -53.652345 -1.308997 0.000000
vt -48.004730 -2.094395 0.000000
vt -42.357115 -2.356194 0.000000
vt -42.357115 -2.094395 0.000000
vt -36.709499 -2.094395 0.000000
vt -42.357115 -1.832596 0.000000
vt -8.471422 -2.356194 0.000000
vt -14.119038 -2.094395 0.000000
vt -19.766653 -2.094395 0.000000
vt -25.414269 -1.832596 0.000000
vt -31.061884 -1.570796 0.000000
vt -36.709499 -1.308997 0.000000
vt -42.357115 -1.047198 0.000000
vt -48.004730 -0.785398 0.000000
vt -53.652345 -0.523599 0.000000
vt -59.299961 -0.261799 0.000000
vt -64.947576 0.000000 0.000000
vt -70.595191 0.261799 0.000000
vt -76.242807 0.523599 0.000000
vt -76.242807 0.785398 0.000000
vt 2.823808 -2.356194 0.000000
vt -2.823807 -2.094395 0.000000
vt -8.471422 -2.094395 0.000000
vt -14.119038 -1.832596 0.000000
vt -19.766653 -1.832596 0.000000
vt -19.766653 -1.570796 0.000000
vt -25.414269 -1.570796 0.000000
vt -25.414269 -1.308997 0.000000
vt -31.061884 -1.308997 0.000000
vt -31.061884 -1.047198 0.000000
vt -36.709499 -1.047198 0.000000
vt -36.709499 -0.785398 0.000000
vt -42.357115 -0.785398 0.000000
vt -42.357115 -0.523599 0.000000
vt -48.004730 -0.523599 0.000000
vt -48.004730 -0.261799 0.000000
vt -53.652345 -0.261799 0.000000
vt -53.652345 0.000000 0.000000
vt -59.299961 0.000000 0.000000
vt -59.299961 0.261799 0.000000
vt -64.947576 0.261799 0.000000
vt -64.947576 0.523599 0.000000
vt -70.595191 0.523599 0.000000
vt -64.947576 0.785398 0.000000
vt 14.119039 -2.356194 0.000000
vt 8.471424 -2.094395 0.000000
vt 2.823808 -2.094395 0.000000
vt -2.823807 -1.832596 0.000000
vt -8.471422 -1.832596 0.000000
vt -8.471422 -1.570796 0.000000
vt -14.119038 -1.570796 0.000000
vt -14.119038 -1.308997 0.000000
vt -19.766653 -1.308997 0.000000
vt -19.766653 -1.047198 0.000000
vt -25.414269 -1.047198 0.000000
vt -25.414269 -0.785398 0.000000
vt -31.061884 -0.785398 0.000000
vt -31.061884 -0.523599 0.000000
vt -36.709499 -0.523599 0.000000
vt -36.709499 -0.261799 0.000000
vt -42.357115 -0.261799 0.000000
vt -42.357115 0.000000 0.000000
vt -48.004730 0.000000 0.000000
vt -48.004730 0.261799 0.000000
vt -53.652345 0.261799 0.000000
vt -53.652345 0.523599 0.000000
vt -59.299961 0.523599 0.000000
vt -53.652345 0.785398 0.000000
vt 25.414270 -2.356194 0.000000
vt 19.766654 -2.094395 0.000000
vt 14.119039 -2.094395 0.000000
vt 8.471424 -1.832596 0.000000
vt 2.823808 -1.832596 0.000000
vt 2.823808 -1.570796 0.000000
vt -2.823807 -1.570796 0.000000
vt -2.823807 -1.308997 0.000000
vt -8.471422 -1.308997 0.000000
vt -8.471422 -1.047198 0.000000
vt -14.119038 -1.047198 0.000000
vt -14.119038 -0.785398 0.000000
vt -19.766653 -0.785398 0.000000
vt -19.766653 -0.523599 0.000000
vt -25.414269 -0.523599 0.000000
vt -25.414269 -0.261799 0.000000
vt -31.061884 -0.261799 0.000000
vt -31.061884 0.000000 0.000000
vt -36.709499 0.000000 0.000000
vt -36.709499 0.261799 0.000000
vt -42.357115 0.261799 0.000000
vt -42.357115 0.523599 0.000000
vt -48.004730 0.523599 0.000000
vt -42.357115 0.785398 0.000000
vt 36.709500 -2.356194 0.000000
vt 31.061885 -2.094395 0.000000
vt 25.414270 -2.094395 0.000000
vt 19.766654 -1.832596 0.000000
vt 14.119039 -1.832596 0.000000
vt 14.119039 -1.570796 0.000000
vt 8.471424 -1.570796 0.000000
vt 8.471424 -1.308997 0.000000
vt 2.823808 -1.308997 0.000000
vt 2.823808 -1.047198 0.000000
vt -2.823807 -1.047198 0.000000
vt -2.823807 -0.785398 0.000000
vt -8.471422 -0.785398 0.000000
vt -8.471422 -0.523599 0.000000
vt -14.119038 -0.523599 0.000000
vt -14.119038 -0.261799 0.000000
vt -19.766653 -0.261799 0.000000
vt -19.766653 0.000000 0.000000
vt -25.414269 0.000000 0.000000
vt -25.414269 0.261799 0.000000
vt -31.061884 0.261799 0.000000
vt -31.061884 0.523599 0.000000
vt -36.709499 0.523599 0.000000
vt -31.061884 0.785398 0.000000
vt 36.709500 -2.094395 0.000000
vt 31.061885 -1.832596 0.000000
vt 25.414270 -1.832596 0.000000
vt 25.414270 -1.570796 0.000000
vt 19.766654 -1.570796 0.000000
vt 19.766654 -1.308997 0.000000
vt 14.119039 -1.308997 0.000000
vt 14.119039 -1.047198 0.000000
vt 8.471424 -1.047198 0.000000
vt 8.471424 -0.785398 0.000000
vt 2.823808 -0.785398 0.000000
vt 2.823808 -0.523599 0.000000
vt -2.823807 -0.523599 0.000000
vt -2.823807 -0.261799 0.000000
vt -8.471422 -0.261799 0.000000
vt -8.471422 0.000000 0.000000
vt -14.119038 0.000000 0.000000
vt -14.119038 0.261799 0.000000
vt -19.766653 0.261799 0.000000
vt -19.766653 0.523599 0.000000
vt -25.414269 0.523599 0.000000
vt -19.766653 0.785398 0.000000
vt 36.709500 -1.832596 0.000000
vt 31.061885 -1.570796 0.000000
vt 25.414270 -1.308997 0.000000
vt 19.766654 -1.047198 0.000000
vt 14.119039 -0.785398 0.000000
vt 8.471424 -0.523599 0.000000
vt 2.823808 -0.261799 0.000000
vt -2.823807 0.000000 0.000000
vt -8.471422 0.261799 0.000000
vt -14.119038 0.523599 0.000000
vt 36.709500 -1.570796 0.000000
vt 31.061885 -1.308997 0.000000
vt 25.414270 -1.047198 0.000000
vt 19.766654 -0.785398 0.000000
vt 14.119039 -0.523599 0.000000
vt 8.471424 -0.261799 0.000000
vt 2.823808 0.000000 0.000000
vt -2.823807 0.261799 0.000000
vt -8.471422 0.523599 0.000000
vt -8.471422 0.785398 0.000000
vt 36.709500 -1.308997 0.000000
vt 31.061885 -1.047198 0.000000
vt 25.414270 -0.785398 0.000000
vt 19.766654 -0.523599 0.000000
vt 14.119039 -0.261799 0.000000
vt 8.471424 0.000000 0.000000
vt 2.823808 0.261799 0.000000
vt -2.823807 0.523599 0.000000
vt 36.709500 -1.047198 0.000000
vt 31.061885 -0.785398 0.000000
vt 25.414270 -0.523599 0.000000
vt 19.766654 -0.261799 0.000000
vt 14.119039 0.000000 0.000000
vt 8.471424 0.261799 0.000000
vt 2.823808 0.523599 0.000000
vt 2.823808 0.785398 0.000000
vt 36.709500 -0.785398 0.000000
vt 31.061885 -0.523599 0.000000
vt 25.414270 -0.261799 0.000000
vt 19.766654 0.000000 0.000000
vt 14.119039 0.261799 0.000000
vt 8.471424 0.523599 0.000000
vt 36.709500 -0.523599 0.000000
vt 31.061885 -0.261799 0.000000
vt 25.414270 0.000000 0.000000
vt 19.766654 0.261799 0.000000
vt 14.119039 0.523599 0.000000
vt 14.119039 0.785398 0.000000
vt 36.709500 -0.261799 0.000000
vt 31.061885 0.000000 0.000000
vt 25.414270 0.261799 0.000000
vt 19.766654 0.523599 0.000000
vt 36.709500 0.000000 0.000000
vt 31.061885 0.261799 0.000000
vt 25.414270 0.523599 0.000000
vt 25.414270 0.785398 0.000000
vt 36.709500 0.261799 0.000000
vt 31.061885 0.523599 0.000000
vt 36.709500 0.523599 0.000000
vt 36.709500 0.785398 0.000000
vt -93.185653 0.261799 0.000000
vt -93.185653 0.000000 0.000000
vt -93.185653 -0.261799 0.000000
vt -93.185653 -0.523599 0.000000
vt -93.185653 -0.785398 0.000000
vt -93.185653 -1.047198 0.000000
vt -93.185653 -1.308997 0.000000
vt -93.185653 -1.570796 0.000000
vt -93.185653 -1.832596 0.000000
vt -70.595191 -0.523599 0.000000
vt -70.595191 -0.785398 0.000000
vt -70.595191 -1.047198 0.000000
vt -70.595191 -1.308997 0.000000
vt -70.595191 -1.570796 0.000000
vt -70.595191 -1.832596 0.000000
vt -48.004730 -1.570796 0.000000
vt -48.004730 -1.832596 0.000000
vt 146.840000 1.000000 0.000000
vt 135.544615 1.000000 0.000000
vt 146.840000 0.000000 0.000000
vt 135.544615 0.000000 0.000000
vt 124.249231 1.000000 0.000000
vt 124.249231 0.000000 0.000000
vt 112.953846 1.000000 0.000000
vt 112.953846 0.000000 0.000000
vt 101.658462 1.000000 0.000000
vt 101.658462 0.000000 0.000000
vt 90.363077 1.000000 0.000000
vt 90.363077 0.000000 0.000000
vt 79.067692 1.000000 0.000000
vt 79.067692 0.000000 0.000000
vt 67.772308 1.000000 0.000000
vt 67.772308 0.000000 0.000000
vt 56.476923 1.000000 0.000000
vt 56.476923 0.000000 0.000000
vt 45.181538 1.000000 0.000000
vt 45.181538 0.000000 0.000000
vt 33.886154 1.000000 0.000000
vt 33.886154 0.000000 0.000000
vt 22.590769 1.000000 0.000000
vt 22.590769 0.000000 0.000000
vt 11.295385 1.000000 0.000000
vt 11.295385 0.000000 0.000000
vt 0.000000 1.000000 0.000000
vt 0.000000 0.000000 0.000000
vt 25.414615 -2.356194 0.000000
vt 36.710000 -2.356194 0.000000
vt 31.062308 -2.094395 0.000000
vt 36.710000 -2.094395 0.000000
vt 31.062308 -1.832596 0.000000
vt 36.710000 -1.832596 0.000000
vt 31.062308 -1.570796 0.000000
vt 36.710000 -1.570796 0.000000
vt 31.062308 -1.308997 0.000000
vt 36.710000 -1.308997 0.000000
vt 31.062308 -1.047198 0.000000
vt 36.710000 -1.047198 0.000000
vt 31.062308 -0.785398 0.000000
vt 36.710000 -0.785398 0.000000
vt 31.062308 -0.523599 0.000000
vt 36.710000 -0.523599 0.000000
vt 31.062308 -0.261799 0.000000
vt 36.710000 -0.261799 0.000000
vt 31.062308 -0.000000 0.000000
vt 36.710000 -0.000000 0.000000
vt 31.062308 0.261799 0.000000
vt 36.710000 0.261799 0.000000
vt 31.062308 0.523599 0.000000
vt 36.710000 0.523599 0.000000
vt 36.710000 0.785398 0.000000
vt 25.414615 0.785398 0.000000
vt 25.414615 0.523599 0.000000
vt 25.414615 0.261799 0.000000
vt 25.414615 -0.000000 0.000000
vt 25.414615 -0.261799 0.000000
vt 25.414615 -0.523599 0.000000
vt 25.414615 -0.785398 0.000000
vt 25.414615 -1.047198 0.000000
vt 25.414615 -1.308997 0.000000
vt 25.414615 -1.570796 0.000000
vt 25.414615 -1.832596 0.000000
vt 25.414615 -2.094395 0.000000
vt 19.766923 -2.094395 0.000000
vt 14.119231 -2.356194 0.000000
vt 14.119231 -2.094395 0.000000
vt 8.471538 -2.094395 0.000000
vt 8.471538 -1.832596 0.000000
vt 2.823846 -1.832596 0.000000
vt 2.823846 -1.570796 0.000000
vt -2.823846 -1.570796 0.000000
vt -2.823846 -1.308997 0.000000
vt -8.471538 -1.308997 0.000000
vt -8.471538 -1.047198 0.000000
vt -14.119231 -1.047198 0.000000
vt -14.119231 -0.785398 0.000000
vt -19.766923 -0.785398 0.000000
vt -19.766923 -0.523599 0.000000
vt -25.414615 -0.523599 0.000000
vt -25.414615 -0.261799 0.000000
vt -31.062308 -0.261799 0.000000
vt -31.062308 -0.000000 0.000000
vt -36.710000 -0.000000 0.000000
vt -36.710000 0.261799 0.000000
vt -42.357692 0.261799 0.000000
vt -42.357692 0.523599 0.000000
vt -48.005385 0.523599 0.000000
vt -42.357692 0.785398 0.000000
vt -53.653077 0.785398 0.000000
vt 19.766923 0.523599 0.000000
vt 14.119231 0.785398 0.000000
vt 14.119231 0.523599 0.000000
vt 8.471538 0.523599 0.000000
vt 14.119231 0.261799 0.000000
vt 8.471538 0.261799 0.000000
vt 14.119231 -0.000000 0.000000
vt 8.471538 -0.000000 0.000000
vt 14.119231 -0.261799 0.000000
vt 8.471538 -0.261799 0.000000
vt 14.119231 -0.523599 0.000000
vt 8.471538 -0.523599 0.000000
vt 14.119231 -0.785398 0.000000
vt 8.471538 -0.785398 0.000000
vt 14.119231 -1.047198 0.000000
vt 8.471538 -1.047198 0.000000
vt 14.119231 -1.308997 0.000000
vt 8.471538 -1.308997 0.000000
vt 14.119231 -1.570796 0.000000
vt 8.471538 -1.570796 0.000000
vt 14.119231 -1.832596 0.000000
vt 2.823846 0.785398 0.000000
vt 2.823846 0.523599 0.000000
vt 2.823846 0.261799 0.000000
vt 2.823846 -0.000000 0.000000
vt 2.823846 -0.261799 0.000000
vt 2.823846 -0.523599 0.000000
vt 2.823846 -0.785398 0.000000
vt 2.823846 -1.047198 0.000000
vt 2.823846 -1.308997 0.000000
vt -2.823846 0.523599 0.000000
vt -8.471538 0.785398 0.000000
vt -8.471538 0.523599 0.000000
vt -14.119231 0.523599 0.000000
vt -8.471538 0.261799 0.000000
vt -14.119231 0.261799 0.000000
vt -8.471538 -0.000000 0.000000
vt -14.119231 -0.000000 0.000000
vt -8.471538 -0.261799 0.000000
vt -14.119231 -0.261799 0.000000
vt -8.471538 -0.523599 0.000000
vt -14.119231 -0.523599 0.000000
vt -8.471538 -0.785398 0.000000
vt -19.766923 0.785398 0.000000
vt -19.766923 0.523599 0.000000
vt -19.766923 0.261799 0.000000
vt -19.766923 -0.000000 0.000000
vt -19.766923 -0.261799 0.000000
vt -25.414615 0.523599 0.000000
vt -31.062308 0.785398 0.000000
vt -31.062308 0.523599 0.000000
vt -36.710000 0.523599 0.000000
vt -31.062308 0.261799 0.000000
vt -64.948462 0.785398 0.000000
vt -59.300769 0.523599 0.000000
vt -53.653077 0.523599 0.000000
vt -48.005385 0.261799 0.000000
vt -42.357692 -0.000000 0.000000
vt -36.710000 -0.261799 0.000000
vt -31.062308 -0.523599 0.000000
vt -25.414615 -0.785398 0.000000
vt -19.766923 -1.047198 0.000000
vt -14.119231 -1.308997 0.000000
vt -8.471538 -1.570796 0.000000
vt -2.823846 -1.832596 0.000000
vt 2.823846 -2.094395 0.000000
vt 2.823846 -2.356194 0.000000
vt -76.243846 0.785398 0.000000
vt -70.596154 0.523599 0.000000
vt -64.948462 0.523599 0.000000
vt -59.300769 0.261799 0.000000
vt -53.653077 0.261799 0.000000
vt -53.653077 -0.000000 0.000000
vt -48.005385 -0.000000 0.000000
vt -48.005385 -0.261799 0.000000
vt -42.357692 -0.261799 0.000000
vt -42.357692 -0.523599 0.000000
vt -36.710000 -0.523599 0.000000
vt -36.710000 -0.785398 0.000000
vt -31.062308 -0.785398 0.000000
vt -31.062308 -1.047198 0.000000
vt -25.414615 -1.047198 0.000000
vt -25.414615 -1.308997 0.000000
vt -19.766923 -1.308997 0.000000
vt -19.766923 -1.570796 0.000000
vt -14.119231 -1.570796 0.000000
vt -14.119231 -1.832596 0.000000
vt -8.471538 -1.832596 0.000000
vt -8.471538 -2.094395 0.000000
vt -2.823846 -2.094395 0.000000
vt -8.471538 -2.356194 0.000000
vt -87.539231 0.785398 0.000000
vt -81.891538 0.523599 0.000000
vt -76.243846 0.523599 0.000000
vt -70.596154 0.261799 0.000000
vt -64.948462 0.261799 0.000000
vt -64.948462 -0.000000 0.000000
vt -59.300769 -0.000000 0.000000
vt -59.300769 -0.261799 0.000000
vt -53.653077 -0.261799 0.000000
vt -53.653077 -0.523599 0.000000
vt -48.005385 -0.523599 0.000000
vt -48.005385 -0.785398 0.000000
vt -42.357692 -0.785398 0.000000
vt -42.357692 -1.047198 0.000000
vt -36.710000 -1.047198 0.000000
vt -36.710000 -1.308997 0.000000
vt -31.062308 -1.308997 0.000000
vt -31.062308 -1.570796 0.000000
vt -25.414615 -1.570796 0.000000
vt -25.414615 -1.832596 0.000000
vt -19.766923 -1.832596 0.000000
vt -19.766923 -2.094395 0.000000
vt -14.119231 -2.094395 0.000000
vt -19.766923 -2.356194 0.000000
vt -98.834615 0.785398 0.000000
vt -93.186923 0.523599 0.000000
vt -87.539231 0.523599 0.000000
vt -81.891538 0.261799 0.000000
vt -76.243846 0.261799 0.000000
vt -76.243846 -0.000000 0.000000
vt -70.596154 -0.000000 0.000000
vt -70.596154 -0.261799 0.000000
vt -64.948462 -0.261799 0.000000
vt -64.948462 -0.523599 0.000000
vt -59.300769 -0.523599 0.000000
vt -59.300769 -0.785398 0.000000
vt -53.653077 -0.785398 0.000000
vt -53.653077 -1.047198 0.000000
vt -48.005385 -1.047198 0.000000
vt -48.005385 -1.308997 0.000000
vt -42.357692 -1.308997 0.000000
vt -42.357692 -1.570796 0.000000
vt -36.710000 -1.570796 0.000000
vt -36.710000 -1.832596 0.000000
vt -31.062308 -1.832596 0.000000
vt -31.062308 -2.094395 0.000000
vt -25.414615 -2.094395 0.000000
vt -31.062308 -2.356194 0.000000
vt -110.130000 0.785398 0.000000
vt -104.482308 0.523599 0.000000
vt -98.834615 0.523599 0.000000
vt -93.186923 0.261799 0.000000
vt -87.539231 0.261799 0.000000
vt -87.539231 -0.000000 0.000000
vt -81.891538 -0.000000 0.000000
vt -81.891538 -0.261799 0.000000
vt -76.243846 -0.261799 0.000000
vt -76.243846 -0.523599 0.000000
vt -70.596154 -0.523599 0.000000
vt -70.596154 -0.785398 0.000000
vt -64.948462 -0.785398 0.000000
vt -64.948462 -1.047198 0.000000
vt -59.300769 -1.047198 0.000000
vt -59.300769 -1.308997 0.000000
vt -53.653077 -1.308997 0.000000
vt -53.653077 -1.570796 0.000000
vt -48.005385 -1.570796 0.000000
vt -48.005385 -1.832596 0.000000
vt -42.357692 -1.832596 0.000000
vt -42.357692 -2.094395 0.000000
vt -36.710000 -2.094395 0.000000
vt -42.357692 -2.356194 0.000000
vt -110.130000 0.523599 0.000000
vt -104.482308 0.261799 0.000000
vt -98.834615 0.261799 0.000000
vt -98.834615 -0.000000 0.000000
vt -93.186923 -0.000000 0.000000
vt -93.186923 -0.261799 0.000000
vt -87.539231 -0.261799 0.000000
vt -87.539231 -0.523599 0.000000
vt -81.891538 -0.523599 0.000000
vt -81.891538 -0.785398 0.000000
vt -76.243846 -0.785398 0.000000
vt -76.243846 -1.047198 0.000000
vt -70.596154 -1.047198 0.000000
vt -70.596154 -1.308997 0.000000
vt -64.948462 -1.308997 0.000000
vt -64.948462 -1.570796 0.000000
vt -59.300769 -1.570796 0.000000
vt -59.300769 -1.832596 0.000000
vt -53.653077 -1.832596 0.000000
vt -53.653077 -2.094395 0.000000
vt -48.005385 -2.094395 0.000000
vt -53.653077 -2.356194 0.000000
vt -110.130000 0.261799 0.000000
vt -104.482308 -0.000000 0.000000
vt -98.834615 -0.261799 0.000000
vt -93.186923 -0.523599 0.000000
vt -87.539231 -0.785398 0.000000
vt -81.891538 -1.047198 0.000000
vt -76.243846 -1.308997 0.000000
vt -70.596154 -1.570796 0.000000
vt -64.948462 -1.832596 0.000000
vt -59.300769 -2.094395 0.000000
vt -110.130000 -0.000000 0.000000
vt -104.482308 -0.261799 0.000000
vt -98.834615 -0.523599 0.000000
vt -93.186923 -0.785398 0.000000
vt -87.539231 -1.047198 0.000000
vt -81.891538 -1.308997 0.000000
vt -76.243846 -1.570796 0.000000
vt -70.596154 -1.832596 0.000000
vt -64.948462 -2.094395 0.000000
vt -64.948462 -2.356194 0.000000
vt -110.130000 -0.261799 0.000000
vt -104.482308 -0.523599 0.000000
vt -98.834615 -0.785398 0.000000
vt -93.186923 -1.047198 0.000000
vt -87.539231 -1.308997 0.000000
vt -81.891538 -1.570796 0.000000
vt -76.243846 -1.832596 0.000000
vt -70.596154 -2.094395 0.000000
vt -110.130000 -0.523599 0.000000
vt -104.482308 -0.785398 0.000000
vt -98.834615 -1.047198 0.000000
vt -93.186923 -1.308997 0.000000
vt -87.539231 -1.570796 0.000000
vt -81.891538 -1.832596 0.000000
vt -76.243846 -2.094395 0.000000
vt -76.243846 -2.356194 0.000000
vt -110.130000 -0.785398 0.000000
vt -104.482308 -1.047198 0.000000
vt -98.834615 -1.308997 0.000000
vt -93.186923 -1.570796 0.000000
vt -87.539231 -1.832596 0.000000
vt -81.891538 -2.094395 0.000000
vt -110.130000 -1.047198 0.000000
vt -104.482308 -1.308997 0.000000
vt -98.834615 -1.570796 0.000000
vt -93.186923 -1.832596 0.000000
vt -87.539231 -2.094395 0.000000
vt -87.539231 -2.356194 0.000000
vt -110.130000 -1.308997 0.000000
vt -104.482308 -1.570796 0.000000
vt -98.834615 -1.832596 0.000000
vt -93.186923 -2.094395 0.000000
vt -110.130000 -1.570796 0.000000
vt -104.482308 -1.832596 0.000000
vt -98.834615 -2.094395 0.000000
vt -98.834615 -2.356194 0.000000
vt -110.130000 -1.832596 0.000000
vt -104.482308 -2.094395 0.000000
vt -110.130000 -2.094395 0.000000
vt -110.130000 -2.356194 0.000000
vt 19.766923 -1.832596 0.000000
vt 19.766923 -1.570796 0.000000
vt 19.766923 -1.308997 0.000000
vt 19.766923 -1.047198 0.000000
vt 19.766923 -0.785398 0.000000
vt 19.766923 -0.523599 0.000000
vt 19.766923 -0.261799 0.000000
vt 19.766923 -0.000000 0.000000
vt 19.766923 0.261799 0.000000
vt -2.823846 -1.047198 0.000000
vt -2.823846 -0.785398 0.000000
vt -2.823846 -0.523599 0.000000
vt -2.823846 -0.261799 0.000000
vt -2.823846 -0.000000 0.000000
vt -2.823846 0.261799 0.000000
vt -25.414615 -0.000000 0.000000
vt -25.414615 0.261799 0.000000
vt 146.840000 1.000000 0.000000
vt 135.544615 1.000000 0.000000
vt 146.840000 0.000000 0.000000
vt 135.544615 0.000000 0.000000
vt 124.249231 1.000000 0.000000
vt 124.249231 0.000000 0.000000
vt 112.953846 1.000000 0.000000
vt 112.953846 0.000000 0.000000
vt 101.658462 1.000000 0.000000
vt 101.658462 0.000000 0.000000
vt 90.363077 1.000000 0.000000
vt 90.363077 0.000000 0.000000
vt 79.067692 1.000000 0.000000
vt 79.067692 0.000000 0.000000
vt 67.772308 1.000000 0.000000
vt 67.772308 0.000000 0.000000
vt 56.476923 1.000000 0.000000
vt 56.476923 0.000000 0.000000
vt 45.181538 1.000000 0.000000
vt 45.181538 0.000000 0.000000
vt 33.886154 1.000000 0.000000
vt 33.886154 0.000000 0.000000
vt 22.590769 1.000000 0.000000
vt 22.590769 0.000000 0.000000
vt 11.295385 1.000000 0.000000
vt 11.295385 0.000000 0.000000
vt 0.000000 1.000000 0.000000
vt -0.000000 0.000000 0.000000
vt 1.965926 1.258819 0.000000
vt 0.034074 1.258819 0.000000
vt 2.000000 1.000000 0.000000
vt 0.000000 1.000000 0.000000
vt 2.000000 0.000000 0.000000
vt -0.000000 0.000000 0.000000
vt 0.133975 1.500000 0.000000
vt 1.866025 1.500000 0.000000
vt 0.292893 1.707107 0.000000
vt 1.707107 1.707107 0.000000
vt 0.500000 1.866025 0.000000
vt 1.500000 1.866025 0.000000
vt 0.741181 1.965926 0.000000
vt 1.258819 1.965926 0.000000
vt 1.000000 2.000000 0.000000
vt 0.000000 4.000000 0.000000
vt 11.295385 4.000000 0.000000
vt 0.000000 13.750000 0.000000
vt 11.295385 15.750000 0.000000
vt 0.000000 23.500000 0.000000
vt 11.295385 23.500000 0.000000
vt 22.590769 23.500000 0.000000
vt 22.590770 15.750000 0.000000
vt 33.886154 23.500000 0.000000
vt 33.886154 15.750000 0.000000
vt 45.181538 23.500000 0.000000
vt 45.181539 15.750000 0.000000
vt 56.476923 23.500000 0.000000
vt 56.476924 15.750000 0.000000
vt 67.772308 23.500000 0.000000
vt 67.772309 15.750000 0.000000
vt 79.067692 23.500000 0.000000
vt 79.067694 15.750000 0.000000
vt 90.363077 23.500000 0.000000
vt 90.363079 15.750000 0.000000
vt 101.658462 23.500000 0.000000
vt 101.658463 15.750000 0.000000
vt 112.953846 23.500000 0.000000
vt 112.953848 15.750000 0.000000
vt 124.249231 23.500000 0.000000
vt 124.249233 15.750000 0.000000
vt 135.544615 23.500000 0.000000
vt 135.544618 15.750000 0.000000
vt 146.840003 19.666667 0.000000
vt 146.840003 11.833333 0.000000
vt 135.544618 4.000000 0.000000
vt 146.840003 4.000000 0.000000
vt 22.590770 4.000000 0.000000
vt 33.886154 4.000000 0.000000
vt 45.181539 4.000000 0.000000
vt 56.476924 4.000000 0.000000
vt 67.772309 4.000000 0.000000
vt 79.067694 4.000000 0.000000
vt 90.363079 4.000000 0.000000
vt 101.658463 4.000000 0.000000
vt 112.953848 4.000000 0.000000
vt 124.249233 4.000000 0.000000
vt 146.840000 23.500000 0.000000
vt 146.840003 27.500000 0.000000
vt 146.840000 25.500000 0.000000
vt 135.544618 27.500000 0.000000
vt 135.544615 25.500000 0.000000
vt 124.249233 27.500000 0.000000
vt 124.249231 25.500000 0.000000
vt 112.953848 27.500000 0.000000
vt 112.953846 25.500000 0.000000
vt 101.658463 27.500000 0.000000
vt 101.658462 25.500000 0.000000
vt 90.363079 27.500000 0.000000
vt 90.363077 25.500000 0.000000
vt 79.067694 27.500000 0.000000
vt 79.067692 25.500000 0.000000
vt 67.772309 27.500000 0.000000
vt 67.772308 25.500000 0.000000
vt 56.476924 27.500000 0.000000
vt 56.476923 25.500000 0.000000
vt 45.181539 27.500000 0.000000
vt 45.181538 25.500000 0.000000
vt 33.886154 27.500000 0.000000
vt 33.886154 25.500000 0.000000
vt 22.590770 27.500000 0.000000
vt 22.590769 25.500000 0.000000
vt 11.295385 27.500000 0.000000
vt 11.295385 25.500000 0.000000
vt 0.000000 27.500000 0.000000
vt 0.000000 25.500000 0.000000
vt 146.837999 1.000000 0.000000
vt 135.542768 1.000000 0.000000
vt 146.837998 0.000000 0.000000
vt 135.542768 0.000000 0.000000
vt 124.247538 1.000000 0.000000
vt 124.247537 0.000000 0.000000
vt 112.952307 1.000000 0.000000
vt 112.952306 0.000000 0.000000
vt 101.657076 1.000000 0.000000
vt 101.657076 0.000000 0.000000
vt 90.361846 1.000000 0.000000
vt 90.361845 0.000000 0.000000
vt 79.066615 1.000000 0.000000
vt 79.066615 0.000000 0.000000
vt 67.771384 1.000000 0.000000
vt 67.771384 0.000000 0.000000
vt 56.476154 1.000000 0.000000
vt 56.476153 0.000000 0.000000
vt 45.180923 1.000000 0.000000
vt 45.180923 0.000000 0.000000
vt 33.885692 1.000000 0.000000
vt 33.885692 0.000000 0.000000
vt 22.590461 1.000000 0.000000
vt 22.590461 0.000000 0.000000
vt 11.295231 1.000000 0.000000
vt 11.295231 0.000000 0.000000
vt 0.000000 1.000000 0.000000
vt 0.000000 0.000000 0.000000
vt 146.837998 0.000000 0.000000
vt 146.837998 1.000000 0.000000
vt 135.542768 0.000000 0.000000
vt 135.542768 1.000000 0.000000
vt 124.247537 0.000000 0.000000
vt 124.247537 1.000000 0.000000
vt 112.952306 0.000000 0.000000
vt 112.952306 1.000000 0.000000
vt 101.657076 0.000000 0.000000
vt 101.657076 1.000000 0.000000
vt 90.361845 0.000000 0.000000
vt 90.361845 1.000000 0.000000
vt 79.066615 0.000000 0.000000
vt 79.066614 1.000000 0.000000
vt 67.771384 0.000000 0.000000
vt 67.771383 1.000000 0.000000
vt 56.476153 0.000000 0.000000
vt 56.476153 1.000000 0.000000
vt 45.180923 0.000000 0.000000
vt 45.180922 1.000000 0.000000
vt 33.885692 0.000000 0.000000
vt 33.885691 1.000000 0.000000
vt 22.590461 0.000000 0.000000
vt 22.590461 1.000000 0.000000
vt 11.295231 0.000000 0.000000
vt 11.295230 1.000000 0.000000
vt -0.000000 0.000000 0.000000
vt -0.000001 1.000000 0.000000
vt 0.000000 4.000000 0.000000
vt 9.761667 4.000000 0.000000
vt 0.000000 11.833333 0.000000
vt 9.761667 15.750000 0.000000
vt 0.000000 19.666667 0.000000
vt 9.761667 27.500000 0.000000
vt 0.000000 27.500000 0.000000
vt 19.523334 4.000000 0.000000
vt 19.523334 15.750000 0.000000
vt 19.523334 27.500000 0.000000
vt 29.285001 15.750000 0.000000
vt 29.285001 27.500000 0.000000
vt 39.046668 15.750000 0.000000
vt 39.046668 27.500000 0.000000
vt 48.808335 15.750000 0.000000
vt 48.808335 27.500000 0.000000
vt 56.604076 24.241181 0.000000
vt 56.570002 24.500000 0.000000
vt 29.285001 4.000000 0.000000
vt 39.046668 4.000000 0.000000
vt 48.808335 4.000000 0.000000
vt 58.570002 4.000000 0.000000
vt 58.570002 13.750000 0.000000
vt 58.570002 23.500000 0.000000
vt 57.570002 23.500000 0.000000
vt 57.311182 23.534074 0.000000
vt 57.070002 23.633975 0.000000
vt 56.862895 23.792893 0.000000
vt 56.703976 24.000000 0.000000
vt 56.604076 24.758819 0.000000
vt 56.703976 25.000000 0.000000
vt 56.862895 25.207107 0.000000
vt 58.570002 27.500000 0.000000
vt 57.070002 25.366025 0.000000
vt 57.311182 25.465926 0.000000
vt 57.570002 25.500000 0.000000
vt 58.570002 25.500000 0.000000
vt 32.285001 63.788573 0.000000
vt 32.285001 74.420001 0.000000
vt 29.285001 73.420001 0.000000
vt 30.285001 76.420001 0.000000
vt 20.190001 76.420001 0.000000
vt 19.523334 73.420001 0.000000
vt 10.095000 76.420001 0.000000
vt 9.761667 73.420001 0.000000
vt 0.000000 76.420001 0.000000
vt 0.000000 73.420001 0.000000
vt -9.761667 73.420001 0.000000
vt -10.095000 76.420001 0.000000
vt -19.523334 73.420001 0.000000
vt -20.190001 76.420001 0.000000
vt -29.285001 73.420001 0.000000
vt -30.285001 76.420001 0.000000
vt -32.285001 74.420001 0.000000
vt -32.285001 63.788573 0.000000
vt -29.285001 62.124616 0.000000
vt -32.285001 53.157144 0.000000
vt -29.285001 50.829232 0.000000
vt -32.285001 42.525715 0.000000
vt -29.285001 39.533847 0.000000
vt -32.285001 31.894286 0.000000
vt -29.285001 28.238462 0.000000
vt -32.285001 21.262858 0.000000
vt -29.285001 16.943077 0.000000
vt -32.285001 10.631429 0.000000
vt -29.285001 5.647692 0.000000
vt -32.285001 0.000000 0.000000
vt -29.285001 -5.647692 0.000000
vt -32.285001 -10.631429 0.000000
vt -29.285001 -16.943077 0.000000
vt -32.285001 -21.262858 0.000000
vt -29.285001 -28.238462 0.000000
vt -32.285001 -31.894286 0.000000
vt -29.285001 -39.533847 0.000000
vt -32.285001 -42.525715 0.000000
vt -29.285001 -50.829232 0.000000
vt -32.285001 -53.157144 0.000000
vt -29.285001 -62.124616 0.000000
vt -32.285001 -63.788573 0.000000
vt -29.285001 -73.420001 0.000000
vt -32.285001 -74.420001 0.000000
vt -30.285001 -76.420001 0.000000
vt -20.190001 -76.420001 0.000000
vt -19.523334 -73.420001 0.000000
vt -10.095000 -76.420001 0.000000
vt -9.761667 -73.420001 0.000000
vt 0.000000 -76.420001 0.000000
vt 0.000000 -73.420001 0.000000
vt 9.761667 -73.420001 0.000000
vt 10.095000 -76.420001 0.000000
vt 19.523334 -73.420001 0.000000
vt 20.190001 -76.420001 0.000000
vt 29.285001 -73.420001 0.000000
vt 30.285001 -76.420001 0.000000
vt 32.285001 -74.420001 0.000000
vt 32.285001 -63.788573 0.000000
vt 29.285001 -62.124616 0.000000
vt 32.285001 -53.157144 0.000000
vt 29.285001 -50.829232 0.000000
vt 32.285001 -42.525715 0.000000
vt 29.285001 -39.533847 0.000000
vt 32.285001 -31.894286 0.000000
vt 29.285001 -28.238462 0.000000
vt 32.285001 -21.262858 0.000000
vt 29.285001 -16.943077 0.000000
vt 32.285001 -10.631429 0.000000
vt 29.285001 -5.647692 0.000000
vt 32.285001 0.000000 0.000000
vt 29.285001 5.647692 0.000000
vt 32.285001 10.631429 0.000000
vt 29.285001 16.943077 0.000000
vt 32.285001 21.262858 0.000000
vt 29.285001 28.238462 0.000000
vt 32.285001 31.894286 0.000000
vt 29.285001 39.533847 0.000000
vt 32.285001 42.525715 0.000000
vt 29.285001 50.829232 0.000000
vt 32.285001 53.157144 0.000000
vt 29.285001 62.124616 0.000000
vt 140.208574 2.000000 0.000000
vt 150.840003 2.000000 0.000000
vt 140.208574 10.500000 0.000000
vt 150.840003 10.500000 0.000000
vt 140.208574 19.000000 0.000000
vt 150.840003 19.000000 0.000000
vt 140.208574 27.500000 0.000000
vt 150.840003 27.500000 0.000000
vt 129.577145 27.500000 0.000000
vt 129.577145 19.000000 0.000000
vt 129.577145 10.500000 0.000000
vt 129.577145 2.000000 0.000000
vt 118.945716 10.500000 0.000000
vt 118.945716 2.000000 0.000000
vt 108.314288 10.500000 0.000000
vt 108.314288 2.000000 0.000000
vt 97.682859 10.500000 0.000000
vt 97.682859 2.000000 0.000000
vt 87.051430 10.500000 0.000000
vt 87.051430 2.000000 0.000000
vt 76.420001 10.500000 0.000000
vt 76.420001 2.000000 0.000000
vt 65.788573 10.500000 0.000000
vt 65.788573 2.000000 0.000000
vt 55.157144 10.500000 0.000000
vt 55.157144 2.000000 0.000000
vt 44.525715 10.500000 0.000000
vt 44.525715 2.000000 0.000000
vt 33.894286 10.500000 0.000000
vt 33.894286 2.000000 0.000000
vt 23.262858 10.500000 0.000000
vt 23.262858 2.000000 0.000000
vt 12.631429 10.500000 0.000000
vt 12.631429 2.000000 0.000000
vt 2.000000 10.500000 0.000000
vt 2.000000 2.000000 0.000000
vt 118.945716 27.500000 0.000000
vt 118.945716 19.000000 0.000000
vt 108.314288 27.500000 0.000000
vt 108.314288 19.000000 0.000000
vt 97.682859 27.500000 0.000000
vt 97.682859 19.000000 0.000000
vt 87.051430 27.500000 0.000000
vt 87.051430 19.000000 0.000000
vt 76.420001 27.500000 0.000000
vt 76.420001 19.000000 0.000000
vt 65.788573 27.500000 0.000000
vt 65.788573 19.000000 0.000000
vt 55.157144 27.500000 0.000000
vt 55.157144 19.000000 0.000000
vt 44.525715 27.500000 0.000000
vt 44.525715 19.000000 0.000000
vt 33.894286 27.500000 0.000000
vt 33.894286 19.000000 0.000000
vt 23.262858 27.500000 0.000000
vt 23.262858 19.000000 0.000000
vt 12.631429 27.500000 0.000000
vt 12.631429 19.000000 0.000000
vt 2.000000 27.500000 0.000000
vt 2.000000 19.000000 0.000000
vt 52.475001 2.000000 0.000000
vt 62.570002 2.000000 0.000000
vt 52.475001 10.500000 0.000000
vt 62.570002 10.500000 0.000000
vt 52.475001 19.000000 0.000000
vt 62.570002 19.000000 0.000000
vt 52.475001 27.500000 0.000000
vt 62.570002 27.500000 0.000000
vt 42.380001 27.500000 0.000000
vt 42.380001 19.000000 0.000000
vt 42.380001 10.500000 0.000000
vt 42.380001 2.000000 0.000000
vt 32.285001 10.500000 0.000000
vt 32.285001 2.000000 0.000000
vt 22.190001 10.500000 0.000000
vt 22.190001 2.000000 0.000000
vt 12.095000 10.500000 0.000000
vt 12.095000 2.000000 0.000000
vt 2.000000 10.500000 0.000000
vt 2.000000 2.000000 0.000000
vt 32.285001 27.500000 0.000000
vt 32.285001 19.000000 0.000000
vt 22.190001 27.500000 0.000000
vt 22.190001 19.000000 0.000000
vt 12.095000 27.500000 0.000000
vt 12.095000 19.000000 0.000000
vt 2.000000 27.500000 0.000000
vt 2.000000 19.000000 0.000000
vt 29.285001 -62.124616 0.000000
vt 20.218611 -63.120569 0.000000
vt 29.285001 -73.420001 0.000000
vt 20.043620 -63.348622 0.000000
vt 19.523334 -73.420001 0.000000
vt 19.523334 -63.922481 0.000000
vt 18.980005 -63.633617 0.000000
vt 19.265000 -63.671137 0.000000
vt 19.549995 -63.633617 0.000000
vt 19.815568 -63.523613 0.000000
vt 29.285001 -50.829232 0.000000
vt 20.043620 -61.791381 0.000000
vt 20.218611 -62.019433 0.000000
vt 20.328615 -62.285006 0.000000
vt 29.285001 -39.533847 0.000000
vt 19.523334 -39.533847 0.000000
vt 19.523334 -50.829232 0.000000
vt 19.815568 -61.616390 0.000000
vt 19.549995 -61.506386 0.000000
vt 19.265000 -61.468865 0.000000
vt 18.980005 -61.506386 0.000000
vt 18.714432 -61.616390 0.000000
vt 18.486379 -61.791381 0.000000
vt 9.761667 -50.829232 0.000000
vt 9.761667 -62.051711 0.000000
vt 0.000000 -50.829232 0.000000
vt 0.000000 -62.088565 0.000000
vt -9.761667 -50.829232 0.000000
vt -9.761667 -62.125419 0.000000
vt -12.582733 -61.463445 0.000000
vt -12.353976 -61.638976 0.000000
vt 19.523334 -28.238462 0.000000
vt 29.285001 -28.238462 0.000000
vt 19.523334 -16.943077 0.000000
vt 29.285001 -16.943077 0.000000
vt 19.523334 -5.647692 0.000000
vt 29.285001 -5.647692 0.000000
vt 19.523334 5.647692 0.000000
vt 29.285001 5.647692 0.000000
vt 19.523334 16.943077 0.000000
vt 29.285001 16.943077 0.000000
vt 19.523334 28.238462 0.000000
vt 29.285001 28.238462 0.000000
vt 19.523334 39.533847 0.000000
vt 29.285001 39.533847 0.000000
vt 19.523334 50.829232 0.000000
vt 29.285001 50.829232 0.000000
vt 19.523334 62.124616 0.000000
vt 29.285001 62.124616 0.000000
vt 20.686369 63.408632 0.000000
vt 20.859730 63.634560 0.000000
vt 20.968710 63.897660 0.000000
vt 21.005880 64.180001 0.000000
vt 20.968710 64.462341 0.000000
vt 20.859730 64.725441 0.000000
vt 29.285001 73.420001 0.000000
vt 20.686369 64.951370 0.000000
vt 19.523334 73.420001 0.000000
vt 20.460440 65.124731 0.000000
vt 20.197341 65.233710 0.000000
vt 19.915000 65.270881 0.000000
vt 19.632659 65.233710 0.000000
vt 19.369560 65.124731 0.000000
vt 19.143631 64.951370 0.000000
vt 9.761667 73.420001 0.000000
vt 18.970270 64.725441 0.000000
vt 9.761667 63.086039 0.000000
vt 18.861290 64.462341 0.000000
vt 18.824119 64.180001 0.000000
vt 18.861290 63.897660 0.000000
vt 9.761667 62.124616 0.000000
vt 18.970270 63.634560 0.000000
vt 19.143631 63.408632 0.000000
vt 19.369560 63.235270 0.000000
vt 19.523334 63.089001 0.000000
vt 19.632659 63.126291 0.000000
vt 19.915000 63.089120 0.000000
vt 20.197341 63.126291 0.000000
vt 20.460440 63.235270 0.000000
vt 0.000000 73.420001 0.000000
vt 0.000000 63.083078 0.000000
vt 0.000000 62.124616 0.000000
vt 9.761667 50.829232 0.000000
vt 0.000000 50.829232 0.000000
vt 9.761667 39.533847 0.000000
vt 0.000000 39.533847 0.000000
vt 9.761667 28.238462 0.000000
vt 0.000000 28.238462 0.000000
vt 9.761667 16.943077 0.000000
vt 0.000000 16.943077 0.000000
vt 9.761667 5.647692 0.000000
vt 0.000000 5.647692 0.000000
vt 9.761667 -5.647692 0.000000
vt 0.000000 -5.647692 0.000000
vt 9.761667 -16.943077 0.000000
vt 0.000000 -16.943077 0.000000
vt 9.761667 -28.238462 0.000000
vt 0.000000 -28.238462 0.000000
vt 9.761667 -39.533847 0.000000
vt 0.000000 -39.533847 0.000000
vt -9.761667 73.420001 0.000000
vt -9.761667 63.080116 0.000000
vt -9.761667 62.124616 0.000000
vt -9.761667 50.829232 0.000000
vt -9.761667 39.533847 0.000000
vt -9.761667 28.238462 0.000000
vt -9.761667 16.943077 0.000000
vt -9.761667 5.647692 0.000000
vt -9.761667 -5.647692 0.000000
vt -9.761667 -16.943077 0.000000
vt -9.761667 -28.238462 0.000000
vt -9.761667 -39.533847 0.000000
vt -19.523334 73.420001 0.000000
vt -14.169996 65.243616 0.000000
vt -13.885001 65.281136 0.000000
vt -13.600006 65.243616 0.000000
vt -29.285001 73.420001 0.000000
vt -19.523334 62.729490 0.000000
vt -14.838612 64.730569 0.000000
vt -14.663621 64.958621 0.000000
vt -29.285001 62.124616 0.000000
vt -19.523334 62.124616 0.000000
vt -14.838612 63.629433 0.000000
vt -14.663621 63.401380 0.000000
vt -14.435569 63.226389 0.000000
vt -14.169996 63.116385 0.000000
vt -19.523334 50.829232 0.000000
vt -13.885001 63.078865 0.000000
vt -13.600006 63.116385 0.000000
vt -13.334433 63.226389 0.000000
vt -13.106380 63.401380 0.000000
vt -12.931389 63.629433 0.000000
vt -12.821385 63.895006 0.000000
vt -12.783865 64.180001 0.000000
vt -12.821385 64.464996 0.000000
vt -12.931389 64.730569 0.000000
vt -13.106380 64.958621 0.000000
vt -13.334433 65.133612 0.000000
vt -29.285001 50.829232 0.000000
vt -19.523334 39.533847 0.000000
vt -29.285001 39.533847 0.000000
vt -19.523334 28.238462 0.000000
vt -29.285001 28.238462 0.000000
vt -19.523334 16.943077 0.000000
vt -29.285001 16.943077 0.000000
vt -19.523334 5.647692 0.000000
vt -29.285001 5.647692 0.000000
vt -19.523334 -5.647692 0.000000
vt -29.285001 -5.647692 0.000000
vt -19.523334 -16.943077 0.000000
vt -29.285001 -16.943077 0.000000
vt -19.523334 -28.238462 0.000000
vt -29.285001 -28.238462 0.000000
vt -19.523334 -39.533847 0.000000
vt -29.285001 -39.533847 0.000000
vt -19.523334 -50.829232 0.000000
vt -29.285001 -50.829232 0.000000
vt -29.285001 -62.124616 0.000000
vt -19.523334 -62.130771 0.000000
vt -29.285001 -73.420001 0.000000
vt -19.523334 -73.420001 0.000000
vt -9.761667 -73.420001 0.000000
vt -13.420876 -63.486901 0.000000
vt -13.687269 -63.376558 0.000000
vt -13.916026 -63.201026 0.000000
vt 0.000000 -73.420001 0.000000
vt 0.000000 -63.569151 0.000000
vt -9.761667 -63.535995 0.000000
vt -12.849126 -63.486901 0.000000
vt -12.582733 -63.376558 0.000000
vt -12.353976 -63.201026 0.000000
vt -12.178444 -62.972269 0.000000
vt -12.068101 -62.705876 0.000000
vt -12.030465 -62.420001 0.000000
vt -12.068101 -62.134126 0.000000
vt -12.178444 -61.867733 0.000000
vt 9.761667 -63.602306 0.000000
vt 9.761667 -73.420001 0.000000
vt 18.486379 -63.348622 0.000000
vt 18.714432 -63.523613 0.000000
vt 20.366136 -62.570001 0.000000
vt 20.328615 -62.854996 0.000000
vt 18.311388 -63.120569 0.000000
vt 18.201384 -62.854996 0.000000
vt 18.163864 -62.570001 0.000000
vt 18.201384 -62.285006 0.000000
vt 18.311388 -62.019433 0.000000
vt -13.135001 -63.524537 0.000000
vt -14.091557 -62.972269 0.000000
vt -14.201901 -62.705876 0.000000
vt -14.239537 -62.420001 0.000000
vt -14.201901 -62.134126 0.000000
vt -14.091557 -61.867733 0.000000
vt -13.916026 -61.638976 0.000000
vt -13.687269 -61.463445 0.000000
vt -13.420876 -61.353101 0.000000
vt -13.135001 -61.315465 0.000000
vt -12.849126 -61.353101 0.000000
vt -14.948616 63.895006 0.000000
vt -14.986136 64.180001 0.000000
vt -14.948616 64.464996 0.000000
vt -14.435569 65.133612 0.000000
vt -11.500000 -3.171043 0.000000
vt -15.750000 -3.171043 0.000000
vt -11.500000 -3.459320 0.000000
vt -15.750000 -3.459320 0.000000
vt -11.500000 3.459320 0.000000
vt -15.750000 3.459320 0.000000
vt -11.500000 3.171043 0.000000
vt -15.750000 3.171043 0.000000
vt -11.500000 2.882767 0.000000
vt -15.750000 2.882767 0.000000
vt -11.500000 2.594490 0.000000
vt -15.750000 2.594490 0.000000
vt -11.500000 2.306213 0.000000
vt -15.750000 2.306213 0.000000
vt -11.500000 2.017937 0.000000
vt -15.750000 2.017937 0.000000
vt -11.500000 1.729660 0.000000
vt -15.750000 1.729660 0.000000
vt -11.500000 1.441383 0.000000
vt -15.750000 1.441383 0.000000
vt -11.500000 1.153107 0.000000
vt -15.750000 1.153107 0.000000
vt -11.500000 0.864830 0.000000
vt -15.750000 0.864830 0.000000
vt -11.500000 0.576553 0.000000
vt -15.750000 0.576553 0.000000
vt -11.500000 0.288277 0.000000
vt -15.750000 0.288277 0.000000
vt -11.500000 0.000000 0.000000
vt -15.750000 0.000000 0.000000
vt -11.500000 -0.288277 0.000000
vt -15.750000 -0.288277 0.000000
vt -11.500000 -0.576553 0.000000
vt -15.750000 -0.576553 0.000000
vt -11.500000 -0.864830 0.000000
vt -15.750000 -0.864830 0.000000
vt -11.500000 -1.153107 0.000000
vt -15.750000 -1.153107 0.000000
vt -11.500000 -1.441383 0.000000
vt -15.750000 -1.441383 0.000000
vt -11.500000 -1.729660 0.000000
vt -15.750000 -1.729660 0.000000
vt -11.500000 -2.017937 0.000000
vt -15.750000 -2.017937 0.000000
vt -11.500000 -2.306213 0.000000
vt -15.750000 -2.306213 0.000000
vt -11.500000 -2.594490 0.000000
vt -15.750000 -2.594490 0.000000
vt -11.500000 -2.882767 0.000000
vt -15.750000 -2.882767 0.000000
vt -20.000000 3.171043 0.000000
vt -20.000000 3.459320 0.000000
vt -20.000000 -3.459320 0.000000
vt -20.000000 -3.171043 0.000000
vt -20.000000 -2.882767 0.000000
vt -20.000000 -2.594490 0.000000
vt -20.000000 -2.306213 0.000000
vt -20.000000 -2.017937 0.000000
vt -20.000000 -1.729660 0.000000
vt -20.000000 -1.441383 0.000000
vt -20.000000 -1.153107 0.000000
vt -20.000000 -0.864830 0.000000
vt -20.000000 -0.576553 0.000000
vt -20.000000 -0.288277 0.000000
vt -20.000000 0.000000 0.000000
vt -20.000000 0.288277 0.000000
vt -20.000000 0.576553 0.000000
vt -20.000000 0.864830 0.000000
vt -20.000000 1.153107 0.000000
vt -20.000000 1.441383 0.000000
vt -20.000000 1.729660 0.000000
vt -20.000000 2.017937 0.000000
vt -20.000000 2.306213 0.000000
vt -20.000000 2.594490 0.000000
vt -20.000000 2.882767 0.000000
vt -1.063616 -0.284995 0.000000
vt 1.063616 -0.284995 0.000000
vt -1.101136 0.000000 0.000000
vt 1.101136 0.000000 0.000000
vt -1.063616 0.284995 0.000000
vt 1.063616 0.284995 0.000000
vt -0.953612 0.550568 0.000000
vt 0.953612 0.550568 0.000000
vt -0.778621 0.778621 0.000000
vt 0.778621 0.778621 0.000000
vt -0.550568 0.953612 0.000000
vt 0.550568 0.953612 0.000000
vt -0.284995 1.063616 0.000000
vt 0.284995 1.063616 0.000000
vt 0.000000 1.101136 0.000000
vt 0.953612 -0.550568 0.000000
vt -0.953612 -0.550568 0.000000
vt 0.778621 -0.778621 0.000000
vt -0.778621 -0.778621 0.000000
vt 0.550568 -0.953612 0.000000
vt -0.550568 -0.953612 0.000000
vt 0.284995 -1.063616 0.000000
vt -0.284995 -1.063616 0.000000
vt 0.000000 -1.101136 0.000000
vt -1.448889 -0.388229 0.000000
vt -1.053710 -0.282341 0.000000
vt -1.500000 0.000000 0.000000
vt -1.090881 0.000000 0.000000
vt -1.053710 0.282341 0.000000
vt -0.944730 -0.545440 0.000000
vt -1.299038 -0.750000 0.000000
vt -0.771369 -0.771369 0.000000
vt -1.060660 -1.060660 0.000000
vt -0.545440 -0.944730 0.000000
vt -0.750000 -1.299038 0.000000
vt -0.282341 -1.053710 0.000000
vt -0.388229 -1.448889 0.000000
vt 0.000000 -1.090881 0.000000
vt 0.000000 -1.500000 0.000000
vt 0.388229 -1.448889 0.000000
vt 0.282341 -1.053710 0.000000
vt 0.750000 -1.299038 0.000000
vt 0.545440 -0.944730 0.000000
vt 1.060660 -1.060660 0.000000
vt 0.771369 -0.771369 0.000000
vt 1.299038 -0.750000 0.000000
vt 0.944730 -0.545440 0.000000
vt 1.448889 -0.388229 0.000000
vt 1.053710 -0.282341 0.000000
vt 1.090881 0.000000 0.000000
vt 1.500000 0.000000 0.000000
vt 1.053710 0.282341 0.000000
vt 1.448889 0.388229 0.000000
vt 0.944730 0.545440 0.000000
vt 1.299038 0.750000 0.000000
vt 0.771369 0.771369 0.000000
vt 1.060660 1.060660 0.000000
vt 0.545440 0.944730 0.000000
vt 0.750000 1.299038 0.000000
vt 0.282341 1.053710 0.000000
vt 0.388229 1.448889 0.000000
vt 0.000000 1.090881 0.000000
vt 0.000000 1.500000 0.000000
vt -0.388229 1.448889 0.000000
vt -0.282341 1.053710 0.000000
vt -0.750000 1.299038 0.000000
vt -0.545440 0.944730 0.000000
vt -1.060660 1.060660 0.000000
vt -0.771369 0.771369 0.000000
vt -1.299038 0.750000 0.000000
vt -0.944730 0.545440 0.000000
vt -1.448889 0.388229 0.000000
vt 1.448889 0.388229 0.000000
vt 1.053710 0.282341 0.000000
vt 1.500000 0.000000 0.000000
vt 1.090881 0.000000 0.000000
vt 1.448889 -0.388229 0.000000
vt 1.053710 -0.282341 0.000000
vt 0.944730 -0.545440 0.000000
vt 0.944730 0.545440 0.000000
vt 1.299038 0.750000 0.000000
vt 0.771369 0.771369 0.000000
vt 1.060660 1.060660 0.000000
vt 0.545440 0.944730 0.000000
vt 0.750000 1.299038 0.000000
vt 0.282341 1.053710 0.000000
vt 0.388229 1.448889 0.000000
vt -0.000000 1.090881 0.000000
vt -0.000000 1.500000 0.000000
vt -0.388229 1.448889 0.000000
vt -0.282341 1.053710 0.000000
vt -0.750000 1.299038 0.000000
vt -0.545440 0.944730 0.000000
vt -1.060660 1.060660 0.000000
vt -0.771369 0.771369 0.000000
vt -1.299038 0.750000 0.000000
vt -0.944730 0.545440 0.000000
vt -1.448889 0.388229 0.000000
vt -1.053710 0.282341 0.000000
vt -1.500000 0.000000 0.000000
vt -1.090881 0.000000 0.000000
vt -1.053710 -0.282341 0.000000
vt -1.448889 -0.388229 0.000000
vt -0.944730 -0.545440 0.000000
vt -1.299038 -0.750000 0.000000
vt -0.771369 -0.771369 0.000000
vt -1.060660 -1.060660 0.000000
vt -0.545440 -0.944730 0.000000
vt -0.750000 -1.299038 0.000000
vt -0.282341 -1.053710 0.000000
vt -0.388229 -1.448889 0.000000
vt -0.000000 -1.090881 0.000000
vt -0.000000 -1.500000 0.000000
vt 0.388229 -1.448889 0.000000
vt 0.282341 -1.053710 0.000000
vt 0.750000 -1.299038 0.000000
vt 0.545440 -0.944730 0.000000
vt 1.060660 -1.060660 0.000000
vt 0.771369 -0.771369 0.000000
vt 1.299038 -0.750000 0.000000
vt -1.500000 4.319690 0.000000
vt -0.000000 4.319690 0.000000
vt -1.500000 4.712389 0.000000
vt -0.000000 4.712389 0.000000
vt -1.500000 -4.712389 0.000000
vt -0.000000 -4.712389 0.000000
vt -1.500000 -4.319690 0.000000
vt -0.000000 -4.319690 0.000000
vt -1.500000 -3.926991 0.000000
vt -0.000000 -3.926991 0.000000
vt -1.500000 -3.534292 0.000000
vt -0.000000 -3.534292 0.000000
vt -1.500000 -3.141593 0.000000
vt -0.000000 -3.141593 0.000000
vt -1.500000 -2.748894 0.000000
vt -0.000000 -2.748894 0.000000
vt -1.500000 -2.356194 0.000000
vt -0.000000 -2.356194 0.000000
vt -1.500000 -1.963495 0.000000
vt -0.000000 -1.963495 0.000000
vt -1.500000 -1.570796 0.000000
vt -0.000000 -1.570796 0.000000
vt -1.500000 -1.178097 0.000000
vt -0.000000 -1.178097 0.000000
vt -1.500000 -0.785398 0.000000
vt -0.000000 -0.785398 0.000000
vt -1.500000 -0.392699 0.000000
vt -0.000000 -0.392699 0.000000
vt -1.500000 0.000000 0.000000
vt -0.000000 0.000000 0.000000
vt -1.500000 0.392699 0.000000
vt -0.000000 0.392699 0.000000
vt -1.500000 0.785398 0.000000
vt -0.000000 0.785398 0.000000
vt -1.500000 1.178097 0.000000
vt -0.000000 1.178097 0.000000
vt -1.500000 1.570796 0.000000
vt -0.000000 1.570796 0.000000
vt -1.500000 1.963495 0.000000
vt -0.000000 1.963495 0.000000
vt -1.500000 2.356194 0.000000
vt -0.000000 2.356194 0.000000
vt -1.500000 2.748894 0.000000
vt 0.000000 2.748894 0.000000
vt -1.500000 3.141593 0.000000
vt 0.000000 3.141593 0.000000
vt -1.500000 3.534292 0.000000
vt -0.000000 3.534292 0.000000
vt -1.500000 3.926991 0.000000
vt 0.000000 3.926991 0.000000
vt -0.000000 -3.141511 0.000000
vt -5.000000 -3.141511 0.000000
vt -0.000000 -3.427102 0.000000
vt -5.000000 -3.427102 0.000000
vt -0.000000 3.427102 0.000000
vt -5.000000 3.427102 0.000000
vt -0.000000 3.141511 0.000000
vt -5.000000 3.141511 0.000000
vt -0.000000 2.855919 0.000000
vt -5.000000 2.855919 0.000000
vt 0.000000 2.570327 0.000000
vt -5.000000 2.570327 0.000000
vt -0.000000 2.284735 0.000000
vt -5.000000 2.284735 0.000000
vt -0.000000 1.999143 0.000000
vt -5.000000 1.999143 0.000000
vt -0.000000 1.713551 0.000000
vt -5.000000 1.713551 0.000000
vt -0.000000 1.427959 0.000000
vt -5.000000 1.427959 0.000000
vt -0.000000 1.142367 0.000000
vt -5.000000 1.142367 0.000000
vt -0.000000 0.856776 0.000000
vt -5.000000 0.856776 0.000000
vt -0.000000 0.571184 0.000000
vt -5.000000 0.571184 0.000000
vt -0.000000 0.285592 0.000000
vt -5.000000 0.285592 0.000000
vt -0.000000 0.000000 0.000000
vt -5.000000 0.000000 0.000000
vt -0.000000 -0.285592 0.000000
vt -5.000000 -0.285592 0.000000
vt -0.000000 -0.571184 0.000000
vt -5.000000 -0.571184 0.000000
vt -0.000000 -0.856776 0.000000
vt -5.000000 -0.856776 0.000000
vt -0.000000 -1.142367 0.000000
vt -5.000000 -1.142367 0.000000
vt -0.000000 -1.427959 0.000000
vt -5.000000 -1.427959 0.000000
vt -0.000000 -1.713551 0.000000
vt -5.000000 -1.713551 0.000000
vt -0.000000 -1.999143 0.000000
vt -5.000000 -1.999143 0.000000
vt -0.000000 -2.284735 0.000000
vt -5.000000 -2.284735 0.000000
vt -0.000000 -2.570327 0.000000
vt -5.000000 -2.570327 0.000000
vt -0.000000 -2.855919 0.000000
vt -5.000000 -2.855919 0.000000
vt -10.000000 3.141511 0.000000
vt -10.000000 3.427102 0.000000
vt -10.000000 -3.427102 0.000000
vt -10.000000 -3.141511 0.000000
vt -10.000000 -2.855919 0.000000
vt -10.000000 -2.570327 0.000000
vt -10.000000 -2.284735 0.000000
vt -10.000000 -1.999143 0.000000
vt -10.000000 -1.713551 0.000000
vt -10.000000 -1.427959 0.000000
vt -10.000000 -1.142367 0.000000
vt -10.000000 -0.856776 0.000000
vt -10.000000 -0.571184 0.000000
vt -10.000000 -0.285592 0.000000
vt -10.000000 0.000000 0.000000
vt -10.000000 0.285592 0.000000
vt -10.000000 0.571184 0.000000
vt -10.000000 0.856776 0.000000
vt -10.000000 1.142367 0.000000
vt -10.000000 1.427959 0.000000
vt -10.000000 1.713551 0.000000
vt -10.000000 1.999143 0.000000
vt -10.000000 2.284735 0.000000
vt -10.000000 2.570327 0.000000
vt -10.000000 2.855919 0.000000
vt -11.500000 -3.141511 0.000000
vt -15.750000 -3.141511 0.000000
vt -11.500000 -3.427102 0.000000
vt -15.750000 -3.427102 0.000000
vt -11.500000 3.427102 0.000000
vt -15.750000 3.427102 0.000000
vt -11.500000 3.141511 0.000000
vt -15.750000 3.141511 0.000000
vt -11.500000 2.855919 0.000000
vt -15.750000 2.855919 0.000000
vt -11.500000 2.570327 0.000000
vt -15.750000 2.570327 0.000000
vt -11.500000 2.284735 0.000000
vt -15.750000 2.284735 0.000000
vt -11.500000 1.999143 0.000000
vt -15.750000 1.999143 0.000000
vt -11.500000 1.713551 0.000000
vt -15.750000 1.713551 0.000000
vt -11.500000 1.427959 0.000000
vt -15.750000 1.427959 0.000000
vt -11.500000 1.142367 0.000000
vt -15.750000 1.142367 0.000000
vt -11.500000 0.856776 0.000000
vt -15.750000 0.856776 0.000000
vt -11.500000 0.571184 0.000000
vt -15.750000 0.571184 0.000000
vt -11.500000 0.285592 0.000000
vt -15.750000 0.285592 0.000000
vt -11.500000 0.000000 0.000000
vt -15.750000 0.000000 0.000000
vt -11.500000 -0.285592 0.000000
vt -15.750000 -0.285592 0.000000
vt -11.500000 -0.571184 0.000000
vt -15.750000 -0.571184 0.000000
vt -11.500000 -0.856776 0.000000
vt -15.750000 -0.856776 0.000000
vt -11.500000 -1.142367 0.000000
vt -15.750000 -1.142367 0.000000
vt -11.500000 -1.427959 0.000000
vt -15.750000 -1.427959 0.000000
vt -11.500000 -1.713551 0.000000
vt -15.750000 -1.713551 0.000000
vt -11.500000 -1.999143 0.000000
vt -15.750000 -1.999143 0.000000
vt -11.500000 -2.284735 0.000000
vt -15.750000 -2.284735 0.000000
vt -11.500000 -2.570327 0.000000
vt -15.750000 -2.570327 0.000000
vt -11.500000 -2.855919 0.000000
vt -15.750000 -2.855919 0.000000
vt -20.000000 3.141511 0.000000
vt -20.000000 3.427102 0.000000
vt -20.000000 -3.427102 0.000000
vt -20.000000 -3.141511 0.000000
vt -20.000000 -2.855919 0.000000
vt -20.000000 -2.570327 0.000000
vt -20.000000 -2.284735 0.000000
vt -20.000000 -1.999143 0.000000
vt -20.000000 -1.713551 0.000000
vt -20.000000 -1.427959 0.000000
vt -20.000000 -1.142367 0.000000
vt -20.000000 -0.856776 0.000000
vt -20.000000 -0.571184 0.000000
vt -20.000000 -0.285592 0.000000
vt -20.000000 0.000000 0.000000
vt -20.000000 0.285592 0.000000
vt -20.000000 0.571184 0.000000
vt -20.000000 0.856776 0.000000
vt -20.000000 1.142367 0.000000
vt -20.000000 1.427959 0.000000
vt -20.000000 1.713551 0.000000
vt -20.000000 1.999143 0.000000
vt -20.000000 2.284735 0.000000
vt -20.000000 2.570327 0.000000
vt -20.000000 2.855919 0.000000
vt -1.053710 -0.282341 0.000000
vt 1.053710 -0.282341 0.000000
vt -1.090881 0.000000 0.000000
vt 1.090881 0.000000 0.000000
vt -1.053710 0.282341 0.000000
vt 1.053710 0.282341 0.000000
vt -0.944730 0.545440 0.000000
vt 0.944730 0.545440 0.000000
vt -0.771369 0.771369 0.000000
vt 0.771369 0.771369 0.000000
vt -0.545440 0.944730 0.000000
vt 0.545440 0.944730 0.000000
vt -0.282341 1.053710 0.000000
vt 0.282341 1.053710 0.000000
vt 0.000000 1.090881 0.000000
vt 0.944730 -0.545440 0.000000
vt -0.944730 -0.545440 0.000000
vt 0.771369 -0.771369 0.000000
vt -0.771369 -0.771369 0.000000
vt 0.545440 -0.944730 0.000000
vt -0.545440 -0.944730 0.000000
vt 0.282341 -1.053710 0.000000
vt -0.282341 -1.053710 0.000000
vt 0.000000 -1.090881 0.000000
vt -1.448889 -0.388229 0.000000
vt -1.066900 -0.285875 0.000000
vt -1.500000 0.000000 0.000000
vt -1.104536 0.000000 0.000000
vt -1.066900 0.285875 0.000000
vt -0.956556 -0.552268 0.000000
vt -1.299038 -0.750000 0.000000
vt -0.781025 -0.781025 0.000000
vt -1.060660 -1.060660 0.000000
vt -0.552268 -0.956556 0.000000
vt -0.750000 -1.299038 0.000000
vt -0.285875 -1.066900 0.000000
vt -0.388229 -1.448889 0.000000
vt 0.000000 -1.104536 0.000000
vt 0.000000 -1.500000 0.000000
vt 0.388229 -1.448889 0.000000
vt 0.285875 -1.066900 0.000000
vt 0.750000 -1.299038 0.000000
vt 0.552268 -0.956556 0.000000
vt 1.060660 -1.060660 0.000000
vt 0.781025 -0.781025 0.000000
vt 1.299038 -0.750000 0.000000
vt 0.956556 -0.552268 0.000000
vt 1.448889 -0.388229 0.000000
vt 1.066900 -0.285875 0.000000
vt 1.104536 0.000000 0.000000
vt 1.500000 0.000000 0.000000
vt 1.066900 0.285875 0.000000
vt 1.448889 0.388229 0.000000
vt 0.956556 0.552268 0.000000
vt 1.299038 0.750000 0.000000
vt 0.781025 0.781025 0.000000
vt 1.060660 1.060660 0.000000
vt 0.552268 0.956556 0.000000
vt 0.750000 1.299038 0.000000
vt 0.285875 1.066900 0.000000
vt 0.388229 1.448889 0.000000
vt 0.000000 1.104536 0.000000
vt 0.000000 1.500000 0.000000
vt -0.388229 1.448889 0.000000
vt -0.285875 1.066900 0.000000
vt -0.750000 1.299038 0.000000
vt -0.552268 0.956556 0.000000
vt -1.060660 1.060660 0.000000
vt -0.781025 0.781025 0.000000
vt -1.299038 0.750000 0.000000
vt -0.956556 0.552268 0.000000
vt -1.448889 0.388229 0.000000
vt 1.448889 0.388229 0.000000
vt 1.066900 0.285875 0.000000
vt 1.500000 0.000000 0.000000
vt 1.104536 0.000000 0.000000
vt 1.448889 -0.388229 0.000000
vt 1.066900 -0.285875 0.000000
vt 0.956556 -0.552268 0.000000
vt 0.956556 0.552268 0.000000
vt 1.299038 0.750000 0.000000
vt 0.781025 0.781025 0.000000
vt 1.060660 1.060660 0.000000
vt 0.552268 0.956556 0.000000
vt 0.750000 1.299038 0.000000
vt 0.285875 1.066900 0.000000
vt 0.388229 1.448889 0.000000
vt -0.000000 1.104536 0.000000
vt -0.000000 1.500000 0.000000
vt -0.388229 1.448889 0.000000
vt -0.285875 1.066900 0.000000
vt -0.750000 1.299038 0.000000
vt -0.552268 0.956556 0.000000
vt -1.060660 1.060660 0.000000
vt -0.781025 0.781025 0.000000
vt -1.299038 0.750000 0.000000
vt -0.956556 0.552268 0.000000
vt -1.448889 0.388229 0.000000
vt -1.066900 0.285875 0.000000
vt -1.500000 0.000000 0.000000
vt -1.104536 0.000000 0.000000
vt -1.066900 -0.285875 0.000000
vt -1.448889 -0.388229 0.000000
vt -0.956556 -0.552268 0.000000
vt -1.299038 -0.750000 0.000000
vt -0.781025 -0.781025 0.000000
vt -1.060660 -1.060660 0.000000
vt -0.552268 -0.956556 0.000000
vt -0.750000 -1.299038 0.000000
vt -0.285875 -1.066900 0.000000
vt -0.388229 -1.448889 0.000000
vt -0.000000 -1.104536 0.000000
vt -0.000000 -1.500000 0.000000
vt 0.388229 -1.448889 0.000000
vt 0.285875 -1.066900 0.000000
vt 0.750000 -1.299038 0.000000
vt 0.552268 -0.956556 0.000000
vt 1.060660 -1.060660 0.000000
vt 0.781025 -0.781025 0.000000
vt 1.299038 -0.750000 0.000000
vt -1.500000 4.319690 0.000000
vt 0.000000 4.319690 0.000000
vt -1.500000 4.712389 0.000000
vt -0.000000 4.712389 0.000000
vt -1.500000 -4.712389 0.000000
vt -0.000000 -4.712389 0.000000
vt -1.500000 -4.319690 0.000000
vt -0.000000 -4.319690 0.000000
vt -1.500000 -3.926991 0.000000
vt -0.000000 -3.926991 0.000000
vt -1.500000 -3.534292 0.000000
vt -0.000000 -3.534292 0.000000
vt -1.500000 -3.141593 0.000000
vt -0.000000 -3.141593 0.000000
vt -1.500000 -2.748894 0.000000
vt -0.000000 -2.748894 0.000000
vt -1.500000 -2.356194 0.000000
vt -0.000000 -2.356194 0.000000
vt -1.500000 -1.963495 0.000000
vt -0.000000 -1.963495 0.000000
vt -1.500000 -1.570796 0.000000
vt -0.000000 -1.570796 0.000000
vt -1.500000 -1.178097 0.000000
vt -0.000000 -1.178097 0.000000
vt -1.500000 -0.785398 0.000000
vt -0.000000 -0.785398 0.000000
vt -1.500000 -0.392699 0.000000
vt -0.000000 -0.392699 0.000000
vt -1.500000 0.000000 0.000000
vt -0.000000 0.000000 0.000000
vt -1.500000 0.392699 0.000000
vt -0.000000 0.392699 0.000000
vt -1.500000 0.785398 0.000000
vt -0.000000 0.785398 0.000000
vt -1.500000 1.178097 0.000000
vt -0.000000 1.178097 0.000000
vt -1.500000 1.570796 0.000000
vt -0.000000 1.570796 0.000000
vt -1.500000 1.963495 0.000000
vt -0.000000 1.963495 0.000000
vt -1.500000 2.356194 0.000000
vt -0.000000 2.356194 0.000000
vt -1.500000 2.748894 0.000000
vt -0.000000 2.748894 0.000000
vt -1.500000 3.141593 0.000000
vt 0.000000 3.141593 0.000000
vt -1.500000 3.534292 0.000000
vt -0.000000 3.534292 0.000000
vt -1.500000 3.926991 0.000000
vt 0.000000 3.926991 0.000000
vt -0.000000 -3.180836 0.000000
vt -5.000000 -3.180836 0.000000
vt -0.000000 -3.470003 0.000000
vt -5.000000 -3.470003 0.000000
vt -0.000000 3.470003 0.000000
vt -5.000000 3.470003 0.000000
vt 0.000000 3.180836 0.000000
vt -5.000000 3.180836 0.000000
vt 0.000000 2.891669 0.000000
vt -5.000000 2.891669 0.000000
vt 0.000000 2.602502 0.000000
vt -5.000000 2.602502 0.000000
vt 0.000000 2.313335 0.000000
vt -5.000000 2.313335 0.000000
vt 0.000000 2.024168 0.000000
vt -5.000000 2.024168 0.000000
vt -0.000000 1.735001 0.000000
vt -5.000000 1.735001 0.000000
vt -0.000000 1.445834 0.000000
vt -5.000000 1.445834 0.000000
vt -0.000000 1.156668 0.000000
vt -5.000000 1.156668 0.000000
vt -0.000000 0.867501 0.000000
vt -5.000000 0.867501 0.000000
vt -0.000000 0.578334 0.000000
vt -5.000000 0.578334 0.000000
vt -0.000000 0.289167 0.000000
vt -5.000000 0.289167 0.000000
vt -0.000000 0.000000 0.000000
vt -5.000000 0.000000 0.000000
vt -0.000000 -0.289167 0.000000
vt -5.000000 -0.289167 0.000000
vt -0.000000 -0.578334 0.000000
vt -5.000000 -0.578334 0.000000
vt -0.000000 -0.867501 0.000000
vt -5.000000 -0.867501 0.000000
vt -0.000000 -1.156668 0.000000
vt -5.000000 -1.156668 0.000000
vt -0.000000 -1.445834 0.000000
vt -5.000000 -1.445834 0.000000
vt -0.000000 -1.735001 0.000000
vt -5.000000 -1.735001 0.000000
vt -0.000000 -2.024168 0.000000
vt -5.000000 -2.024168 0.000000
vt -0.000000 -2.313335 0.000000
vt -5.000000 -2.313335 0.000000
vt -0.000000 -2.602502 0.000000
vt -5.000000 -2.602502 0.000000
vt -0.000000 -2.891669 0.000000
vt -5.000000 -2.891669 0.000000
vt -10.000000 3.180836 0.000000
vt -10.000000 3.470003 0.000000
vt -10.000000 -3.470003 0.000000
vt -10.000000 -3.180836 0.000000
vt -10.000000 -2.891669 0.000000
vt -10.000000 -2.602502 0.000000
vt -10.000000 -2.313335 0.000000
vt -10.000000 -2.024168 0.000000
vt -10.000000 -1.735001 0.000000
vt -10.000000 -1.445834 0.000000
vt -10.000000 -1.156668 0.000000
vt -10.000000 -0.867501 0.000000
vt -10.000000 -0.578334 0.000000
vt -10.000000 -0.289167 0.000000
vt -10.000000 0.000000 0.000000
vt -10.000000 0.289167 0.000000
vt -10.000000 0.578334 0.000000
vt -10.000000 0.867501 0.000000
vt -10.000000 1.156668 0.000000
vt -10.000000 1.445834 0.000000
vt -10.000000 1.735001 0.000000
vt -10.000000 2.024168 0.000000
vt -10.000000 2.313335 0.000000
vt -10.000000 2.602502 0.000000
vt -10.000000 2.891669 0.000000
vt -11.500000 -3.180836 0.000000
vt -15.750000 -3.180836 0.000000
vt -11.500000 -3.470003 0.000000
vt -15.750000 -3.470003 0.000000
vt -11.500000 3.470003 0.000000
vt -15.750000 3.470003 0.000000
vt -11.500000 3.180836 0.000000
vt -15.750000 3.180836 0.000000
vt -11.500000 2.891669 0.000000
vt -15.750000 2.891669 0.000000
vt -11.500000 2.602502 0.000000
vt -15.750000 2.602502 0.000000
vt -11.500000 2.313335 0.000000
vt -15.750000 2.313335 0.000000
vt -11.500000 2.024168 0.000000
vt -15.750000 2.024168 0.000000
vt -11.500000 1.735001 0.000000
vt -15.750000 1.735001 0.000000
vt -11.500000 1.445834 0.000000
vt -15.750000 1.445834 0.000000
vt -11.500000 1.156668 0.000000
vt -15.750000 1.156668 0.000000
vt -11.500000 0.867501 0.000000
vt -15.750000 0.867501 0.000000
vt -11.500000 0.578334 0.000000
vt -15.750000 0.578334 0.000000
vt -11.500000 0.289167 0.000000
vt -15.750000 0.289167 0.000000
vt -11.500000 0.000000 0.000000
vt -15.750000 0.000000 0.000000
vt -11.500000 -0.289167 0.000000
vt -15.750000 -0.289167 0.000000
vt -11.500000 -0.578334 0.000000
vt -15.750000 -0.578334 0.000000
vt -11.500000 -0.867501 0.000000
vt -15.750000 -0.867501 0.000000
vt -11.500000 -1.156668 0.000000
vt -15.750000 -1.156668 0.000000
vt -11.500000 -1.445834 0.000000
vt -15.750000 -1.445834 0.000000
vt -11.500000 -1.735001 0.000000
vt -15.750000 -1.735001 0.000000
vt -11.500000 -2.024168 0.000000
vt -15.750000 -2.024168 0.000000
vt -11.500000 -2.313335 0.000000
vt -15.750000 -2.313335 0.000000
vt -11.500000 -2.602502 0.000000
vt -15.750000 -2.602502 0.000000
vt -11.500000 -2.891669 0.000000
vt -15.750000 -2.891669 0.000000
vt -20.000000 3.180836 0.000000
vt -20.000000 3.470003 0.000000
vt -20.000000 -3.470003 0.000000
vt -20.000000 -3.180836 0.000000
vt -20.000000 -2.891669 0.000000
vt -20.000000 -2.602502 0.000000
vt -20.000000 -2.313335 0.000000
vt -20.000000 -2.024168 0.000000
vt -20.000000 -1.735001 0.000000
vt -20.000000 -1.445834 0.000000
vt -20.000000 -1.156668 0.000000
vt -20.000000 -0.867501 0.000000
vt -20.000000 -0.578334 0.000000
vt -20.000000 -0.289167 0.000000
vt -20.000000 0.000000 0.000000
vt -20.000000 0.289167 0.000000
vt -20.000000 0.578334 0.000000
vt -20.000000 0.867501 0.000000
vt -20.000000 1.156668 0.000000
vt -20.000000 1.445834 0.000000
vt -20.000000 1.735001 0.000000
vt -20.000000 2.024168 0.000000
vt -20.000000 2.313335 0.000000
vt -20.000000 2.602502 0.000000
vt -20.000000 2.891669 0.000000
vt -1.066900 -0.285875 0.000000
vt 1.066900 -0.285875 0.000000
vt -1.104536 0.000000 0.000000
vt 1.104536 0.000000 0.000000
vt -1.066900 0.285875 0.000000
vt 1.066900 0.285875 0.000000
vt -0.956556 0.552268 0.000000
vt 0.956556 0.552268 0.000000
vt -0.781025 0.781025 0.000000
vt 0.781025 0.781025 0.000000
vt -0.552268 0.956556 0.000000
vt 0.552268 0.956556 0.000000
vt -0.285875 1.066900 0.000000
vt 0.285875 1.066900 0.000000
vt 0.000000 1.104536 0.000000
vt 0.956556 -0.552268 0.000000
vt -0.956556 -0.552268 0.000000
vt 0.781025 -0.781025 0.000000
vt -0.781025 -0.781025 0.000000
vt 0.552268 -0.956556 0.000000
vt -0.552268 -0.956556 0.000000
vt 0.285875 -1.066900 0.000000
vt -0.285875 -1.066900 0.000000
vt 0.000000 -1.104536 0.000000
vt -1.448889 -0.388229 0.000000
vt -1.063616 -0.284995 0.000000
vt -1.500000 0.000000 0.000000
vt -1.101136 0.000000 0.000000
vt -1.063616 0.284995 0.000000
vt -0.953612 -0.550568 0.000000
vt -1.299038 -0.750000 0.000000
vt -0.778621 -0.778621 0.000000
vt -1.060660 -1.060660 0.000000
vt -0.550568 -0.953612 0.000000
vt -0.750000 -1.299038 0.000000
vt -0.284995 -1.063616 0.000000
vt -0.388229 -1.448889 0.000000
vt 0.000000 -1.101136 0.000000
vt 0.000000 -1.500000 0.000000
vt 0.388229 -1.448889 0.000000
vt 0.284995 -1.063616 0.000000
vt 0.750000 -1.299038 0.000000
vt 0.550568 -0.953612 0.000000
vt 1.060660 -1.060660 0.000000
vt 0.778621 -0.778621 0.000000
vt 1.299038 -0.750000 0.000000
vt 0.953612 -0.550568 0.000000
vt 1.448889 -0.388229 0.000000
vt 1.063616 -0.284995 0.000000
vt 1.101136 0.000000 0.000000
vt 1.500000 0.000000 0.000000
vt 1.063616 0.284995 0.000000
vt 1.448889 0.388229 0.000000
vt 0.953612 0.550568 0.000000
vt 1.299038 0.750000 0.000000
vt 0.778621 0.778621 0.000000
vt 1.060660 1.060660 0.000000
vt 0.550568 0.953612 0.000000
vt 0.750000 1.299038 0.000000
vt 0.284995 1.063616 0.000000
vt 0.388229 1.448889 0.000000
vt 0.000000 1.101136 0.000000
vt 0.000000 1.500000 0.000000
vt -0.388229 1.448889 0.000000
vt -0.284995 1.063616 0.000000
vt -0.750000 1.299038 0.000000
vt -0.550568 0.953612 0.000000
vt -1.060660 1.060660 0.000000
vt -0.778621 0.778621 0.000000
vt -1.299038 0.750000 0.000000
vt -0.953612 0.550568 0.000000
vt -1.448889 0.388229 0.000000
vt 1.448889 0.388229 0.000000
vt 1.063616 0.284995 0.000000
vt 1.500000 0.000000 0.000000
vt 1.101136 0.000000 0.000000
vt 1.448889 -0.388229 0.000000
vt 1.063616 -0.284995 0.000000
vt 0.953612 -0.550568 0.000000
vt 0.953612 0.550568 0.000000
vt 1.299038 0.750000 0.000000
vt 0.778621 0.778621 0.000000
vt 1.060660 1.060660 0.000000
vt 0.550568 0.953612 0.000000
vt 0.750000 1.299038 0.000000
vt 0.284995 1.063616 0.000000
vt 0.388229 1.448889 0.000000
vt -0.000000 1.101136 0.000000
vt -0.000000 1.500000 0.000000
vt -0.388229 1.448889 0.000000
vt -0.284995 1.063616 0.000000
vt -0.750000 1.299038 0.000000
vt -0.550568 0.953612 0.000000
vt -1.060660 1.060660 0.000000
vt -0.778621 0.778621 0.000000
vt -1.299038 0.750000 0.000000
vt -0.953612 0.550568 0.000000
vt -1.448889 0.388229 0.000000
vt -1.063616 0.284995 0.000000
vt -1.500000 0.000000 0.000000
vt -1.101136 0.000000 0.000000
vt -1.063616 -0.284995 0.000000
vt -1.448889 -0.388229 0.000000
vt -0.953612 -0.550568 0.000000
vt -1.299038 -0.750000 0.000000
vt -0.778621 -0.778621 0.000000
vt -1.060660 -1.060660 0.000000
vt -0.550568 -0.953612 0.000000
vt -0.750000 -1.299038 0.000000
vt -0.284995 -1.063616 0.000000
vt -0.388229 -1.448889 0.000000
vt -0.000000 -1.101136 0.000000
vt -0.000000 -1.500000 0.000000
vt 0.388229 -1.448889 0.000000
vt 0.284995 -1.063616 0.000000
vt 0.750000 -1.299038 0.000000
vt 0.550568 -0.953612 0.000000
vt 1.060660 -1.060660 0.000000
vt 0.778621 -0.778621 0.000000
vt 1.299038 -0.750000 0.000000
vt -1.500000 4.319690 0.000000
vt -0.000000 4.319690 0.000000
vt -1.500000 4.712389 0.000000
vt -0.000000 4.712389 0.000000
vt -1.500000 -4.712389 0.000000
vt -0.000000 -4.712389 0.000000
vt -1.500000 -4.319690 0.000000
vt -0.000000 -4.319690 0.000000
vt -1.500000 -3.926991 0.000000
vt -0.000000 -3.926991 0.000000
vt -1.500000 -3.534292 0.000000
vt -0.000000 -3.534292 0.000000
vt -1.500000 -3.141593 0.000000
vt -0.000000 -3.141593 0.000000
vt -1.500000 -2.748894 0.000000
vt -0.000000 -2.748894 0.000000
vt -1.500000 -2.356194 0.000000
vt -0.000000 -2.356194 0.000000
vt -1.500000 -1.963495 0.000000
vt -0.000000 -1.963495 0.000000
vt -1.500000 -1.570796 0.000000
vt -0.000000 -1.570796 0.000000
vt -1.500000 -1.178097 0.000000
vt -0.000000 -1.178097 0.000000
vt -1.500000 -0.785398 0.000000
vt -0.000000 -0.785398 0.000000
vt -1.500000 -0.392699 0.000000
vt -0.000000 -0.392699 0.000000
vt -1.500000 0.000000 0.000000
vt -0.000000 0.000000 0.000000
vt -1.500000 0.392699 0.000000
vt -0.000000 0.392699 0.000000
vt -1.500000 0.785398 0.000000
vt -0.000000 0.785398 0.000000
vt -1.500000 1.178097 0.000000
vt -0.000000 1.178097 0.000000
vt -1.500000 1.570796 0.000000
vt -0.000000 1.570796 0.000000
vt -1.500000 1.963495 0.000000
vt -0.000000 1.963495 0.000000
vt -1.500000 2.356194 0.000000
vt -0.000000 2.356194 0.000000
vt -1.500000 2.748894 0.000000
vt -0.000000 2.748894 0.000000
vt -1.500000 3.141593 0.000000
vt 0.000000 3.141593 0.000000
vt -1.500000 3.534292 0.000000
vt -0.000000 3.534292 0.000000
vt -1.500000 3.926991 0.000000
vt 0.000000 3.926991 0.000000
vt -0.000000 -3.171043 0.000000
vt -5.000000 -3.171043 0.000000
vt -0.000000 -3.459320 0.000000
vt -5.000000 -3.459320 0.000000
vt -0.000000 3.459320 0.000000
vt -5.000000 3.459320 0.000000
vt 0.000000 3.171043 0.000000
vt -5.000000 3.171043 0.000000
vt 0.000000 2.882767 0.000000
vt -5.000000 2.882767 0.000000
vt 0.000000 2.594490 0.000000
vt -5.000000 2.594490 0.000000
vt -0.000000 2.306213 0.000000
vt -5.000000 2.306213 0.000000
vt -0.000000 2.017937 0.000000
vt -5.000000 2.017937 0.000000
vt -0.000000 1.729660 0.000000
vt -5.000000 1.729660 0.000000
vt -0.000000 1.441383 0.000000
vt -5.000000 1.441383 0.000000
vt -0.000000 1.153107 0.000000
vt -5.000000 1.153107 0.000000
vt -0.000000 0.864830 0.000000
vt -5.000000 0.864830 0.000000
vt -0.000000 0.576553 0.000000
vt -5.000000 0.576553 0.000000
vt -0.000000 0.288277 0.000000
vt -5.000000 0.288277 0.000000
vt -0.000000 0.000000 0.000000
vt -5.000000 0.000000 0.000000
vt -0.000000 -0.288277 0.000000
vt -5.000000 -0.288277 0.000000
vt -0.000000 -0.576553 0.000000
vt -5.000000 -0.576553 0.000000
vt -0.000000 -0.864830 0.000000
vt -5.000000 -0.864830 0.000000
vt -0.000000 -1.153107 0.000000
vt -5.000000 -1.153107 0.000000
vt -0.000000 -1.441383 0.000000
vt -5.000000 -1.441383 0.000000
vt -0.000000 -1.729660 0.000000
vt -5.000000 -1.729660 0.000000
vt -0.000000 -2.017937 0.000000
vt -5.000000 -2.017937 0.000000
vt -0.000000 -2.306213 0.000000
vt -5.000000 -2.306213 0.000000
vt -0.000000 -2.594490 0.000000
vt -5.000000 -2.594490 0.000000
vt -0.000000 -2.882767 0.000000
vt -5.000000 -2.882767 0.000000
vt -10.000000 3.171043 0.000000
vt -10.000000 3.459320 0.000000
vt -10.000000 -3.459320 0.000000
vt -10.000000 -3.171043 0.000000
vt -10.000000 -2.882767 0.000000
vt -10.000000 -2.594490 0.000000
vt -10.000000 -2.306213 0.000000
vt -10.000000 -2.017937 0.000000
vt -10.000000 -1.729660 0.000000
vt -10.000000 -1.441383 0.000000
vt -10.000000 -1.153107 0.000000
vt -10.000000 -0.864830 0.000000
vt -10.000000 -0.576553 0.000000
vt -10.000000 -0.288277 0.000000
vt -10.000000 0.000000 0.000000
vt -10.000000 0.288277 0.000000
vt -10.000000 0.576553 0.000000
vt -10.000000 0.864830 0.000000
vt -10.000000 1.153107 0.000000
vt -10.000000 1.441383 0.000000
vt -10.000000 1.729660 0.000000
vt -10.000000 2.017937 0.000000
vt -10.000000 2.306213 0.000000
vt -10.000000 2.594490 0.000000
vt -10.000000 2.882767 0.000000
vt -11.500000 -3.171043 0.000000
vt -15.750000 -3.171043 0.000000
vt -11.500000 -3.459320 0.000000
vt -15.750000 -3.459320 0.000000
vt -11.500000 3.459320 0.000000
vt -15.750000 3.459320 0.000000
vt -11.500000 3.171043 0.000000
vt -15.750000 3.171043 0.000000
vt -11.500000 2.882767 0.000000
vt -15.750000 2.882767 0.000000
vt -11.500000 2.594490 0.000000
vt -15.750000 2.594490 0.000000
vt -11.500000 2.306213 0.000000
vt -15.750000 2.306213 0.000000
vt -11.500000 2.017937 0.000000
vt -15.750000 2.017937 0.000000
vt -11.500000 1.729660 0.000000
vt -15.750000 1.729660 0.000000
vt -11.500000 1.441383 0.000000
vt -15.750000 1.441383 0.000000
vt -11.500000 1.153107 0.000000
vt -15.750000 1.153107 0.000000
vt -11.500000 0.864830 0.000000
vt -15.750000 0.864830 0.000000
vt -11.500000 0.576553 0.000000
vt -15.750000 0.576553 0.000000
vt -11.500000 0.288277 0.000000
vt -15.750000 0.288277 0.000000
vt -11.500000 0.000000 0.000000
vt -15.750000 0.000000 0.000000
vt -11.500000 -0.288277 0.000000
vt -15.750000 -0.288277 0.000000
vt -11.500000 -0.576553 0.000000
vt -15.750000 -0.576553 0.000000
vt -11.500000 -0.864830 0.000000
vt -15.750000 -0.864830 0.000000
vt -11.500000 -1.153107 0.000000
vt -15.750000 -1.153107 0.000000
vt -11.500000 -1.441383 0.000000
vt -15.750000 -1.441383 0.000000
vt -11.500000 -1.729660 0.000000
vt -15.750000 -1.729660 0.000000
vt -11.500000 -2.017937 0.000000
vt -15.750000 -2.017937 0.000000
vt -11.500000 -2.306213 0.000000
vt -15.750000 -2.306213 0.000000
vt -11.500000 -2.594490 0.000000
vt -15.750000 -2.594490 0.000000
vt -11.500000 -2.882767 0.000000
vt -15.750000 -2.882767 0.000000
vt -20.000000 3.171043 0.000000
vt -20.000000 3.459320 0.000000
vt -20.000000 -3.459320 0.000000
vt -20.000000 -3.171043 0.000000
vt -20.000000 -2.882767 0.000000
vt -20.000000 -2.594490 0.000000
vt -20.000000 -2.306213 0.000000
vt -20.000000 -2.017937 0.000000
vt -20.000000 -1.729660 0.000000
vt -20.000000 -1.441383 0.000000
vt -20.000000 -1.153107 0.000000
vt -20.000000 -0.864830 0.000000
vt -20.000000 -0.576553 0.000000
vt -20.000000 -0.288277 0.000000
vt -20.000000 0.000000 0.000000
vt -20.000000 0.288277 0.000000
vt -20.000000 0.576553 0.000000
vt -20.000000 0.864830 0.000000
vt -20.000000 1.153107 0.000000
vt -20.000000 1.441383 0.000000
vt -20.000000 1.729660 0.000000
vt -20.000000 2.017937 0.000000
vt -20.000000 2.306213 0.000000
vt -20.000000 2.594490 0.000000
vt -20.000000 2.882767 0.000000
vt -1.063616 -0.284995 0.000000
vt 1.063616 -0.284995 0.000000
vt -1.101136 0.000000 0.000000
vt 1.101136 0.000000 0.000000
vt -1.063616 0.284995 0.000000
vt 1.063616 0.284995 0.000000
vt -0.953612 0.550568 0.000000
vt 0.953612 0.550568 0.000000
vt -0.778621 0.778621 0.000000
vt 0.778621 0.778621 0.000000
vt -0.550568 0.953612 0.000000
vt 0.550568 0.953612 0.000000
vt -0.284995 1.063616 0.000000
vt 0.284995 1.063616 0.000000
vt 0.000000 1.101136 0.000000
vt 0.953612 -0.550568 0.000000
vt -0.953612 -0.550568 0.000000
vt 0.778621 -0.778621 0.000000
vt -0.778621 -0.778621 0.000000
vt 0.550568 -0.953612 0.000000
vt -0.550568 -0.953612 0.000000
vt 0.284995 -1.063616 0.000000
vt -0.284995 -1.063616 0.000000
vt 0.000000 -1.101136 0.000000
vn 0.577350 -0.577350 0.577350
vn 0.577350 -0.577350 0.577350
vn 0.577350 -0.577350 0.577350
vn -0.577350 -0.577350 0.577350
vn -0.577350 -0.577350 0.577350
vn -0.577350 -0.577350 0.577350
vn 0.577350 0.577350 0.577350
vn 0.577350 0.577350 0.577350
vn 0.577350 0.577350 0.577350
vn -0.577350 0.577350 0.577350
vn -0.577350 0.577350 0.577350
vn -0.577350 0.577350 0.577350
vn -0.000000 0.707107 0.707107
vn -0.000000 0.707107 0.707107
vn -0.000000 0.707107 0.707107
vn -0.000000 0.707107 0.707107
vn -0.000000 0.707107 0.707107
vn -0.000000 0.707107 0.707107
vn -0.000000 0.707107 0.707107
vn -0.000000 0.707107 0.707107
vn -0.000000 0.707107 0.707107
vn -0.000000 0.707107 0.707107
vn -0.000000 0.707107 0.707107
vn -0.000000 0.707107 0.707107
vn -0.000000 0.707107 0.707107
vn -0.000000 0.707107 0.707107
vn -0.707107 0.707107 0.000000
vn -0.707107 0.707107 0.000000
vn -0.707107 0.707107 0.000000
vn -0.707107 0.707107 0.000000
vn -0.707107 0.707107 0.000000
vn -0.707107 0.707107 0.000000
vn -0.707107 0.707107 0.000000
vn -0.707107 0.707107 0.000000
vn -0.707107 0.000000 0.707107
vn -0.707107 0.000000 0.707107
vn -0.707107 0.000000 0.707107
vn -0.707107 0.000000 0.707107
vn -0.707107 0.000000 0.707107
vn -0.707107 0.000000 0.707107
vn -0.707107 0.000000 0.707107
vn -0.707107 0.000000 0.707107
vn -0.707107 0.000000 0.707107
vn -0.707107 0.000000 0.707107
vn -0.707107 0.000000 0.707107
vn -0.707107 0.000000 0.707107
vn -0.707107 0.000000 0.707107
vn -0.707107 0.000000 0.707107
vn -0.707107 0.000000 0.707107
vn -0.707107 0.000000 0.707107
vn -0.707107 0.000000 0.707107
vn -0.707107 0.000000 0.707107
vn -0.707107 0.000000 0.707107
vn -0.707107 0.000000 0.707107
vn -0.707107 0.000000 0.707107
vn -0.707107 0.000000 0.707107
vn -0.707107 0.000000 0.707107
vn -0.707107 0.000000 0.707107
vn -0.707107 0.000000 0.707107
vn -0.707107 0.000000 0.707107
vn -0.707107 0.000000 0.707107
vn -0.707107 0.000000 0.707107
vn -0.707107 0.000000 0.707107
vn -0.707107 0.000000 0.707107
vn 0.707107 -0.000000 0.707107
vn 0.707107 -0.000000 0.707107
vn 0.707107 -0.000000 0.707107
vn 0.707107 -0.000000 0.707107
vn 0.707107 -0.000000 0.707107
vn 0.707107 -0.000000 0.707107
vn 0.707107 -0.000000 0.707107
vn 0.707107 -0.000000 0.707107
vn 0.707107 -0.000000 0.707107
vn 0.707107 -0.000000 0.707107
vn 0.707107 -0.000000 0.707107
vn 0.707107 -0.000000 0.707107
vn 0.707107 -0.000000 0.707107
vn 0.707107 -0.000000 0.707107
vn 0.707107 -0.000000 0.707107
vn 0.707107 -0.000000 0.707107
vn 0.707107 -0.000000 0.707107
vn 0.707107 -0.000000 0.707107
vn 0.707107 -0.000000 0.707107
vn 0.707107 -0.000000 0.707107
vn 0.707107 -0.000000 0.707107
vn 0.707107 -0.000000 0.707107
vn 0.707107 -0.000000 0.707107
vn 0.707107 -0.000000 0.707107
vn 0.707107 -0.000000 0.707107
vn 0.707107 -0.000000 0.707107
vn 0.707107 -0.000000 0.707107
vn 0.707107 -0.000000 0.707107
vn 0.707107 -0.000000 0.707107
vn 0.707107 -0.000000 0.707107
vn 0.707107 0.707107 0.000000
vn 0.707107 0.707107 0.000000
vn 0.707107 0.707107 0.000000
vn 0.707107 0.707107 0.000000
vn 0.707107 0.707107 0.000000
vn 0.707107 0.707107 0.000000
vn 0.707107 0.707107 0.000000
vn 0.707107 0.707107 0.000000
vn -0.707107 -0.707107 -0.000000
vn -0.707107 -0.707107 -0.000000
vn -0.707107 -0.707107 -0.000000
vn -0.707107 -0.707107 -0.000000
vn -0.707107 -0.707107 -0.000000
vn -0.707107 -0.707107 -0.000000
vn -0.707107 -0.707107 -0.000000
vn -0.707107 -0.707107 -0.000000
vn 0.000000 -0.707107 0.707107
vn 0.000000 -0.707107 0.707107
vn 0.000000 -0.707107 0.707107
vn 0.000000 -0.707107 0.707107
vn 0.000000 -0.707107 0.707107
vn 0.000000 -0.707107 0.707107
vn 0.000000 -0.707107 0.707107
vn 0.000000 -0.707107 0.707107
vn 0.000000 -0.707107 0.707107
vn 0.000000 -0.707107 0.707107
vn 0.000000 -0.707107 0.707107
vn 0.000000 -0.707107 0.707107
vn 0.000000 -0.707107 0.707107
vn 0.000000 -0.707107 0.707107
vn 0.707107 -0.707107 0.000000
vn 0.707107 -0.707107 0.000000
vn 0.707107 -0.707107 0.000000
vn 0.707107 -0.707107 0.000000
vn 0.707107 -0.707107 0.000000
vn 0.707107 -0.707107 0.000000
vn 0.707107 -0.707107 0.000000
vn 0.707107 -0.707107 0.000000
vn -0.000000 1.000000 0.000000
vn -0.000000 1.000000 0.000000
vn -0.000000 1.000000 0.000000
vn -0.000000 1.000000 0.000000
vn -0.000000 1.000000 0.000000
vn -0.000000 1.000000 0.000000
vn -0.000000 1.000000 0.000000
vn -0.000000 1.000000 0.000000
vn -0.000000 1.000000 0.000000
vn -0.000000 1.000000 0.000000
vn -0.000000 1.000000 0.000000
vn -0.000000 1.000000 0.000000
vn -0.000000 1.000000 0.000000
vn -0.000000 1.000000 0.000000
vn -0.000000 1.000000 0.000000
vn -0.000000 1.000000 0.000000
vn -0.000000 1.000000 0.000000
vn -0.000000 1.000000 0.000000
vn -0.000000 1.000000 0.000000
vn -0.000000 1.000000 0.000000
vn -0.000000 1.000000 0.000000
vn -0.000000 1.000000 0.000000
vn -0.000000 1.000000 0.000000
vn -0.000000 1.000000 0.000000
vn -0.000000 1.000000 0.000000
vn -0.000000 1.000000 0.000000
vn -0.000000 1.000000 0.000000
vn -0.000000 1.000000 0.000000
vn 1.000000 -0.000000 0.000000
vn 1.000000 -0.000000 0.000000
vn 1.000000 -0.000000 0.000000
vn 1.000000 -0.000000 0.000000
vn 1.000000 -0.000000 0.000000
vn 1.000000 -0.000000 0.000000
vn 1.000000 -0.000000 0.000000
vn 1.000000 -0.000000 0.000000
vn 1.000000 -0.000000 0.000000
vn 1.000000 -0.000000 0.000000
vn 1.000000 -0.000000 0.000000
vn 1.000000 -0.000000 0.000000
vn 1.000000 -0.000000 0.000000
vn 1.000000 -0.000000 0.000000
vn 1.000000 -0.000000 0.000000
vn 1.000000 -0.000000 0.000000
vn 1.000000 -0.000000 0.000000
vn 1.000000 -0.000000 0.000000
vn 1.000000 -0.000000 0.000000
vn 1.000000 -0.000000 0.000000
vn 1.000000 -0.000000 0.000000
vn 1.000000 -0.000000 0.000000
vn 1.000000 -0.000000 0.000000
vn 1.000000 -0.000000 0.000000
vn 1.000000 -0.000000 0.000000
vn 1.000000 -0.000000 0.000000
vn 1.000000 -0.000000 0.000000
vn 1.000000 -0.000000 0.000000
vn 1.000000 -0.000000 0.000000
vn 1.000000 -0.000000 0.000000
vn 1.000000 -0.000000 0.000000
vn 1.000000 -0.000000 0.000000
vn 1.000000 -0.000000 0.000000
vn 1.000000 -0.000000 0.000000
vn 1.000000 -0.000000 0.000000
vn 1.000000 -0.000000 0.000000
vn 1.000000 -0.000000 0.000000
vn 1.000000 -0.000000 0.000000
vn 1.000000 -0.000000 0.000000
vn 1.000000 -0.000000 0.000000
vn 1.000000 -0.000000 0.000000
vn 1.000000 -0.000000 0.000000
vn 1.000000 -0.000000 0.000000
vn 1.000000 -0.000000 0.000000
vn 1.000000 -0.000000 0.000000
vn 1.000000 -0.000000 0.000000
vn 1.000000 -0.000000 0.000000
vn 1.000000 -0.000000 0.000000
vn 1.000000 -0.000000 0.000000
vn 1.000000 -0.000000 0.000000
vn 1.000000 -0.000000 0.000000
vn 1.000000 -0.000000 0.000000
vn 1.000000 -0.000000 0.000000
vn 1.000000 -0.000000 0.000000
vn 1.000000 -0.000000 0.000000
vn 1.000000 -0.000000 0.000000
vn 1.000000 -0.000000 0.000000
vn 1.000000 -0.000000 0.000000
vn 1.000000 -0.000000 0.000000
vn 1.000000 -0.000000 0.000000
vn 0.000000 -0.000000 1.000000
vn 0.000000 -0.000000 1.000000
vn 0.000000 -0.000000 1.000000
vn 0.000000 -0.000000 1.000000
vn 0.000000 -0.000000 1.000000
vn 0.000000 -0.000000 1.000000
vn 0.000000 -0.000000 1.000000
vn 0.000000 -0.000000 1.000000
vn 0.000000 -0.000000 1.000000
vn 0.000000 -0.000000 1.000000
vn 0.000000 -0.000000 1.000000
vn 0.000000 -0.000000 1.000000
vn 0.000000 -0.000000 1.000000
vn 0.000000 -0.000000 1.000000
vn 0.000000 -0.000000 1.000000
vn 0.000000 -0.000000 1.000000
vn 0.000000 -0.000000 1.000000
vn 0.000000 -0.000000 1.000000
vn 0.000000 -0.000000 1.000000
vn 0.000000 -0.000000 1.000000
vn 0.000000 -0.000000 1.000000
vn 0.000000 -0.000000 1.000000
vn 0.000000 -0.000000 1.000000
vn 0.000000 -0.000000 1.000000
vn 0.000000 -0.000000 1.000000
vn 0.000000 -0.000000 1.000000
vn 0.000000 -0.000000 1.000000
vn 0.000000 -0.000000 1.000000
vn 0.000000 -0.000000 1.000000
vn 0.000000 -0.000000 1.000000
vn 0.000000 -0.000000 1.000000
vn 0.000000 -0.000000 1.000000
vn 0.000000 -0.000000 1.000000
vn 0.000000 -0.000000 1.000000
vn 0.000000 -0.000000 1.000000
vn 0.000000 -0.000000 1.000000
vn 0.000000 -0.000000 1.000000
vn 0.000000 -0.000000 1.000000
vn 0.000000 -0.000000 1.000000
vn 0.000000 -0.000000 1.000000
vn 0.000000 -0.000000 1.000000
vn 0.000000 -0.000000 1.000000
vn 0.000000 -0.000000 1.000000
vn 0.000000 -0.000000 1.000000
vn 0.000000 -0.000000 1.000000
vn 0.000000 -0.000000 1.000000
vn 0.000000 -0.000000 1.000000
vn 0.000000 -0.000000 1.000000
vn 0.000000 -0.000000 1.000000
vn 0.000000 -0.000000 1.000000
vn 0.000000 -0.000000 1.000000
vn 0.000000 -0.000000 1.000000
vn 0.000000 -0.000000 1.000000
vn 0.000000 -0.000000 1.000000
vn 0.000000 -0.000000 1.000000
vn 0.000000 -0.000000 1.000000
vn 0.000000 -0.000000 1.000000
vn 0.000000 -0.000000 1.000000
vn 0.000000 -0.000000 1.000000
vn 0.000000 -0.000000 1.000000
vn 0.000000 -0.000000 1.000000
vn 0.000000 -0.000000 1.000000
vn 0.000000 -0.000000 1.000000
vn 0.000000 -0.000000 1.000000
vn 0.000000 -0.000000 1.000000
vn 0.000000 -0.000000 1.000000
vn 0.000000 -0.000000 1.000000
vn 0.000000 -0.000000 1.000000
vn 0.000000 -0.000000 1.000000
vn 0.000000 -0.000000 1.000000
vn 0.000000 -0.000000 1.000000
vn 0.000000 -0.000000 1.000000
vn 0.000000 -0.000000 1.000000
vn 0.000000 -0.000000 1.000000
vn 0.000000 -0.000000 1.000000
vn 0.000000 -0.000000 1.000000
vn 0.000000 -0.000000 1.000000
vn 0.000000 -0.000000 1.000000
vn 0.000000 -0.000000 1.000000
vn 0.000000 -0.000000 1.000000
vn 0.000000 -0.000000 1.000000
vn 0.000000 -0.000000 1.000000
vn 0.000000 -0.000000 1.000000
vn 0.000000 -0.000000 1.000000
vn 0.000000 -0.000000 1.000000
vn 0.000000 -0.000000 1.000000
vn 0.000000 -0.000000 1.000000
vn 0.000000 -0.000000 1.000000
vn 0.000000 -0.000000 1.000000
vn 0.000000 -0.000000 1.000000
vn 0.000000 -0.000000 1.000000
vn 0.000000 -0.000000 1.000000
vn 0.000000 -0.000000 1.000000
vn 0.000000 -0.000000 1.000000
vn 0.000000 -0.000000 1.000000
vn 0.000000 -0.000000 1.000000
vn 0.000000 -0.000000 1.000000
vn 0.000000 -0.000000 1.000000
vn 0.000000 -0.000000 1.000000
vn 0.000000 -0.000000 1.000000
vn 0.000000 -0.000000 1.000000
vn 0.000000 -0.000000 1.000000
vn 0.000000 -0.000000 1.000000
vn 0.000000 -0.000000 1.000000
vn 0.000000 -0.000000 1.000000
vn 0.000000 0.000000 -1.000000
vn 0.000000 0.000000 -1.000000
vn 0.000000 0.000000 -1.000000
vn 0.000000 0.000000 -1.000000
vn 0.000000 0.000000 -1.000000
vn 0.000000 0.000000 -1.000000
vn 0.000000 0.000000 -1.000000
vn 0.000000 0.000000 -1.000000
vn 0.000000 0.000000 -1.000000
vn 0.000000 0.000000 -1.000000
vn 0.000000 0.000000 -1.000000
vn 0.000000 0.000000 -1.000000
vn 0.000000 0.000000 -1.000000
vn 0.000000 0.000000 -1.000000
vn 0.000000 0.000000 -1.000000
vn 0.000000 0.000000 -1.000000
vn 0.000000 0.000000 -1.000000
vn 0.000000 0.000000 -1.000000
vn 0.000000 0.000000 -1.000000
vn 0.000000 0.000000 -1.000000
vn 0.000000 0.000000 -1.000000
vn 0.000000 0.000000 -1.000000
vn 0.000000 0.000000 -1.000000
vn 0.000000 0.000000 -1.000000
vn 0.000000 0.000000 -1.000000
vn 0.000000 0.000000 -1.000000
vn 0.000000 0.000000 -1.000000
vn 0.000000 0.000000 -1.000000
vn 0.000000 0.000000 -1.000000
vn 0.000000 0.000000 -1.000000
vn 0.000000 0.000000 -1.000000
vn 0.000000 0.000000 -1.000000
vn 0.000000 0.000000 -1.000000
vn 0.000000 0.000000 -1.000000
vn 0.000000 0.000000 -1.000000
vn 0.000000 0.000000 -1.000000
vn 0.000000 0.000000 -1.000000
vn 0.000000 0.000000 -1.000000
vn 0.000000 0.000000 -1.000000
vn 0.000000 0.000000 -1.000000
vn 0.000000 0.000000 -1.000000
vn 0.000000 0.000000 -1.000000
vn 0.000000 0.000000 -1.000000
vn 0.000000 0.000000 -1.000000
vn 0.000000 0.000000 -1.000000
vn 0.000000 0.000000 -1.000000
vn 0.000000 0.000000 -1.000000
vn 0.000000 0.000000 -1.000000
vn -0.000000 -0.000000 1.000000
vn -0.000000 -0.000000 1.000000
vn -0.000000 -0.000000 1.000000
vn -0.000000 -0.000000 1.000000
vn -0.000000 -0.000000 1.000000
vn -0.000000 -0.000000 1.000000
vn -0.000000 -0.000000 1.000000
vn -0.000000 -0.000000 1.000000
vn -0.000000 -0.000000 1.000000
vn -0.000000 -0.000000 1.000000
vn -0.000000 -0.000000 1.000000
vn -0.000000 -0.000000 1.000000
vn -0.000000 -0.000000 1.000000
vn -0.000000 -0.000000 1.000000
vn -0.000000 -0.000000 1.000000
vn -0.000000 -0.000000 1.000000
vn -0.000000 -0.000000 1.000000
vn -0.000000 -0.000000 1.000000
vn -0.000000 -0.000000 1.000000
vn -0.000000 -0.000000 1.000000
vn -0.000000 -0.000000 1.000000
vn -0.000000 -0.000000 1.000000
vn -0.000000 -0.000000 1.000000
vn -0.000000 -0.000000 1.000000
vn -0.000000 -0.000000 1.000000
vn -0.000000 -0.000000 1.000000
vn -0.000000 -0.000000 1.000000
vn -0.000000 -0.000000 1.000000
vn -0.000000 -0.000000 1.000000
vn -0.000000 -0.000000 1.000000
vn -0.000000 -0.000000 1.000000
vn -0.000000 -0.000000 1.000000
vn -0.000000 -0.000000 1.000000
vn -0.000000 -0.000000 1.000000
vn -0.000000 -0.000000 1.000000
vn -0.000000 -0.000000 1.000000
vn -0.000000 -0.000000 1.000000
vn -0.000000 -0.000000 1.000000
vn -0.000000 -0.000000 1.000000
vn -0.000000 -0.000000 1.000000
vn -0.000000 -0.000000 1.000000
vn -0.000000 -0.000000 1.000000
vn -0.000000 -0.000000 1.000000
vn -0.000000 -0.000000 1.000000
vn -0.000000 -0.000000 1.000000
vn -0.000000 -0.000000 1.000000
vn -0.000000 -0.000000 1.000000
vn -0.000000 -0.000000 1.000000
vn -0.965926 -0.258819 -0.000000
vn -0.965926 -0.258819 -0.000000
vn -1.000000 -0.000000 -0.000000
vn -1.000000 -0.000000 -0.000000
vn -0.965926 0.258819 -0.000000
vn -0.965926 0.258819 -0.000000
vn -0.866025 0.500000 -0.000000
vn -0.866025 0.500000 -0.000000
vn -0.707107 0.707107 -0.000000
vn -0.707107 0.707107 -0.000000
vn -0.500000 0.866025 -0.000000
vn -0.500000 0.866025 -0.000000
vn -0.258819 0.965926 -0.000000
vn -0.258819 0.965926 -0.000000
vn 0.000000 1.000000 0.000000
vn 0.000000 1.000000 0.000000
vn 0.258819 0.965926 0.000000
vn 0.258819 0.965926 0.000000
vn 0.500000 0.866025 0.000000
vn 0.500000 0.866025 0.000000
vn 0.707107 0.707107 0.000000
vn 0.707107 0.707107 0.000000
vn 0.866025 0.500000 0.000000
vn 0.866025 0.500000 0.000000
vn 0.965926 0.258819 0.000000
vn 0.965926 0.258819 0.000000
vn 1.000000 0.000000 0.000000
vn 1.000000 0.000000 0.000000
vn 0.965926 -0.258819 -0.000000
vn 0.965926 -0.258819 -0.000000
vn 0.866025 -0.500000 -0.000000
vn 0.866025 -0.500000 -0.000000
vn 0.707107 -0.707107 -0.000000
vn 0.707107 -0.707107 -0.000000
vn 0.500000 -0.866025 -0.000000
vn 0.500000 -0.866025 -0.000000
vn 0.258819 -0.965926 -0.000000
vn 0.258819 -0.965926 -0.000000
vn 0.000000 -1.000000 -0.000000
vn 0.000000 -1.000000 -0.000000
vn -0.258819 -0.965926 -0.000000
vn -0.258819 -0.965926 -0.000000
vn -0.500000 -0.866025 -0.000000
vn -0.500000 -0.866025 -0.000000
vn -0.707107 -0.707107 -0.000000
vn -0.707107 -0.707107 -0.000000
vn -0.866025 -0.500000 -0.000000
vn -0.866025 -0.500000 -0.000000
vn -0.965926 0.258819 -0.000000
vn -0.965926 0.258819 -0.000000
vn -1.000000 0.000000 -0.000000
vn -1.000000 0.000000 -0.000000
vn -0.965926 -0.258819 -0.000000
vn -0.965926 -0.258819 -0.000000
vn -0.866025 -0.500000 -0.000000
vn -0.866025 -0.500000 -0.000000
vn -0.707107 -0.707107 -0.000000
vn -0.707107 -0.707107 -0.000000
vn -0.500000 -0.866025 -0.000000
vn -0.500000 -0.866025 -0.000000
vn -0.258819 -0.965926 -0.000000
vn -0.258819 -0.965926 -0.000000
vn 0.000000 -1.000000 -0.000000
vn 0.000000 -1.000000 -0.000000
vn 0.258819 -0.965926 -0.000000
vn 0.258819 -0.965926 -0.000000
vn 0.500000 -0.866025 -0.000000
vn 0.500000 -0.866025 -0.000000
vn 0.707107 -0.707107 -0.000000
vn 0.707107 -0.707107 -0.000000
vn 0.866025 -0.500000 -0.000000
vn 0.866025 -0.500000 -0.000000
vn 0.965926 -0.258819 -0.000000
vn 0.965926 -0.258819 -0.000000
vn 1.000000 0.000000 0.000000
vn 1.000000 0.000000 0.000000
vn 0.965926 0.258819 0.000000
vn 0.965926 0.258819 0.000000
vn 0.866025 0.500000 0.000000
vn 0.866025 0.500000 0.000000
vn 0.707107 0.707107 0.000000
vn 0.707107 0.707107 0.000000
vn 0.500000 0.866025 0.000000
vn 0.500000 0.866025 0.000000
vn 0.258819 0.965926 0.000000
vn 0.258819 0.965926 0.000000
vn 0.000000 1.000000 0.000000
vn 0.000000 1.000000 0.000000
vn -0.258819 0.965926 -0.000000
vn -0.258819 0.965926 -0.000000
vn -0.500000 0.866025 -0.000000
vn -0.500000 0.866025 -0.000000
vn -0.707107 0.707107 -0.000000
vn -0.707107 0.707107 -0.000000
vn -0.866025 0.500000 -0.000000
vn -0.866025 0.500000 -0.000000
vn -0.965926 -0.258819 -0.000000
vn -1.000000 -0.000000 -0.000000
vn -0.965926 0.258819 -0.000000
vn -0.866025 0.500000 -0.000000
vn -0.707107 0.707107 -0.000000
vn -0.500000 0.866025 -0.000000
vn -0.258819 0.965926 -0.000000
vn 0.000000 1.000000 0.000000
vn 0.258819 0.965926 0.000000
vn 0.500000 0.866025 0.000000
vn 0.707107 0.707107 0.000000
vn 0.866025 0.500000 0.000000
vn 0.965926 0.258819 0.000000
vn 1.000000 0.000000 0.000000
vn 0.965926 -0.258819 -0.000000
vn 0.866025 -0.500000 -0.000000
vn 0.707107 -0.707107 -0.000000
vn 0.500000 -0.866025 -0.000000
vn 0.258819 -0.965926 -0.000000
vn 0.000000 -1.000000 -0.000000
vn -0.258819 -0.965926 -0.000000
vn -0.500000 -0.866025 -0.000000
vn -0.707107 -0.707107 -0.000000
vn -0.866025 -0.500000 -0.000000
vn 0.000000 -1.000000 0.000000
vn 0.000000 -1.000000 0.000000
vn 0.000000 -1.000000 0.000000
vn 0.000000 -1.000000 0.000000
vn 0.000000 -1.000000 0.000000
vn 0.000000 -1.000000 0.000000
vn 0.000000 -1.000000 0.000000
vn 0.000000 -1.000000 0.000000
vn 0.000000 -1.000000 0.000000
vn 0.000000 -1.000000 0.000000
vn 0.000000 -1.000000 0.000000
vn 0.000000 -1.000000 0.000000
vn 0.000000 -1.000000 0.000000
vn 0.000000 -1.000000 0.000000
vn 0.000000 -1.000000 0.000000
vn 0.000000 -1.000000 0.000000
vn 0.000000 -1.000000 0.000000
vn 0.000000 -1.000000 0.000000
vn 0.000000 -1.000000 0.000000
vn 0.000000 -1.000000 0.000000
vn 0.000000 -1.000000 0.000000
vn 0.000000 -1.000000 0.000000
vn 0.000000 -1.000000 0.000000
vn 0.000000 -1.000000 0.000000
vn 0.000000 -1.000000 0.000000
vn 0.000000 -1.000000 0.000000
vn 0.000000 -1.000000 0.000000
vn 0.000000 -1.000000 0.000000
vn 0.000000 -1.000000 0.000000
vn 0.000000 -1.000000 0.000000
vn 0.000000 -1.000000 0.000000
vn 0.000000 -1.000000 0.000000
vn 0.000000 -1.000000 0.000000
vn 0.000000 -1.000000 0.000000
vn 0.000000 -1.000000 0.000000
vn 0.000000 -1.000000 0.000000
vn 0.000000 -1.000000 0.000000
vn 1.000000 0.000000 0.000000
vn 1.000000 0.000000 0.000000
vn 1.000000 0.000000 0.000000
vn 1.000000 0.000000 0.000000
vn 1.000000 0.000000 0.000000
vn 1.000000 0.000000 0.000000
vn 1.000000 0.000000 0.000000
vn 1.000000 0.000000 0.000000
vn 1.000000 0.000000 0.000000
vn 1.000000 0.000000 0.000000
vn 1.000000 0.000000 0.000000
vn 1.000000 0.000000 0.000000
vn 1.000000 0.000000 0.000000
vn 1.000000 0.000000 0.000000
vn 1.000000 0.000000 0.000000
vn 1.000000 0.000000 0.000000
vn 1.000000 0.000000 0.000000
vn 1.000000 0.000000 0.000000
vn 1.000000 0.000000 0.000000
vn 1.000000 0.000000 0.000000
vn 1.000000 0.000000 0.000000
vn 1.000000 0.000000 0.000000
vn 1.000000 0.000000 0.000000
vn 1.000000 0.000000 0.000000
vn 1.000000 0.000000 0.000000
vn 1.000000 0.000000 0.000000
vn 1.000000 0.000000 0.000000
vn 1.000000 0.000000 0.000000
vn 1.000000 0.000000 0.000000
vn 1.000000 0.000000 0.000000
vn 1.000000 0.000000 0.000000
vn 1.000000 0.000000 0.000000
vn 1.000000 0.000000 0.000000
vn 1.000000 0.000000 0.000000
vn 1.000000 0.000000 0.000000
vn 1.000000 0.000000 0.000000
vn 1.000000 0.000000 0.000000
vn 1.000000 0.000000 0.000000
vn 1.000000 0.000000 0.000000
vn 1.000000 0.000000 0.000000
vn 1.000000 0.000000 0.000000
vn 1.000000 0.000000 0.000000
vn 1.000000 0.000000 0.000000
vn 1.000000 0.000000 0.000000
vn 1.000000 0.000000 0.000000
vn 1.000000 0.000000 0.000000
vn 1.000000 0.000000 0.000000
vn 1.000000 0.000000 0.000000
vn 1.000000 0.000000 0.000000
vn 1.000000 0.000000 0.000000
vn 1.000000 0.000000 0.000000
vn 1.000000 0.000000 0.000000
vn 1.000000 0.000000 0.000000
vn 1.000000 0.000000 0.000000
vn 1.000000 0.000000 0.000000
vn 1.000000 0.000000 0.000000
vn 1.000000 0.000000 0.000000
vn 1.000000 0.000000 0.000000
vn 1.000000 0.000000 0.000000
vn 1.000000 0.000000 0.000000
vn 1.000000 0.000000 0.000000
vn 1.000000 0.000000 0.000000
vn 1.000000 0.000000 0.000000
vn 1.000000 0.000000 0.000000
vn 1.000000 0.000000 0.000000
vn 1.000000 0.000000 0.000000
vn 1.000000 0.000000 0.000000
vn 1.000000 0.000000 0.000000
vn 1.000000 0.000000 0.000000
vn 1.000000 0.000000 0.000000
vn 1.000000 0.000000 0.000000
vn 0.000000 -1.000000 0.000000
vn 0.000000 -1.000000 0.000000
vn 0.000000 -1.000000 0.000000
vn 0.000000 -1.000000 0.000000
vn 0.000000 -1.000000 0.000000
vn 0.000000 -1.000000 0.000000
vn 0.000000 -1.000000 0.000000
vn 0.000000 -1.000000 0.000000
vn 0.000000 -1.000000 0.000000
vn 0.000000 -1.000000 0.000000
vn 0.000000 -1.000000 0.000000
vn 0.000000 -1.000000 0.000000
vn 0.000000 -1.000000 0.000000
vn 0.000000 -1.000000 0.000000
vn 0.000000 -1.000000 0.000000
vn 0.000000 0.000000 1.000000
vn 0.000000 0.000000 1.000000
vn 0.258819 0.000000 0.965926
vn 0.258819 0.000000 0.965926
vn 0.500000 0.000000 0.866025
vn 0.500000 0.000000 0.866025
vn 0.707107 0.000000 0.707107
vn 0.707107 0.000000 0.707107
vn 0.866025 0.000000 0.500000
vn 0.866025 0.000000 0.500000
vn 0.965926 0.000000 0.258819
vn 0.965926 0.000000 0.258819
vn 1.000000 -0.000000 -0.000000
vn 1.000000 -0.000000 -0.000000
vn 0.965926 -0.000000 -0.258819
vn 0.965926 -0.000000 -0.258819
vn 0.866025 -0.000000 -0.500000
vn 0.866025 -0.000000 -0.500000
vn 0.707107 -0.000000 -0.707107
vn 0.707107 -0.000000 -0.707107
vn 0.500000 -0.000000 -0.866025
vn 0.500000 -0.000000 -0.866025
vn 0.258819 -0.000000 -0.965926
vn 0.258819 -0.000000 -0.965926
vn 0.000000 -0.000000 -1.000000
vn 0.000000 -0.000000 -1.000000
vn 0.258819 -0.000000 -0.965926
vn 0.500000 -0.000000 -0.866025
vn 0.707107 -0.000000 -0.707107
vn 0.866025 -0.000000 -0.500000
vn 0.965926 -0.000000 -0.258819
vn 1.000000 -0.000000 -0.000000
vn 0.965926 0.000000 0.258819
vn 0.866025 0.000000 0.500000
vn 0.707107 0.000000 0.707107
vn 0.500000 0.000000 0.866025
vn 0.258819 0.000000 0.965926
vn 0.258819 0.000000 0.965926
vn 0.000000 0.000000 1.000000
vn 0.258819 0.000000 0.965926
vn 0.258819 0.000000 0.965926
vn 0.500000 0.000000 0.866025
vn 0.500000 0.000000 0.866025
vn 0.707107 0.000000 0.707107
vn 0.707107 0.000000 0.707107
vn 0.866025 0.000000 0.500000
vn 0.866025 0.000000 0.500000
vn 0.965926 0.000000 0.258819
vn 0.965926 0.000000 0.258819
vn 1.000000 -0.000000 -0.000000
vn 1.000000 -0.000000 -0.000000
vn 0.965926 -0.000000 -0.258819
vn 0.965926 -0.000000 -0.258819
vn 0.866025 -0.000000 -0.500000
vn 0.866025 -0.000000 -0.500000
vn 0.707107 -0.000000 -0.707107
vn 0.707107 -0.000000 -0.707107
vn 0.500000 -0.000000 -0.866025
vn 0.500000 -0.000000 -0.866025
vn 0.258819 -0.000000 -0.965926
vn 0.258819 -0.000000 -0.965926
vn 0.000000 -0.000000 -1.000000
vn 0.000000 -0.000000 -1.000000
vn 0.258819 -0.000000 -0.965926
vn 0.000000 -0.000000 -1.000000
vn 0.258819 -0.000000 -0.965926
vn 0.258819 -0.000000 -0.965926
vn 0.500000 -0.000000 -0.866025
vn 0.500000 -0.000000 -0.866025
vn 0.707107 -0.000000 -0.707107
vn 0.707107 -0.000000 -0.707107
vn 0.866025 -0.000000 -0.500000
vn 0.866025 -0.000000 -0.500000
vn 0.965926 -0.000000 -0.258819
vn 0.965926 -0.000000 -0.258819
vn 1.000000 -0.000000 -0.000000
vn 1.000000 -0.000000 -0.000000
vn 0.965926 0.000000 0.258819
vn 0.965926 0.000000 0.258819
vn 0.866025 0.000000 0.500000
vn 0.866025 0.000000 0.500000
vn 0.707107 0.000000 0.707107
vn 0.707107 0.000000 0.707107
vn 0.500000 0.000000 0.866025
vn 0.000000 -0.000000 -1.000000
vn 0.258819 -0.000000 -0.965926
vn 0.500000 -0.000000 -0.866025
vn 0.707107 -0.000000 -0.707107
vn 0.866025 -0.000000 -0.500000
vn 0.965926 -0.000000 -0.258819
vn 1.000000 -0.000000 -0.000000
vn 0.965926 0.000000 0.258819
vn 0.866025 0.000000 0.500000
vn 0.258819 -0.000000 -0.965926
vn 0.000000 -0.000000 -1.000000
vn 0.258819 -0.000000 -0.965926
vn 0.258819 -0.000000 -0.965926
vn 0.500000 -0.000000 -0.866025
vn 0.500000 -0.000000 -0.866025
vn 0.707107 -0.000000 -0.707107
vn 0.707107 -0.000000 -0.707107
vn 0.866025 -0.000000 -0.500000
vn 0.866025 -0.000000 -0.500000
vn 0.965926 -0.000000 -0.258819
vn 0.965926 -0.000000 -0.258819
vn 1.000000 -0.000000 -0.000000
vn 0.000000 -0.000000 -1.000000
vn 0.258819 -0.000000 -0.965926
vn 0.500000 -0.000000 -0.866025
vn 0.707107 -0.000000 -0.707107
vn 0.866025 -0.000000 -0.500000
vn 0.258819 -0.000000 -0.965926
vn 0.000000 -0.000000 -1.000000
vn 0.258819 -0.000000 -0.965926
vn 0.258819 -0.000000 -0.965926
vn 0.500000 -0.000000 -0.866025
vn 0.000000 -0.000000 -1.000000
vn 0.258819 -0.000000 -0.965926
vn 0.258819 -0.000000 -0.965926
vn 0.500000 -0.000000 -0.866025
vn 0.707107 -0.000000 -0.707107
vn 0.866025 -0.000000 -0.500000
vn 0.965926 -0.000000 -0.258819
vn 1.000000 -0.000000 -0.000000
vn 0.965926 0.000000 0.258819
vn 0.866025 0.000000 0.500000
vn 0.707107 0.000000 0.707107
vn 0.500000 0.000000 0.866025
vn 0.258819 0.000000 0.965926
vn 0.000000 0.000000 1.000000
vn 0.000000 -0.000000 -1.000000
vn 0.258819 -0.000000 -0.965926
vn 0.258819 -0.000000 -0.965926
vn 0.500000 -0.000000 -0.866025
vn 0.500000 -0.000000 -0.866025
vn 0.707107 -0.000000 -0.707107
vn 0.707107 -0.000000 -0.707107
vn 0.866025 -0.000000 -0.500000
vn 0.866025 -0.000000 -0.500000
vn 0.965926 -0.000000 -0.258819
vn 0.965926 -0.000000 -0.258819
vn 1.000000 -0.000000 -0.000000
vn 1.000000 -0.000000 -0.000000
vn 0.965926 0.000000 0.258819
vn 0.965926 0.000000 0.258819
vn 0.866025 0.000000 0.500000
vn 0.866025 0.000000 0.500000
vn 0.707107 0.000000 0.707107
vn 0.707107 0.000000 0.707107
vn 0.500000 0.000000 0.866025
vn 0.500000 0.000000 0.866025
vn 0.258819 0.000000 0.965926
vn 0.258819 0.000000 0.965926
vn 0.000000 0.000000 1.000000
vn 0.000000 -0.000000 -1.000000
vn 0.258819 -0.000000 -0.965926
vn 0.258819 -0.000000 -0.965926
vn 0.500000 -0.000000 -0.866025
vn 0.500000 -0.000000 -0.866025
vn 0.707107 -0.000000 -0.707107
vn 0.707107 -0.000000 -0.707107
vn 0.866025 -0.000000 -0.500000
vn 0.866025 -0.000000 -0.500000
vn 0.965926 -0.000000 -0.258819
vn 0.965926 -0.000000 -0.258819
vn 1.000000 -0.000000 -0.000000
vn 1.000000 -0.000000 -0.000000
vn 0.965926 0.000000 0.258819
vn 0.965926 0.000000 0.258819
vn 0.866025 0.000000 0.500000
vn 0.866025 0.000000 0.500000
vn 0.707107 0.000000 0.707107
vn 0.707107 0.000000 0.707107
vn 0.500000 0.000000 0.866025
vn 0.500000 0.000000 0.866025
vn 0.258819 0.000000 0.965926
vn 0.258819 0.000000 0.965926
vn 0.000000 0.000000 1.000000
vn 0.000000 -0.000000 -1.000000
vn 0.258819 -0.000000 -0.965926
vn 0.258819 -0.000000 -0.965926
vn 0.500000 -0.000000 -0.866025
vn 0.500000 -0.000000 -0.866025
vn 0.707107 -0.000000 -0.707107
vn 0.707107 -0.000000 -0.707107
vn 0.866025 -0.000000 -0.500000
vn 0.866025 -0.000000 -0.500000
vn 0.965926 -0.000000 -0.258819
vn 0.965926 -0.000000 -0.258819
vn 1.000000 -0.000000 -0.000000
vn 1.000000 -0.000000 -0.000000
vn 0.965926 0.000000 0.258819
vn 0.965926 0.000000 0.258819
vn 0.866025 0.000000 0.500000
vn 0.866025 0.000000 0.500000
vn 0.707107 0.000000 0.707107
vn 0.707107 0.000000 0.707107
vn 0.500000 0.000000 0.866025
vn 0.500000 0.000000 0.866025
vn 0.258819 0.000000 0.965926
vn 0.258819 0.000000 0.965926
vn 0.000000 0.000000 1.000000
vn 0.000000 -0.000000 -1.000000
vn 0.258819 -0.000000 -0.965926
vn 0.258819 -0.000000 -0.965926
vn 0.500000 -0.000000 -0.866025
vn 0.500000 -0.000000 -0.866025
vn 0.707107 -0.000000 -0.707107
vn 0.707107 -0.000000 -0.707107
vn 0.866025 -0.000000 -0.500000
vn 0.866025 -0.000000 -0.500000
vn 0.965926 -0.000000 -0.258819
vn 0.965926 -0.000000 -0.258819
vn 1.000000 -0.000000 -0.000000
vn 1.000000 -0.000000 -0.000000
vn 0.965926 0.000000 0.258819
vn 0.965926 0.000000 0.258819
vn 0.866025 0.000000 0.500000
vn 0.866025 0.000000 0.500000
vn 0.707107 0.000000 0.707107
vn 0.707107 0.000000 0.707107
vn 0.500000 0.000000 0.866025
vn 0.500000 0.000000 0.866025
vn 0.258819 0.000000 0.965926
vn 0.258819 0.000000 0.965926
vn 0.000000 0.000000 1.000000
vn 0.258819 -0.000000 -0.965926
vn 0.500000 -0.000000 -0.866025
vn 0.500000 -0.000000 -0.866025
vn 0.707107 -0.000000 -0.707107
vn 0.707107 -0.000000 -0.707107
vn 0.866025 -0.000000 -0.500000
vn 0.866025 -0.000000 -0.500000
vn 0.965926 -0.000000 -0.258819
vn 0.965926 -0.000000 -0.258819
vn 1.000000 -0.000000 -0.000000
vn 1.000000 -0.000000 -0.000000
vn 0.965926 0.000000 0.258819
vn 0.965926 0.000000 0.258819
vn 0.866025 0.000000 0.500000
vn 0.866025 0.000000 0.500000
vn 0.707107 0.000000 0.707107
vn 0.707107 0.000000 0.707107
vn 0.500000 0.000000 0.866025
vn 0.500000 0.000000 0.866025
vn 0.258819 0.000000 0.965926
vn 0.258819 0.000000 0.965926
vn 0.000000 0.000000 1.000000
vn 0.500000 -0.000000 -0.866025
vn 0.707107 -0.000000 -0.707107
vn 0.866025 -0.000000 -0.500000
vn 0.965926 -0.000000 -0.258819
vn 1.000000 -0.000000 -0.000000
vn 0.965926 0.000000 0.258819
vn 0.866025 0.000000 0.500000
vn 0.707107 0.000000 0.707107
vn 0.500000 0.000000 0.866025
vn 0.258819 0.000000 0.965926
vn 0.707107 -0.000000 -0.707107
vn 0.866025 -0.000000 -0.500000
vn 0.965926 -0.000000 -0.258819
vn 1.000000 -0.000000 -0.000000
vn 0.965926 0.000000 0.258819
vn 0.866025 0.000000 0.500000
vn 0.707107 0.000000 0.707107
vn 0.500000 0.000000 0.866025
vn 0.258819 0.000000 0.965926
vn 0.000000 0.000000 1.000000
vn 0.866025 -0.000000 -0.500000
vn 0.965926 -0.000000 -0.258819
vn 1.000000 -0.000000 -0.000000
vn 0.965926 0.000000 0.258819
vn 0.866025 0.000000 0.500000
vn 0.707107 0.000000 0.707107
vn 0.500000 0.000000 0.866025
vn 0.258819 0.000000 0.965926
vn 0.965926 -0.000000 -0.258819
vn 1.000000 -0.000000 -0.000000
vn 0.965926 0.000000 0.258819
vn 0.866025 0.000000 0.500000
vn 0.707107 0.000000 0.707107
vn 0.500000 0.000000 0.866025
vn 0.258819 0.000000 0.965926
vn 0.000000 0.000000 1.000000
vn 1.000000 -0.000000 -0.000000
vn 0.965926 0.000000 0.258819
vn 0.866025 0.000000 0.500000
vn 0.707107 0.000000 0.707107
vn 0.500000 0.000000 0.866025
vn 0.258819 0.000000 0.965926
vn 0.965926 0.000000 0.258819
vn 0.866025 0.000000 0.500000
vn 0.707107 0.000000 0.707107
vn 0.500000 0.000000 0.866025
vn 0.258819 0.000000 0.965926
vn 0.000000 0.000000 1.000000
vn 0.866025 0.000000 0.500000
vn 0.707107 0.000000 0.707107
vn 0.500000 0.000000 0.866025
vn 0.258819 0.000000 0.965926
vn 0.707107 0.000000 0.707107
vn 0.500000 0.000000 0.866025
vn 0.258819 0.000000 0.965926
vn 0.000000 0.000000 1.000000
vn 0.500000 0.000000 0.866025
vn 0.258819 0.000000 0.965926
vn 0.258819 0.000000 0.965926
vn 0.000000 0.000000 1.000000
vn 0.500000 0.000000 0.866025
vn 0.707107 0.000000 0.707107
vn 0.866025 0.000000 0.500000
vn 0.965926 0.000000 0.258819
vn 1.000000 -0.000000 -0.000000
vn 0.965926 -0.000000 -0.258819
vn 0.866025 -0.000000 -0.500000
vn 0.707107 -0.000000 -0.707107
vn 0.500000 -0.000000 -0.866025
vn 0.965926 0.000000 0.258819
vn 1.000000 -0.000000 -0.000000
vn 0.965926 -0.000000 -0.258819
vn 0.866025 -0.000000 -0.500000
vn 0.707107 -0.000000 -0.707107
vn 0.500000 -0.000000 -0.866025
vn 0.707107 -0.000000 -0.707107
vn 0.500000 -0.000000 -0.866025
vn 0.000000 0.000000 1.000000
vn 0.000000 0.000000 1.000000
vn 0.000000 0.000000 1.000000
vn 0.000000 0.000000 1.000000
vn 0.000000 0.000000 1.000000
vn 0.000000 0.000000 1.000000
vn 0.000000 0.000000 1.000000
vn 0.000000 0.000000 1.000000
vn 0.000000 0.000000 1.000000
vn 0.000000 0.000000 1.000000
vn 0.000000 0.000000 1.000000
vn 0.000000 0.000000 1.000000
vn 0.000000 0.000000 1.000000
vn 0.000000 0.000000 1.000000
vn 0.000000 0.000000 1.000000
vn 0.000000 0.000000 1.000000
vn 0.000000 0.000000 1.000000
vn 0.000000 0.000000 1.000000
vn 0.000000 0.000000 1.000000
vn 0.000000 0.000000 1.000000
vn 0.000000 0.000000 1.000000
vn 0.000000 0.000000 1.000000
vn 0.000000 0.000000 1.000000
vn 0.000000 0.000000 1.000000
vn 0.000000 0.000000 1.000000
vn 0.000000 0.000000 1.000000
vn 0.000000 0.000000 1.000000
vn 0.000000 0.000000 1.000000
vn -0.258819 0.000000 0.965926
vn -0.258819 0.000000 0.965926
vn -0.500000 0.000000 0.866025
vn -0.500000 0.000000 0.866025
vn -0.707107 0.000000 0.707107
vn -0.707107 0.000000 0.707107
vn -0.866025 0.000000 0.500000
vn -0.866025 0.000000 0.500000
vn -0.965926 0.000000 0.258819
vn -0.965926 0.000000 0.258819
vn -1.000000 -0.000000 -0.000000
vn -1.000000 -0.000000 -0.000000
vn -0.965926 0.000000 -0.258819
vn -0.965926 0.000000 -0.258819
vn -0.866025 0.000000 -0.500000
vn -0.866025 0.000000 -0.500000
vn -0.707107 0.000000 -0.707107
vn -0.707107 0.000000 -0.707107
vn -0.500000 0.000000 -0.866025
vn -0.500000 0.000000 -0.866025
vn -0.258819 0.000000 -0.965926
vn -0.258819 0.000000 -0.965926
vn -0.000000 0.000000 -1.000000
vn -0.000000 0.000000 -1.000000
vn -0.258819 0.000000 -0.965926
vn -0.500000 0.000000 -0.866025
vn -0.707107 0.000000 -0.707107
vn -0.866025 0.000000 -0.500000
vn -0.965926 0.000000 -0.258819
vn -1.000000 -0.000000 -0.000000
vn -0.965926 0.000000 0.258819
vn -0.866025 0.000000 0.500000
vn -0.707107 0.000000 0.707107
vn -0.500000 0.000000 0.866025
vn -0.258819 0.000000 0.965926
vn -0.258819 0.000000 0.965926
vn -0.258819 0.000000 0.965926
vn -0.258819 0.000000 0.965926
vn -0.500000 0.000000 0.866025
vn -0.500000 0.000000 0.866025
vn -0.707107 0.000000 0.707107
vn -0.707107 0.000000 0.707107
vn -0.866025 0.000000 0.500000
vn -0.866025 0.000000 0.500000
vn -0.965926 0.000000 0.258819
vn -0.965926 0.000000 0.258819
vn -1.000000 -0.000000 -0.000000
vn -1.000000 -0.000000 -0.000000
vn -0.965926 0.000000 -0.258819
vn -0.965926 0.000000 -0.258819
vn -0.866025 0.000000 -0.500000
vn -0.866025 0.000000 -0.500000
vn -0.707107 0.000000 -0.707107
vn -0.707107 0.000000 -0.707107
vn -0.500000 0.000000 -0.866025
vn -0.500000 0.000000 -0.866025
vn -0.258819 0.000000 -0.965926
vn -0.258819 0.000000 -0.965926
vn -0.000000 0.000000 -1.000000
vn -0.000000 0.000000 -1.000000
vn -0.258819 0.000000 -0.965926
vn -0.000000 0.000000 -1.000000
vn -0.258819 0.000000 -0.965926
vn -0.258819 0.000000 -0.965926
vn -0.500000 0.000000 -0.866025
vn -0.500000 0.000000 -0.866025
vn -0.707107 0.000000 -0.707107
vn -0.707107 0.000000 -0.707107
vn -0.866025 0.000000 -0.500000
vn -0.866025 0.000000 -0.500000
vn -0.965926 0.000000 -0.258819
vn -0.965926 0.000000 -0.258819
vn -1.000000 -0.000000 -0.000000
vn -1.000000 -0.000000 -0.000000
vn -0.965926 0.000000 0.258819
vn -0.965926 0.000000 0.258819
vn -0.866025 0.000000 0.500000
vn -0.866025 0.000000 0.500000
vn -0.707107 0.000000 0.707107
vn -0.707107 0.000000 0.707107
vn -0.500000 0.000000 0.866025
vn -0.000000 0.000000 -1.000000
vn -0.258819 0.000000 -0.965926
vn -0.500000 0.000000 -0.866025
vn -0.707107 0.000000 -0.707107
vn -0.866025 0.000000 -0.500000
vn -0.965926 0.000000 -0.258819
vn -1.000000 -0.000000 -0.000000
vn -0.965926 0.000000 0.258819
vn -0.866025 0.000000 0.500000
vn -0.258819 0.000000 -0.965926
vn -0.000000 0.000000 -1.000000
vn -0.258819 0.000000 -0.965926
vn -0.258819 0.000000 -0.965926
vn -0.500000 0.000000 -0.866025
vn -0.500000 0.000000 -0.866025
vn -0.707107 0.000000 -0.707107
vn -0.707107 0.000000 -0.707107
vn -0.866025 0.000000 -0.500000
vn -0.866025 0.000000 -0.500000
vn -0.965926 0.000000 -0.258819
vn -0.965926 0.000000 -0.258819
vn -1.000000 -0.000000 -0.000000
vn -0.000000 0.000000 -1.000000
vn -0.258819 0.000000 -0.965926
vn -0.500000 0.000000 -0.866025
vn -0.707107 0.000000 -0.707107
vn -0.866025 0.000000 -0.500000
vn -0.258819 0.000000 -0.965926
vn -0.000000 0.000000 -1.000000
vn -0.258819 0.000000 -0.965926
vn -0.258819 0.000000 -0.965926
vn -0.500000 0.000000 -0.866025
vn -0.000000 0.000000 -1.000000
vn -0.258819 0.000000 -0.965926
vn -0.258819 0.000000 -0.965926
vn -0.500000 0.000000 -0.866025
vn -0.707107 0.000000 -0.707107
vn -0.866025 0.000000 -0.500000
vn -0.965926 0.000000 -0.258819
vn -1.000000 -0.000000 -0.000000
vn -0.965926 0.000000 0.258819
vn -0.866025 0.000000 0.500000
vn -0.707107 0.000000 0.707107
vn -0.500000 0.000000 0.866025
vn -0.258819 0.000000 0.965926
vn -0.000000 0.000000 -1.000000
vn -0.258819 0.000000 -0.965926
vn -0.258819 0.000000 -0.965926
vn -0.500000 0.000000 -0.866025
vn -0.500000 0.000000 -0.866025
vn -0.707107 0.000000 -0.707107
vn -0.707107 0.000000 -0.707107
vn -0.866025 0.000000 -0.500000
vn -0.866025 0.000000 -0.500000
vn -0.965926 0.000000 -0.258819
vn -0.965926 0.000000 -0.258819
vn -1.000000 -0.000000 -0.000000
vn -1.000000 -0.000000 -0.000000
vn -0.965926 0.000000 0.258819
vn -0.965926 0.000000 0.258819
vn -0.866025 0.000000 0.500000
vn -0.866025 0.000000 0.500000
vn -0.707107 0.000000 0.707107
vn -0.707107 0.000000 0.707107
vn -0.500000 0.000000 0.866025
vn -0.500000 0.000000 0.866025
vn -0.258819 0.000000 0.965926
vn -0.258819 0.000000 0.965926
vn -0.000000 0.000000 -1.000000
vn -0.258819 0.000000 -0.965926
vn -0.258819 0.000000 -0.965926
vn -0.500000 0.000000 -0.866025
vn -0.500000 0.000000 -0.866025
vn -0.707107 0.000000 -0.707107
vn -0.707107 0.000000 -0.707107
vn -0.866025 0.000000 -0.500000
vn -0.866025 0.000000 -0.500000
vn -0.965926 0.000000 -0.258819
vn -0.965926 0.000000 -0.258819
vn -1.000000 -0.000000 -0.000000
vn -1.000000 -0.000000 -0.000000
vn -0.965926 0.000000 0.258819
vn -0.965926 0.000000 0.258819
vn -0.866025 0.000000 0.500000
vn -0.866025 0.000000 0.500000
vn -0.707107 0.000000 0.707107
vn -0.707107 0.000000 0.707107
vn -0.500000 0.000000 0.866025
vn -0.500000 0.000000 0.866025
vn -0.258819 0.000000 0.965926
vn -0.258819 0.000000 0.965926
vn -0.000000 0.000000 -1.000000
vn -0.258819 0.000000 -0.965926
vn -0.258819 0.000000 -0.965926
vn -0.500000 0.000000 -0.866025
vn -0.500000 0.000000 -0.866025
vn -0.707107 0.000000 -0.707107
vn -0.707107 0.000000 -0.707107
vn -0.866025 0.000000 -0.500000
vn -0.866025 0.000000 -0.500000
vn -0.965926 0.000000 -0.258819
vn -0.965926 0.000000 -0.258819
vn -1.000000 -0.000000 -0.000000
vn -1.000000 -0.000000 -0.000000
vn -0.965926 0.000000 0.258819
vn -0.965926 0.000000 0.258819
vn -0.866025 0.000000 0.500000
vn -0.866025 0.000000 0.500000
vn -0.707107 0.000000 0.707107
vn -0.707107 0.000000 0.707107
vn -0.500000 0.000000 0.866025
vn -0.500000 0.000000 0.866025
vn -0.258819 0.000000 0.965926
vn -0.258819 0.000000 0.965926
vn -0.000000 0.000000 -1.000000
vn -0.258819 0.000000 -0.965926
vn -0.258819 0.000000 -0.965926
vn -0.500000 0.000000 -0.866025
vn -0.500000 0.000000 -0.866025
vn -0.707107 0.000000 -0.707107
vn -0.707107 0.000000 -0.707107
vn -0.866025 0.000000 -0.500000
vn -0.866025 0.000000 -0.500000
vn -0.965926 0.000000 -0.258819
vn -0.965926 0.000000 -0.258819
vn -1.000000 -0.000000 -0.000000
vn -1.000000 -0.000000 -0.000000
vn -0.965926 0.000000 0.258819
vn -0.965926 0.000000 0.258819
vn -0.866025 0.000000 0.500000
vn -0.866025 0.000000 0.500000
vn -0.707107 0.000000 0.707107
vn -0.707107 0.000000 0.707107
vn -0.500000 0.000000 0.866025
vn -0.500000 0.000000 0.866025
vn -0.258819 0.000000 0.965926
vn -0.258819 0.000000 0.965926
vn -0.258819 0.000000 -0.965926
vn -0.500000 0.000000 -0.866025
vn -0.500000 0.000000 -0.866025
vn -0.707107 0.000000 -0.707107
vn -0.707107 0.000000 -0.707107
vn -0.866025 0.000000 -0.500000
vn -0.866025 0.000000 -0.500000
vn -0.965926 0.000000 -0.258819
vn -0.965926 0.000000 -0.258819
vn -1.000000 -0.000000 -0.000000
vn -1.000000 -0.000000 -0.000000
vn -0.965926 0.000000 0.258819
vn -0.965926 0.000000 0.258819
vn -0.866025 0.000000 0.500000
vn -0.866025 0.000000 0.500000
vn -0.707107 0.000000 0.707107
vn -0.707107 0.000000 0.707107
vn -0.500000 0.000000 0.866025
vn -0.500000 0.000000 0.866025
vn -0.258819 0.000000 0.965926
vn -0.258819 0.000000 0.965926
vn -0.500000 0.000000 -0.866025
vn -0.707107 0.000000 -0.707107
vn -0.866025 0.000000 -0.500000
vn -0.965926 0.000000 -0.258819
vn -1.000000 -0.000000 -0.000000
vn -0.965926 0.000000 0.258819
vn -0.866025 0.000000 0.500000
vn -0.707107 0.000000 0.707107
vn -0.500000 0.000000 0.866025
vn -0.258819 0.000000 0.965926
vn -0.707107 0.000000 -0.707107
vn -0.866025 0.000000 -0.500000
vn -0.965926 0.000000 -0.258819
vn -1.000000 -0.000000 -0.000000
vn -0.965926 0.000000 0.258819
vn -0.866025 0.000000 0.500000
vn -0.707107 0.000000 0.707107
vn -0.500000 0.000000 0.866025
vn -0.258819 0.000000 0.965926
vn -0.866025 0.000000 -0.500000
vn -0.965926 0.000000 -0.258819
vn -1.000000 -0.000000 -0.000000
vn -0.965926 0.000000 0.258819
vn -0.866025 0.000000 0.500000
vn -0.707107 0.000000 0.707107
vn -0.500000 0.000000 0.866025
vn -0.258819 0.000000 0.965926
vn -0.965926 0.000000 -0.258819
vn -1.000000 -0.000000 -0.000000
vn -0.965926 0.000000 0.258819
vn -0.866025 0.000000 0.500000
vn -0.707107 0.000000 0.707107
vn -0.500000 0.000000 0.866025
vn -0.258819 0.000000 0.965926
vn -1.000000 -0.000000 -0.000000
vn -0.965926 0.000000 0.258819
vn -0.866025 0.000000 0.500000
vn -0.707107 0.000000 0.707107
vn -0.500000 0.000000 0.866025
vn -0.258819 0.000000 0.965926
vn -0.965926 0.000000 0.258819
vn -0.866025 0.000000 0.500000
vn -0.707107 0.000000 0.707107
vn -0.500000 0.000000 0.866025
vn -0.258819 0.000000 0.965926
vn -0.866025 0.000000 0.500000
vn -0.707107 0.000000 0.707107
vn -0.500000 0.000000 0.866025
vn -0.258819 0.000000 0.965926
vn -0.707107 0.000000 0.707107
vn -0.500000 0.000000 0.866025
vn -0.258819 0.000000 0.965926
vn -0.500000 0.000000 0.866025
vn -0.258819 0.000000 0.965926
vn -0.258819 0.000000 0.965926
vn -0.500000 0.000000 0.866025
vn -0.707107 0.000000 0.707107
vn -0.866025 0.000000 0.500000
vn -0.965926 0.000000 0.258819
vn -1.000000 -0.000000 -0.000000
vn -0.965926 0.000000 -0.258819
vn -0.866025 0.000000 -0.500000
vn -0.707107 0.000000 -0.707107
vn -0.500000 0.000000 -0.866025
vn -0.965926 0.000000 0.258819
vn -1.000000 -0.000000 -0.000000
vn -0.965926 0.000000 -0.258819
vn -0.866025 0.000000 -0.500000
vn -0.707107 0.000000 -0.707107
vn -0.500000 0.000000 -0.866025
vn -0.707107 0.000000 -0.707107
vn -0.500000 0.000000 -0.866025
vn 0.000000 0.000000 -1.000000
vn 0.000000 0.000000 -1.000000
vn 0.000000 0.000000 -1.000000
vn 0.000000 0.000000 -1.000000
vn 0.000000 0.000000 -1.000000
vn 0.000000 0.000000 -1.000000
vn 0.000000 0.000000 -1.000000
vn 0.000000 0.000000 -1.000000
vn 0.000000 0.000000 -1.000000
vn 0.000000 0.000000 -1.000000
vn 0.000000 0.000000 -1.000000
vn 0.000000 0.000000 -1.000000
vn 0.000000 0.000000 -1.000000
vn 0.000000 0.000000 -1.000000
vn 0.000000 1.000000 -0.000000
vn 0.000000 1.000000 -0.000000
vn 0.000000 1.000000 -0.000000
vn 0.000000 1.000000 -0.000000
vn 0.000000 1.000000 -0.000000
vn 0.000000 1.000000 -0.000000
vn 0.000000 1.000000 -0.000000
vn 0.000000 1.000000 -0.000000
vn 0.000000 1.000000 -0.000000
vn 0.000000 1.000000 -0.000000
vn 0.000000 1.000000 -0.000000
vn 0.000000 1.000000 -0.000000
vn 0.000000 1.000000 -0.000000
vn 0.000000 1.000000 -0.000000
vn 0.000000 1.000000 -0.000000
vn -1.000000 0.000000 0.000000
vn -1.000000 0.000000 0.000000
vn -1.000000 0.000000 0.000000
vn -1.000000 0.000000 0.000000
vn -1.000000 0.000000 0.000000
vn -1.000000 0.000000 0.000000
vn -1.000000 0.000000 0.000000
vn -1.000000 0.000000 0.000000
vn -1.000000 0.000000 0.000000
vn -1.000000 0.000000 0.000000
vn -1.000000 0.000000 0.000000
vn -1.000000 0.000000 0.000000
vn -1.000000 0.000000 0.000000
vn -1.000000 0.000000 0.000000
vn -1.000000 0.000000 0.000000
vn -1.000000 0.000000 0.000000
vn -1.000000 0.000000 0.000000
vn -1.000000 0.000000 0.000000
vn -1.000000 0.000000 0.000000
vn -1.000000 0.000000 0.000000
vn -1.000000 0.000000 0.000000
vn -1.000000 0.000000 0.000000
vn -1.000000 0.000000 0.000000
vn -1.000000 0.000000 0.000000
vn -1.000000 0.000000 0.000000
vn -1.000000 0.000000 0.000000
vn -1.000000 0.000000 0.000000
vn -1.000000 0.000000 0.000000
vn -1.000000 0.000000 0.000000
vn -1.000000 0.000000 0.000000
vn -1.000000 0.000000 0.000000
vn -1.000000 0.000000 0.000000
vn -1.000000 0.000000 0.000000
vn -1.000000 0.000000 0.000000
vn -1.000000 0.000000 0.000000
vn -1.000000 0.000000 0.000000
vn -1.000000 0.000000 0.000000
vn -1.000000 0.000000 0.000000
vn -1.000000 0.000000 0.000000
vn -1.000000 0.000000 0.000000
vn -1.000000 0.000000 0.000000
vn -1.000000 0.000000 0.000000
vn -1.000000 0.000000 0.000000
vn -1.000000 0.000000 0.000000
vn -1.000000 0.000000 0.000000
vn -1.000000 0.000000 0.000000
vn -1.000000 0.000000 0.000000
vn -1.000000 0.000000 0.000000
vn -1.000000 0.000000 0.000000
vn -1.000000 0.000000 0.000000
vn -1.000000 0.000000 0.000000
vn -1.000000 0.000000 0.000000
vn -1.000000 0.000000 0.000000
vn -1.000000 0.000000 0.000000
vn -1.000000 0.000000 0.000000
vn -1.000000 0.000000 0.000000
vn -1.000000 0.000000 0.000000
vn -1.000000 0.000000 0.000000
vn -1.000000 0.000000 0.000000
vn -1.000000 0.000000 0.000000
vn -1.000000 0.000000 0.000000
vn -1.000000 0.000000 0.000000
vn -1.000000 0.000000 0.000000
vn -1.000000 0.000000 0.000000
vn -1.000000 0.000000 0.000000
vn -1.000000 0.000000 0.000000
vn -1.000000 0.000000 0.000000
vn -1.000000 0.000000 0.000000
vn -1.000000 0.000000 0.000000
vn -1.000000 0.000000 0.000000
vn -1.000000 0.000000 0.000000
vn 0.000000 0.000000 -1.000000
vn 0.000000 0.000000 -1.000000
vn 0.000000 0.000000 -1.000000
vn 0.000000 0.000000 -1.000000
vn 0.000000 0.000000 -1.000000
vn 0.000000 0.000000 -1.000000
vn 0.000000 0.000000 -1.000000
vn 0.000000 0.000000 -1.000000
vn 0.000000 0.000000 -1.000000
vn 0.000000 0.000000 -1.000000
vn 0.000000 0.000000 -1.000000
vn 0.000000 0.000000 -1.000000
vn 0.000000 0.000000 -1.000000
vn 0.000000 0.000000 -1.000000
vn 0.000000 0.000000 1.000000
vn 0.000000 0.000000 1.000000
vn 0.000000 0.000000 1.000000
vn 0.000000 0.000000 1.000000
vn 0.000000 0.000000 1.000000
vn 0.000000 0.000000 1.000000
vn 0.000000 0.000000 1.000000
vn 0.000000 0.000000 1.000000
vn 0.000000 0.000000 1.000000
vn 0.000000 0.000000 1.000000
vn 0.000000 0.000000 1.000000
vn 0.000000 0.000000 1.000000
vn 0.000000 0.000000 1.000000
vn 0.000000 0.000000 1.000000
vn 0.000000 1.000000 0.000000
vn 0.000000 1.000000 0.000000
vn 0.000000 1.000000 0.000000
vn 0.000000 1.000000 0.000000
vn 0.000000 1.000000 0.000000
vn 0.000000 1.000000 0.000000
vn 0.000000 1.000000 0.000000
vn 0.000000 1.000000 0.000000
vn 0.000000 1.000000 0.000000
vn 0.000000 1.000000 0.000000
vn 0.000000 1.000000 0.000000
vn 0.000000 1.000000 0.000000
vn 0.000000 1.000000 0.000000
vn 0.000000 1.000000 0.000000
vn 0.000000 1.000000 0.000000
vn 0.000000 1.000000 0.000000
vn 0.000000 1.000000 0.000000
vn 0.000000 1.000000 0.000000
vn 0.000000 1.000000 0.000000
vn 0.000000 1.000000 0.000000
vn 0.000000 1.000000 0.000000
vn 0.000000 1.000000 0.000000
vn 0.000000 1.000000 0.000000
vn 0.000000 1.000000 0.000000
vn 0.000000 1.000000 0.000000
vn 0.000000 1.000000 0.000000
vn 0.000000 1.000000 0.000000
vn 0.000000 1.000000 0.000000
vn 0.000000 1.000000 0.000000
vn 0.000000 1.000000 0.000000
vn 0.000000 1.000000 0.000000
vn 0.000000 1.000000 0.000000
vn 0.000000 1.000000 0.000000
vn 0.000000 1.000000 0.000000
vn 0.000000 1.000000 0.000000
vn 0.000000 1.000000 0.000000
vn 0.000000 1.000000 0.000000
vn 0.000000 0.000000 -1.000000
vn 0.000000 0.000000 -1.000000
vn 0.000000 0.000000 -1.000000
vn 0.000000 0.000000 -1.000000
vn 0.000000 0.000000 -1.000000
vn 0.000000 0.000000 -1.000000
vn 0.000000 0.000000 -1.000000
vn 0.000000 0.000000 -1.000000
vn 0.000000 0.000000 -1.000000
vn 0.000000 0.000000 -1.000000
vn 0.000000 0.000000 -1.000000
vn 0.000000 0.000000 -1.000000
vn 0.000000 0.000000 -1.000000
vn 0.000000 0.000000 -1.000000
vn 0.000000 0.000000 -1.000000
vn 0.000000 0.000000 -1.000000
vn 0.000000 0.000000 -1.000000
vn 0.000000 0.000000 -1.000000
vn 0.000000 0.000000 -1.000000
vn 0.000000 0.000000 -1.000000
vn 0.000000 0.000000 -1.000000
vn 0.000000 0.000000 -1.000000
vn 0.000000 0.000000 -1.000000
vn 0.000000 0.000000 -1.000000
vn 0.000000 0.000000 -1.000000
vn 0.000000 0.000000 -1.000000
vn 0.000000 0.000000 -1.000000
vn 0.000000 0.000000 -1.000000
vn 0.000000 0.000000 -1.000000
vn 0.000000 0.000000 -1.000000
vn 0.000000 0.000000 -1.000000
vn 0.000000 0.000000 -1.000000
vn 0.000000 0.000000 -1.000000
vn 0.000000 0.000000 -1.000000
vn 0.000000 0.000000 -1.000000
vn 0.000000 0.000000 -1.000000
vn 0.000000 0.000000 -1.000000
vn 0.000000 0.000000 -1.000000
vn 0.000000 0.000000 -1.000000
vn 0.000000 0.000000 -1.000000
vn 0.000000 0.000000 -1.000000
vn 0.000000 0.000000 -1.000000
vn 0.000000 0.000000 -1.000000
vn 0.000000 0.000000 -1.000000
vn 0.000000 0.000000 -1.000000
vn 0.000000 0.000000 -1.000000
vn 0.000000 0.000000 -1.000000
vn 0.000000 0.000000 -1.000000
vn 0.000000 0.000000 -1.000000
vn 0.000000 0.000000 -1.000000
vn 0.000000 0.000000 -1.000000
vn 0.000000 0.000000 -1.000000
vn 0.000000 0.000000 -1.000000
vn 0.000000 0.000000 -1.000000
vn 0.000000 0.000000 -1.000000
vn 0.000000 0.000000 -1.000000
vn 0.000000 0.000000 -1.000000
vn 0.000000 0.000000 -1.000000
vn 0.000000 0.000000 -1.000000
vn 0.000000 0.000000 -1.000000
vn 0.000000 0.000000 -1.000000
vn 0.000000 0.000000 -1.000000
vn 0.000000 0.000000 -1.000000
vn 0.000000 0.000000 -1.000000
vn 0.000000 0.000000 -1.000000
vn 0.000000 0.000000 -1.000000
vn 0.000000 0.000000 -1.000000
vn 0.000000 0.000000 -1.000000
vn 0.000000 0.000000 -1.000000
vn 0.000000 0.000000 -1.000000
vn 0.000000 0.000000 -1.000000
vn 0.000000 0.000000 -1.000000
vn 0.000000 0.000000 -1.000000
vn 0.000000 0.000000 -1.000000
vn 0.000000 0.000000 -1.000000
vn 0.000000 0.000000 -1.000000
vn 0.000000 0.000000 -1.000000
vn 0.000000 0.000000 -1.000000
vn 0.000000 0.000000 -1.000000
vn 0.000000 0.000000 -1.000000
vn 0.000000 0.000000 -1.000000
vn 0.000000 0.000000 -1.000000
vn -1.000000 0.000000 0.000000
vn -1.000000 0.000000 0.000000
vn -1.000000 0.000000 0.000000
vn -1.000000 0.000000 0.000000
vn -1.000000 0.000000 0.000000
vn -1.000000 0.000000 0.000000
vn -1.000000 0.000000 0.000000
vn -1.000000 0.000000 0.000000
vn -1.000000 0.000000 0.000000
vn -1.000000 0.000000 0.000000
vn -1.000000 0.000000 0.000000
vn -1.000000 0.000000 0.000000
vn -1.000000 0.000000 0.000000
vn -1.000000 0.000000 0.000000
vn -1.000000 0.000000 0.000000
vn -1.000000 0.000000 0.000000
vn -1.000000 0.000000 0.000000
vn -1.000000 0.000000 0.000000
vn -1.000000 0.000000 0.000000
vn -1.000000 0.000000 0.000000
vn -1.000000 0.000000 0.000000
vn -1.000000 0.000000 0.000000
vn -1.000000 0.000000 0.000000
vn -1.000000 0.000000 0.000000
vn -1.000000 0.000000 0.000000
vn -1.000000 0.000000 0.000000
vn -1.000000 0.000000 0.000000
vn -1.000000 0.000000 0.000000
vn -1.000000 0.000000 0.000000
vn -1.000000 0.000000 0.000000
vn -1.000000 0.000000 0.000000
vn -1.000000 0.000000 0.000000
vn -1.000000 0.000000 0.000000
vn -1.000000 0.000000 0.000000
vn -1.000000 0.000000 0.000000
vn -1.000000 0.000000 0.000000
vn -1.000000 0.000000 0.000000
vn -1.000000 0.000000 0.000000
vn -1.000000 0.000000 0.000000
vn -1.000000 0.000000 0.000000
vn -1.000000 0.000000 0.000000
vn -1.000000 0.000000 0.000000
vn -1.000000 0.000000 0.000000
vn -1.000000 0.000000 0.000000
vn -1.000000 0.000000 0.000000
vn -1.000000 0.000000 0.000000
vn -1.000000 0.000000 0.000000
vn -1.000000 0.000000 0.000000
vn -1.000000 0.000000 0.000000
vn -1.000000 0.000000 0.000000
vn -1.000000 0.000000 0.000000
vn -1.000000 0.000000 0.000000
vn -1.000000 0.000000 0.000000
vn -1.000000 0.000000 0.000000
vn -1.000000 0.000000 0.000000
vn -1.000000 0.000000 0.000000
vn -1.000000 0.000000 0.000000
vn -1.000000 0.000000 0.000000
vn -1.000000 0.000000 0.000000
vn -1.000000 0.000000 0.000000
vn -0.000000 -1.000000 -0.000000
vn -0.000000 -1.000000 -0.000000
vn -0.000000 -1.000000 -0.000000
vn -0.000000 -1.000000 -0.000000
vn -0.000000 -1.000000 -0.000000
vn -0.000000 -1.000000 -0.000000
vn -0.000000 -1.000000 -0.000000
vn -0.000000 -1.000000 -0.000000
vn -0.000000 -1.000000 -0.000000
vn -0.000000 -1.000000 -0.000000
vn -0.000000 -1.000000 -0.000000
vn -0.000000 -1.000000 -0.000000
vn -0.000000 -1.000000 -0.000000
vn -0.000000 -1.000000 -0.000000
vn -0.000000 -1.000000 -0.000000
vn -0.000000 -1.000000 -0.000000
vn -0.000000 -1.000000 -0.000000
vn -0.000000 -1.000000 -0.000000
vn -0.000000 -1.000000 -0.000000
vn -0.000000 -1.000000 -0.000000
vn -0.000000 -1.000000 -0.000000
vn -0.000000 -1.000000 -0.000000
vn -0.000000 -1.000000 -0.000000
vn -0.000000 -1.000000 -0.000000
vn -0.000000 -1.000000 -0.000000
vn -0.000000 -1.000000 -0.000000
vn -0.000000 -1.000000 -0.000000
vn -0.000000 -1.000000 -0.000000
vn 0.000000 0.000000 -1.000000
vn 0.000000 0.000000 -1.000000
vn 0.000000 0.000000 -1.000000
vn 0.000000 0.000000 -1.000000
vn 0.000000 0.000000 -1.000000
vn 0.000000 0.000000 -1.000000
vn 0.000000 0.000000 -1.000000
vn 0.000000 0.000000 -1.000000
vn 0.000000 0.000000 -1.000000
vn 0.000000 0.000000 -1.000000
vn 0.000000 0.000000 -1.000000
vn 0.000000 0.000000 -1.000000
vn 0.000000 0.000000 -1.000000
vn 0.000000 0.000000 -1.000000
vn 0.000000 0.000000 -1.000000
vn 0.000000 0.000000 -1.000000
vn 0.000000 0.000000 -1.000000
vn 0.000000 0.000000 -1.000000
vn 0.000000 0.000000 -1.000000
vn 0.000000 0.000000 -1.000000
vn 0.000000 0.000000 -1.000000
vn 0.000000 0.000000 -1.000000
vn 0.000000 0.000000 -1.000000
vn 0.000000 0.000000 -1.000000
vn 0.000000 0.000000 -1.000000
vn 0.000000 0.000000 -1.000000
vn 0.000000 0.000000 -1.000000
vn 0.000000 0.000000 -1.000000
vn 0.000000 0.000000 -1.000000
vn 0.000000 0.000000 -1.000000
vn 0.000000 0.000000 -1.000000
vn 0.000000 0.000000 -1.000000
vn 0.000000 0.000000 -1.000000
vn 0.000000 0.000000 -1.000000
vn 0.000000 0.000000 -1.000000
vn 0.000000 0.000000 -1.000000
vn 0.000000 0.000000 -1.000000
vn 0.000000 0.000000 -1.000000
vn 0.000000 0.000000 -1.000000
vn 0.000000 0.000000 -1.000000
vn 0.000000 0.000000 -1.000000
vn 0.000000 0.000000 -1.000000
vn 0.000000 0.000000 -1.000000
vn 0.000000 0.000000 -1.000000
vn 0.000000 0.000000 -1.000000
vn 0.000000 0.000000 -1.000000
vn 0.000000 0.000000 -1.000000
vn 0.000000 0.000000 -1.000000
vn 0.000000 0.000000 -1.000000
vn 0.000000 0.000000 -1.000000
vn 0.000000 0.000000 -1.000000
vn 0.000000 0.000000 -1.000000
vn 0.000000 0.000000 -1.000000
vn 0.000000 0.000000 -1.000000
vn 0.000000 0.000000 -1.000000
vn 0.000000 0.000000 -1.000000
vn 0.000000 0.000000 -1.000000
vn 0.000000 0.000000 -1.000000
vn 0.000000 0.000000 -1.000000
vn 0.000000 0.000000 -1.000000
vn 0.000000 0.000000 -1.000000
vn 0.000000 0.000000 -1.000000
vn 0.000000 0.000000 -1.000000
vn 0.000000 0.000000 -1.000000
vn 0.000000 0.000000 -1.000000
vn 0.000000 0.000000 -1.000000
vn 0.000000 0.000000 -1.000000
vn 0.000000 0.000000 -1.000000
vn 0.000000 0.000000 -1.000000
vn 0.000000 0.000000 -1.000000
vn 0.000000 0.000000 -1.000000
vn 0.000000 0.000000 -1.000000
vn 0.000000 0.000000 -1.000000
vn 0.000000 0.000000 -1.000000
vn 0.000000 0.000000 -1.000000
vn 0.000000 0.000000 -1.000000
vn 0.000000 0.000000 -1.000000
vn 0.000000 0.000000 -1.000000
vn 0.000000 0.000000 -1.000000
vn 0.000000 0.000000 -1.000000
vn 0.000000 0.000000 -1.000000
vn 0.000000 0.000000 -1.000000
vn 0.000000 0.000000 -1.000000
vn 0.000000 0.000000 -1.000000
vn 0.000000 0.000000 -1.000000
vn 0.000000 0.000000 -1.000000
vn 0.000000 0.000000 -1.000000
vn 0.000000 0.000000 -1.000000
vn 0.000000 0.000000 -1.000000
vn 0.000000 0.000000 -1.000000
vn 0.000000 0.000000 -1.000000
vn 0.000000 0.000000 -1.000000
vn 0.000000 0.000000 -1.000000
vn 0.000000 0.000000 -1.000000
vn 0.000000 0.000000 -1.000000
vn 0.000000 0.000000 -1.000000
vn 0.000000 0.000000 -1.000000
vn 0.000000 0.000000 -1.000000
vn 0.000000 0.000000 -1.000000
vn 0.000000 0.000000 -1.000000
vn 0.000000 0.000000 -1.000000
vn 0.000000 0.000000 -1.000000
vn 0.000000 0.000000 -1.000000
vn 0.000000 0.000000 -1.000000
vn 0.000000 0.000000 -1.000000
vn 0.000000 0.000000 -1.000000
vn 0.000000 0.000000 -1.000000
vn 0.000000 0.000000 -1.000000
vn 0.000000 0.000000 -1.000000
vn 0.000000 0.000000 -1.000000
vn 0.000000 0.000000 -1.000000
vn 0.000000 0.000000 -1.000000
vn 0.000000 0.000000 -1.000000
vn 0.000000 0.000000 -1.000000
vn 0.000000 0.000000 -1.000000
vn 0.000000 0.000000 -1.000000
vn 0.000000 0.000000 -1.000000
vn 0.000000 0.000000 -1.000000
vn 0.000000 0.000000 -1.000000
vn 0.000000 0.000000 -1.000000
vn 0.000000 0.000000 -1.000000
vn 0.000000 0.000000 -1.000000
vn 0.000000 0.000000 -1.000000
vn 0.000000 0.000000 -1.000000
vn 0.000000 0.000000 -1.000000
vn 0.000000 0.000000 -1.000000
vn 0.000000 0.000000 -1.000000
vn 0.000000 0.000000 -1.000000
vn 0.000000 0.000000 -1.000000
vn 0.000000 0.000000 -1.000000
vn 0.000000 0.000000 -1.000000
vn 0.000000 0.000000 -1.000000
vn 0.000000 0.000000 -1.000000
vn 0.000000 0.000000 -1.000000
vn 0.000000 0.000000 -1.000000
vn 0.000000 0.000000 -1.000000
vn 0.000000 0.000000 -1.000000
vn 0.000000 0.000000 -1.000000
vn 0.000000 0.000000 -1.000000
vn 0.000000 0.000000 -1.000000
vn 0.000000 0.000000 -1.000000
vn 0.000000 0.000000 -1.000000
vn 0.000000 0.000000 -1.000000
vn 0.000000 0.000000 -1.000000
vn 0.000000 0.000000 -1.000000
vn 0.000000 0.000000 -1.000000
vn 0.000000 0.000000 -1.000000
vn 0.000000 0.000000 -1.000000
vn 0.000000 0.000000 -1.000000
vn 0.000000 0.000000 -1.000000
vn 0.000000 0.000000 -1.000000
vn 0.000000 0.000000 -1.000000
vn 0.000000 0.000000 -1.000000
vn 0.000000 0.000000 -1.000000
vn 0.000000 0.000000 -1.000000
vn 0.000000 0.000000 -1.000000
vn 0.000000 0.000000 -1.000000
vn 0.000000 0.000000 -1.000000
vn 0.000000 0.000000 -1.000000
vn 0.000000 0.000000 -1.000000
vn 0.000000 0.000000 -1.000000
vn 0.000000 0.000000 -1.000000
vn 0.000000 0.000000 -1.000000
vn 0.000000 0.000000 -1.000000
vn 0.000000 0.000000 -1.000000
vn 0.000000 0.000000 -1.000000
vn 0.000000 0.000000 -1.000000
vn 0.000000 0.000000 -1.000000
vn 0.000000 0.000000 -1.000000
vn 0.000000 0.000000 -1.000000
vn 0.000000 0.000000 -1.000000
vn 0.000000 0.000000 -1.000000
vn 0.000000 0.000000 -1.000000
vn 0.000000 0.000000 -1.000000
vn 0.000000 0.000000 -1.000000
vn 0.000000 0.000000 -1.000000
vn 0.000000 0.000000 -1.000000
vn 0.000000 0.000000 -1.000000
vn 0.000000 0.000000 -1.000000
vn 0.000000 0.000000 -1.000000
vn 0.000000 0.000000 -1.000000
vn 0.000000 0.000000 -1.000000
vn 0.000000 0.000000 -1.000000
vn 0.000000 0.000000 -1.000000
vn 0.000000 0.000000 -1.000000
vn 0.000000 0.000000 -1.000000
vn 0.000000 0.000000 -1.000000
vn 0.000000 0.000000 -1.000000
vn 0.000000 0.000000 -1.000000
vn 0.000000 0.000000 -1.000000
vn 0.000000 0.000000 -1.000000
vn 0.000000 0.000000 -1.000000
vn 0.000000 0.000000 -1.000000
vn 0.000000 0.000000 -1.000000
vn 0.000000 0.000000 -1.000000
vn 0.000000 0.000000 -1.000000
vn 0.000000 0.000000 -1.000000
vn 0.000000 0.000000 -1.000000
vn 0.000000 0.000000 -1.000000
vn 0.000000 0.000000 -1.000000
vn 0.000000 0.000000 -1.000000
vn 0.000000 0.000000 -1.000000
vn -0.965926 0.258819 -0.000000
vn -0.965926 0.258819 -0.000000
vn -1.000000 0.000000 -0.000000
vn -1.000000 0.000000 -0.000000
vn -0.965926 -0.258819 -0.000000
vn -0.965926 -0.258819 -0.000000
vn -0.866025 -0.500000 -0.000000
vn -0.866025 -0.500000 -0.000000
vn -0.707107 -0.707107 -0.000000
vn -0.707107 -0.707107 -0.000000
vn -0.500000 -0.866025 -0.000000
vn -0.500000 -0.866025 -0.000000
vn -0.258819 -0.965926 -0.000000
vn -0.258819 -0.965926 -0.000000
vn 0.000000 -1.000000 -0.000000
vn 0.000000 -1.000000 -0.000000
vn 0.258819 -0.965926 -0.000000
vn 0.258819 -0.965926 -0.000000
vn 0.500000 -0.866025 -0.000000
vn 0.500000 -0.866025 -0.000000
vn 0.707107 -0.707107 -0.000000
vn 0.707107 -0.707107 -0.000000
vn 0.866025 -0.500000 -0.000000
vn 0.866025 -0.500000 -0.000000
vn 0.965926 -0.258819 -0.000000
vn 0.965926 -0.258819 -0.000000
vn 1.000000 0.000000 0.000000
vn 1.000000 0.000000 0.000000
vn 0.965926 0.258819 0.000000
vn 0.965926 0.258819 0.000000
vn 0.866025 0.500000 0.000000
vn 0.866025 0.500000 0.000000
vn 0.707107 0.707107 0.000000
vn 0.707107 0.707107 0.000000
vn 0.500000 0.866025 0.000000
vn 0.500000 0.866025 0.000000
vn 0.258819 0.965926 0.000000
vn 0.258819 0.965926 0.000000
vn 0.000000 1.000000 0.000000
vn 0.000000 1.000000 0.000000
vn -0.258819 0.965926 -0.000000
vn -0.258819 0.965926 -0.000000
vn -0.500000 0.866025 -0.000000
vn -0.500000 0.866025 -0.000000
vn -0.707107 0.707107 -0.000000
vn -0.707107 0.707107 -0.000000
vn -0.866025 0.500000 -0.000000
vn -0.866025 0.500000 -0.000000
vn -0.965926 -0.258819 -0.000000
vn -1.000000 -0.000000 -0.000000
vn -0.965926 0.258819 -0.000000
vn -0.866025 0.500000 -0.000000
vn -0.707107 0.707107 -0.000000
vn -0.500000 0.866025 -0.000000
vn -0.258819 0.965926 -0.000000
vn 0.000000 1.000000 0.000000
vn 0.258819 0.965926 0.000000
vn 0.500000 0.866025 0.000000
vn 0.707107 0.707107 0.000000
vn 0.866025 0.500000 0.000000
vn 0.965926 0.258819 0.000000
vn 1.000000 0.000000 0.000000
vn 0.965926 -0.258819 -0.000000
vn 0.866025 -0.500000 -0.000000
vn 0.707107 -0.707107 -0.000000
vn 0.500000 -0.866025 -0.000000
vn 0.258819 -0.965926 -0.000000
vn 0.000000 -1.000000 -0.000000
vn -0.258819 -0.965926 -0.000000
vn -0.500000 -0.866025 -0.000000
vn -0.707107 -0.707107 -0.000000
vn -0.866025 -0.500000 -0.000000
vn 0.000000 0.000000 -1.000000
vn 0.000000 0.000000 -1.000000
vn 0.000000 0.000000 -1.000000
vn 0.000000 0.000000 -1.000000
vn 0.000000 0.000000 -1.000000
vn 0.000000 0.000000 -1.000000
vn 0.000000 0.000000 -1.000000
vn 0.000000 0.000000 -1.000000
vn 0.000000 0.000000 -1.000000
vn 0.000000 0.000000 -1.000000
vn 0.000000 0.000000 -1.000000
vn 0.000000 0.000000 -1.000000
vn 0.000000 0.000000 -1.000000
vn 0.000000 0.000000 -1.000000
vn 0.000000 0.000000 -1.000000
vn 0.000000 0.000000 -1.000000
vn 0.000000 0.000000 -1.000000
vn 0.000000 0.000000 -1.000000
vn 0.000000 0.000000 -1.000000
vn 0.000000 0.000000 -1.000000
vn 0.000000 0.000000 -1.000000
vn 0.000000 0.000000 -1.000000
vn 0.000000 0.000000 -1.000000
vn 0.000000 0.000000 -1.000000
vn 0.000000 0.000000 -1.000000
vn 0.000000 0.000000 -1.000000
vn 0.000000 0.000000 -1.000000
vn 0.000000 0.000000 -1.000000
vn 0.000000 0.000000 -1.000000
vn 0.000000 0.000000 -1.000000
vn 0.000000 0.000000 -1.000000
vn 0.000000 0.000000 -1.000000
vn 0.000000 0.000000 -1.000000
vn 0.000000 0.000000 -1.000000
vn 0.000000 0.000000 -1.000000
vn 0.000000 0.000000 -1.000000
vn 0.000000 0.000000 -1.000000
vn 0.000000 0.000000 -1.000000
vn 0.000000 0.000000 -1.000000
vn 0.000000 0.000000 -1.000000
vn 0.000000 0.000000 -1.000000
vn 0.000000 0.000000 -1.000000
vn 0.000000 0.000000 -1.000000
vn 0.000000 0.000000 -1.000000
vn 0.000000 0.000000 -1.000000
vn 0.000000 0.000000 -1.000000
vn 0.000000 0.000000 -1.000000
vn 0.000000 0.000000 -1.000000
vn 0.000000 0.000000 -1.000000
vn 0.000000 0.000000 -1.000000
vn 0.000000 0.000000 -1.000000
vn 0.000000 0.000000 -1.000000
vn 0.000000 0.000000 -1.000000
vn 0.000000 0.000000 -1.000000
vn 0.000000 0.000000 -1.000000
vn 0.000000 0.000000 -1.000000
vn 0.000000 0.000000 -1.000000
vn 0.000000 0.000000 -1.000000
vn 0.000000 0.000000 -1.000000
vn 0.000000 0.000000 -1.000000
vn 0.000000 0.000000 -1.000000
vn 0.000000 0.000000 -1.000000
vn 0.000000 0.000000 -1.000000
vn 0.000000 0.000000 -1.000000
vn 0.000000 0.000000 -1.000000
vn 0.000000 0.000000 -1.000000
vn 0.000000 0.000000 -1.000000
vn 0.000000 0.000000 -1.000000
vn 0.000000 0.000000 -1.000000
vn 0.000000 0.000000 -1.000000
vn 0.000000 0.000000 -1.000000
vn 0.000000 0.000000 -1.000000
vn -0.000000 -0.000000 1.000000
vn -0.000000 -0.000000 1.000000
vn -0.000000 -0.000000 1.000000
vn -0.000000 -0.000000 1.000000
vn -0.000000 -0.000000 1.000000
vn -0.000000 -0.000000 1.000000
vn -0.000000 -0.000000 1.000000
vn -0.000000 -0.000000 1.000000
vn -0.000000 -0.000000 1.000000
vn -0.000000 -0.000000 1.000000
vn -0.000000 -0.000000 1.000000
vn -0.000000 -0.000000 1.000000
vn -0.000000 -0.000000 1.000000
vn -0.000000 -0.000000 1.000000
vn -0.000000 -0.000000 1.000000
vn -0.000000 -0.000000 1.000000
vn -0.000000 -0.000000 1.000000
vn -0.000000 -0.000000 1.000000
vn -0.000000 -0.000000 1.000000
vn -0.000000 -0.000000 1.000000
vn -0.000000 -0.000000 1.000000
vn -0.000000 -0.000000 1.000000
vn -0.000000 -0.000000 1.000000
vn -0.000000 -0.000000 1.000000
vn -0.000000 -0.000000 1.000000
vn -0.000000 -0.000000 1.000000
vn -0.000000 -0.000000 1.000000
vn -0.000000 -0.000000 1.000000
vn -0.000000 -0.000000 1.000000
vn -0.000000 -0.000000 1.000000
vn -0.000000 -0.000000 1.000000
vn -0.000000 -0.000000 1.000000
vn -0.000000 -0.000000 1.000000
vn -0.000000 -0.000000 1.000000
vn -0.000000 -0.000000 1.000000
vn -0.000000 -0.000000 1.000000
vn -0.000000 -0.000000 1.000000
vn -0.000000 -0.000000 1.000000
vn -0.000000 -0.000000 1.000000
vn -0.000000 -0.000000 1.000000
vn -0.000000 -0.000000 1.000000
vn -0.000000 -0.000000 1.000000
vn -0.000000 -0.000000 1.000000
vn -0.000000 -0.000000 1.000000
vn -0.000000 -0.000000 1.000000
vn -0.000000 -0.000000 1.000000
vn -0.000000 -0.000000 1.000000
vn -0.000000 -0.000000 1.000000
vn -0.965926 -0.258819 -0.000000
vn -0.965926 -0.258819 -0.000000
vn -1.000000 -0.000000 -0.000000
vn -1.000000 -0.000000 -0.000000
vn -0.965926 0.258819 -0.000000
vn -0.965926 0.258819 -0.000000
vn -0.866025 0.500000 -0.000000
vn -0.866025 0.500000 -0.000000
vn -0.707107 0.707107 -0.000000
vn -0.707107 0.707107 -0.000000
vn -0.500000 0.866025 -0.000000
vn -0.500000 0.866025 -0.000000
vn -0.258819 0.965926 -0.000000
vn -0.258819 0.965926 -0.000000
vn 0.000000 1.000000 0.000000
vn 0.000000 1.000000 0.000000
vn 0.258819 0.965926 0.000000
vn 0.258819 0.965926 0.000000
vn 0.500000 0.866025 0.000000
vn 0.500000 0.866025 0.000000
vn 0.707107 0.707107 0.000000
vn 0.707107 0.707107 0.000000
vn 0.866025 0.500000 0.000000
vn 0.866025 0.500000 0.000000
vn 0.965926 0.258819 0.000000
vn 0.965926 0.258819 0.000000
vn 1.000000 0.000000 0.000000
vn 1.000000 0.000000 0.000000
vn 0.965926 -0.258819 -0.000000
vn 0.965926 -0.258819 -0.000000
vn 0.866025 -0.500000 -0.000000
vn 0.866025 -0.500000 -0.000000
vn 0.707107 -0.707107 -0.000000
vn 0.707107 -0.707107 -0.000000
vn 0.500000 -0.866025 -0.000000
vn 0.500000 -0.866025 -0.000000
vn 0.258819 -0.965926 -0.000000
vn 0.258819 -0.965926 -0.000000
vn 0.000000 -1.000000 -0.000000
vn 0.000000 -1.000000 -0.000000
vn -0.258819 -0.965926 -0.000000
vn -0.258819 -0.965926 -0.000000
vn -0.500000 -0.866025 -0.000000
vn -0.500000 -0.866025 -0.000000
vn -0.707107 -0.707107 -0.000000
vn -0.707107 -0.707107 -0.000000
vn -0.866025 -0.500000 -0.000000
vn -0.866025 -0.500000 -0.000000
vn -0.965926 0.258819 -0.000000
vn -0.965926 0.258819 -0.000000
vn -1.000000 0.000000 -0.000000
vn -1.000000 0.000000 -0.000000
vn -0.965926 -0.258819 -0.000000
vn -0.965926 -0.258819 -0.000000
vn -0.866025 -0.500000 -0.000000
vn -0.866025 -0.500000 -0.000000
vn -0.707107 -0.707107 -0.000000
vn -0.707107 -0.707107 -0.000000
vn -0.500000 -0.866025 -0.000000
vn -0.500000 -0.866025 -0.000000
vn -0.258819 -0.965926 -0.000000
vn -0.258819 -0.965926 -0.000000
vn 0.000000 -1.000000 -0.000000
vn 0.000000 -1.000000 -0.000000
vn 0.258819 -0.965926 -0.000000
vn 0.258819 -0.965926 -0.000000
vn 0.500000 -0.866025 -0.000000
vn 0.500000 -0.866025 -0.000000
vn 0.707107 -0.707107 -0.000000
vn 0.707107 -0.707107 -0.000000
vn 0.866025 -0.500000 -0.000000
vn 0.866025 -0.500000 -0.000000
vn 0.965926 -0.258819 -0.000000
vn 0.965926 -0.258819 -0.000000
vn 1.000000 0.000000 0.000000
vn 1.000000 0.000000 0.000000
vn 0.965926 0.258819 0.000000
vn 0.965926 0.258819 0.000000
vn 0.866025 0.500000 0.000000
vn 0.866025 0.500000 0.000000
vn 0.707107 0.707107 0.000000
vn 0.707107 0.707107 0.000000
vn 0.500000 0.866025 0.000000
vn 0.500000 0.866025 0.000000
vn 0.258819 0.965926 0.000000
vn 0.258819 0.965926 0.000000
vn 0.000000 1.000000 0.000000
vn 0.000000 1.000000 0.000000
vn -0.258819 0.965926 -0.000000
vn -0.258819 0.965926 -0.000000
vn -0.500000 0.866025 -0.000000
vn -0.500000 0.866025 -0.000000
vn -0.707107 0.707107 -0.000000
vn -0.707107 0.707107 -0.000000
vn -0.866025 0.500000 -0.000000
vn -0.866025 0.500000 -0.000000
vn -0.965926 -0.258819 -0.000000
vn -1.000000 -0.000000 -0.000000
vn -0.965926 0.258819 -0.000000
vn -0.866025 0.500000 -0.000000
vn -0.707107 0.707107 -0.000000
vn -0.500000 0.866025 -0.000000
vn -0.258819 0.965926 -0.000000
vn 0.000000 1.000000 0.000000
vn 0.258819 0.965926 0.000000
vn 0.500000 0.866025 0.000000
vn 0.707107 0.707107 0.000000
vn 0.866025 0.500000 0.000000
vn 0.965926 0.258819 0.000000
vn 1.000000 0.000000 0.000000
vn 0.965926 -0.258819 -0.000000
vn 0.866025 -0.500000 -0.000000
vn 0.707107 -0.707107 -0.000000
vn 0.500000 -0.866025 -0.000000
vn 0.258819 -0.965926 -0.000000
vn 0.000000 -1.000000 -0.000000
vn -0.258819 -0.965926 -0.000000
vn -0.500000 -0.866025 -0.000000
vn -0.707107 -0.707107 -0.000000
vn -0.866025 -0.500000 -0.000000
vn -0.965926 0.258819 -0.000000
vn -0.965926 0.258819 -0.000000
vn -1.000000 0.000000 -0.000000
vn -1.000000 0.000000 -0.000000
vn -0.965926 -0.258819 -0.000000
vn -0.965926 -0.258819 -0.000000
vn -0.866025 -0.500000 -0.000000
vn -0.866025 -0.500000 -0.000000
vn -0.707107 -0.707107 -0.000000
vn -0.707107 -0.707107 -0.000000
vn -0.500000 -0.866025 -0.000000
vn -0.500000 -0.866025 -0.000000
vn -0.258819 -0.965926 -0.000000
vn -0.258819 -0.965926 -0.000000
vn 0.000000 -1.000000 -0.000000
vn 0.000000 -1.000000 -0.000000
vn 0.258819 -0.965926 -0.000000
vn 0.258819 -0.965926 -0.000000
vn 0.500000 -0.866025 -0.000000
vn 0.500000 -0.866025 -0.000000
vn 0.707107 -0.707107 -0.000000
vn 0.707107 -0.707107 -0.000000
vn 0.866025 -0.500000 -0.000000
vn 0.866025 -0.500000 -0.000000
vn 0.965926 -0.258819 -0.000000
vn 0.965926 -0.258819 -0.000000
vn 1.000000 0.000000 0.000000
vn 1.000000 0.000000 0.000000
vn 0.965926 0.258819 0.000000
vn 0.965926 0.258819 0.000000
vn 0.866025 0.500000 0.000000
vn 0.866025 0.500000 0.000000
vn 0.707107 0.707107 0.000000
vn 0.707107 0.707107 0.000000
vn 0.500000 0.866025 0.000000
vn 0.500000 0.866025 0.000000
vn 0.258819 0.965926 0.000000
vn 0.258819 0.965926 0.000000
vn 0.000000 1.000000 0.000000
vn 0.000000 1.000000 0.000000
vn -0.258819 0.965926 -0.000000
vn -0.258819 0.965926 -0.000000
vn -0.500000 0.866025 -0.000000
vn -0.500000 0.866025 -0.000000
vn -0.707107 0.707107 -0.000000
vn -0.707107 0.707107 -0.000000
vn -0.866025 0.500000 -0.000000
vn -0.866025 0.500000 -0.000000
vn -0.965926 -0.258819 -0.000000
vn -1.000000 -0.000000 -0.000000
vn -0.965926 0.258819 -0.000000
vn -0.866025 0.500000 -0.000000
vn -0.707107 0.707107 -0.000000
vn -0.500000 0.866025 -0.000000
vn -0.258819 0.965926 -0.000000
vn 0.000000 1.000000 0.000000
vn 0.258819 0.965926 0.000000
vn 0.500000 0.866025 0.000000
vn 0.707107 0.707107 0.000000
vn 0.866025 0.500000 0.000000
vn 0.965926 0.258819 0.000000
vn 1.000000 0.000000 0.000000
vn 0.965926 -0.258819 -0.000000
vn 0.866025 -0.500000 -0.000000
vn 0.707107 -0.707107 -0.000000
vn 0.500000 -0.866025 -0.000000
vn 0.258819 -0.965926 -0.000000
vn 0.000000 -1.000000 -0.000000
vn -0.258819 -0.965926 -0.000000
vn -0.500000 -0.866025 -0.000000
vn -0.707107 -0.707107 -0.000000
vn -0.866025 -0.500000 -0.000000
vn 0.000000 0.000000 -1.000000
vn 0.000000 0.000000 -1.000000
vn 0.000000 0.000000 -1.000000
vn 0.000000 0.000000 -1.000000
vn 0.000000 0.000000 -1.000000
vn 0.000000 0.000000 -1.000000
vn 0.000000 0.000000 -1.000000
vn 0.000000 0.000000 -1.000000
vn 0.000000 0.000000 -1.000000
vn 0.000000 0.000000 -1.000000
vn 0.000000 0.000000 -1.000000
vn 0.000000 0.000000 -1.000000
vn 0.000000 0.000000 -1.000000
vn 0.000000 0.000000 -1.000000
vn 0.000000 0.000000 -1.000000
vn 0.000000 0.000000 -1.000000
vn 0.000000 0.000000 -1.000000
vn 0.000000 0.000000 -1.000000
vn 0.000000 0.000000 -1.000000
vn 0.000000 0.000000 -1.000000
vn 0.000000 0.000000 -1.000000
vn 0.000000 0.000000 -1.000000
vn 0.000000 0.000000 -1.000000
vn 0.000000 0.000000 -1.000000
vn 0.000000 0.000000 -1.000000
vn 0.000000 0.000000 -1.000000
vn 0.000000 0.000000 -1.000000
vn 0.000000 0.000000 -1.000000
vn 0.000000 0.000000 -1.000000
vn 0.000000 0.000000 -1.000000
vn 0.000000 0.000000 -1.000000
vn 0.000000 0.000000 -1.000000
vn 0.000000 0.000000 -1.000000
vn 0.000000 0.000000 -1.000000
vn 0.000000 0.000000 -1.000000
vn 0.000000 0.000000 -1.000000
vn 0.000000 0.000000 -1.000000
vn 0.000000 0.000000 -1.000000
vn 0.000000 0.000000 -1.000000
vn 0.000000 0.000000 -1.000000
vn 0.000000 0.000000 -1.000000
vn 0.000000 0.000000 -1.000000
vn 0.000000 0.000000 -1.000000
vn 0.000000 0.000000 -1.000000
vn 0.000000 0.000000 -1.000000
vn 0.000000 0.000000 -1.000000
vn 0.000000 0.000000 -1.000000
vn 0.000000 0.000000 -1.000000
vn 0.000000 0.000000 -1.000000
vn 0.000000 0.000000 -1.000000
vn 0.000000 0.000000 -1.000000
vn 0.000000 0.000000 -1.000000
vn 0.000000 0.000000 -1.000000
vn 0.000000 0.000000 -1.000000
vn 0.000000 0.000000 -1.000000
vn 0.000000 0.000000 -1.000000
vn 0.000000 0.000000 -1.000000
vn 0.000000 0.000000 -1.000000
vn 0.000000 0.000000 -1.000000
vn 0.000000 0.000000 -1.000000
vn 0.000000 0.000000 -1.000000
vn 0.000000 0.000000 -1.000000
vn 0.000000 0.000000 -1.000000
vn 0.000000 0.000000 -1.000000
vn 0.000000 0.000000 -1.000000
vn 0.000000 0.000000 -1.000000
vn 0.000000 0.000000 -1.000000
vn 0.000000 0.000000 -1.000000
vn 0.000000 0.000000 -1.000000
vn 0.000000 0.000000 -1.000000
vn 0.000000 0.000000 -1.000000
vn 0.000000 0.000000 -1.000000
vn -0.000000 -0.000000 1.000000
vn -0.000000 -0.000000 1.000000
vn -0.000000 -0.000000 1.000000
vn -0.000000 -0.000000 1.000000
vn -0.000000 -0.000000 1.000000
vn -0.000000 -0.000000 1.000000
vn -0.000000 -0.000000 1.000000
vn -0.000000 -0.000000 1.000000
vn -0.000000 -0.000000 1.000000
vn -0.000000 -0.000000 1.000000
vn -0.000000 -0.000000 1.000000
vn -0.000000 -0.000000 1.000000
vn -0.000000 -0.000000 1.000000
vn -0.000000 -0.000000 1.000000
vn -0.000000 -0.000000 1.000000
vn -0.000000 -0.000000 1.000000
vn -0.000000 -0.000000 1.000000
vn -0.000000 -0.000000 1.000000
vn -0.000000 -0.000000 1.000000
vn -0.000000 -0.000000 1.000000
vn -0.000000 -0.000000 1.000000
vn -0.000000 -0.000000 1.000000
vn -0.000000 -0.000000 1.000000
vn -0.000000 -0.000000 1.000000
vn -0.000000 -0.000000 1.000000
vn -0.000000 -0.000000 1.000000
vn -0.000000 -0.000000 1.000000
vn -0.000000 -0.000000 1.000000
vn -0.000000 -0.000000 1.000000
vn -0.000000 -0.000000 1.000000
vn -0.000000 -0.000000 1.000000
vn -0.000000 -0.000000 1.000000
vn -0.000000 -0.000000 1.000000
vn -0.000000 -0.000000 1.000000
vn -0.000000 -0.000000 1.000000
vn -0.000000 -0.000000 1.000000
vn -0.000000 -0.000000 1.000000
vn -0.000000 -0.000000 1.000000
vn -0.000000 -0.000000 1.000000
vn -0.000000 -0.000000 1.000000
vn -0.000000 -0.000000 1.000000
vn -0.000000 -0.000000 1.000000
vn -0.000000 -0.000000 1.000000
vn -0.000000 -0.000000 1.000000
vn -0.000000 -0.000000 1.000000
vn -0.000000 -0.000000 1.000000
vn -0.000000 -0.000000 1.000000
vn -0.000000 -0.000000 1.000000
vn -0.965926 -0.258819 -0.000000
vn -0.965926 -0.258819 -0.000000
vn -1.000000 -0.000000 -0.000000
vn -1.000000 -0.000000 -0.000000
vn -0.965926 0.258819 -0.000000
vn -0.965926 0.258819 -0.000000
vn -0.866025 0.500000 -0.000000
vn -0.866025 0.500000 -0.000000
vn -0.707107 0.707107 -0.000000
vn -0.707107 0.707107 -0.000000
vn -0.500000 0.866025 -0.000000
vn -0.500000 0.866025 -0.000000
vn -0.258819 0.965926 -0.000000
vn -0.258819 0.965926 -0.000000
vn 0.000000 1.000000 0.000000
vn 0.000000 1.000000 0.000000
vn 0.258819 0.965926 0.000000
vn 0.258819 0.965926 0.000000
vn 0.500000 0.866025 0.000000
vn 0.500000 0.866025 0.000000
vn 0.707107 0.707107 0.000000
vn 0.707107 0.707107 0.000000
vn 0.866025 0.500000 0.000000
vn 0.866025 0.500000 0.000000
vn 0.965926 0.258819 0.000000
vn 0.965926 0.258819 0.000000
vn 1.000000 0.000000 0.000000
vn 1.000000 0.000000 0.000000
vn 0.965926 -0.258819 -0.000000
vn 0.965926 -0.258819 -0.000000
vn 0.866025 -0.500000 -0.000000
vn 0.866025 -0.500000 -0.000000
vn 0.707107 -0.707107 -0.000000
vn 0.707107 -0.707107 -0.000000
vn 0.500000 -0.866025 -0.000000
vn 0.500000 -0.866025 -0.000000
vn 0.258819 -0.965926 -0.000000
vn 0.258819 -0.965926 -0.000000
vn 0.000000 -1.000000 -0.000000
vn 0.000000 -1.000000 -0.000000
vn -0.258819 -0.965926 -0.000000
vn -0.258819 -0.965926 -0.000000
vn -0.500000 -0.866025 -0.000000
vn -0.500000 -0.866025 -0.000000
vn -0.707107 -0.707107 -0.000000
vn -0.707107 -0.707107 -0.000000
vn -0.866025 -0.500000 -0.000000
vn -0.866025 -0.500000 -0.000000
vn -0.965926 0.258819 -0.000000
vn -0.965926 0.258819 -0.000000
vn -1.000000 0.000000 -0.000000
vn -1.000000 0.000000 -0.000000
vn -0.965926 -0.258819 -0.000000
vn -0.965926 -0.258819 -0.000000
vn -0.866025 -0.500000 -0.000000
vn -0.866025 -0.500000 -0.000000
vn -0.707107 -0.707107 -0.000000
vn -0.707107 -0.707107 -0.000000
vn -0.500000 -0.866025 -0.000000
vn -0.500000 -0.866025 -0.000000
vn -0.258819 -0.965926 -0.000000
vn -0.258819 -0.965926 -0.000000
vn 0.000000 -1.000000 -0.000000
vn 0.000000 -1.000000 -0.000000
vn 0.258819 -0.965926 -0.000000
vn 0.258819 -0.965926 -0.000000
vn 0.500000 -0.866025 -0.000000
vn 0.500000 -0.866025 -0.000000
vn 0.707107 -0.707107 -0.000000
vn 0.707107 -0.707107 -0.000000
vn 0.866025 -0.500000 -0.000000
vn 0.866025 -0.500000 -0.000000
vn 0.965926 -0.258819 -0.000000
vn 0.965926 -0.258819 -0.000000
vn 1.000000 0.000000 0.000000
vn 1.000000 0.000000 0.000000
vn 0.965926 0.258819 0.000000
vn 0.965926 0.258819 0.000000
vn 0.866025 0.500000 0.000000
vn 0.866025 0.500000 0.000000
vn 0.707107 0.707107 0.000000
vn 0.707107 0.707107 0.000000
vn 0.500000 0.866025 0.000000
vn 0.500000 0.866025 0.000000
vn 0.258819 0.965926 0.000000
vn 0.258819 0.965926 0.000000
vn 0.000000 1.000000 0.000000
vn 0.000000 1.000000 0.000000
vn -0.258819 0.965926 -0.000000
vn -0.258819 0.965926 -0.000000
vn -0.500000 0.866025 -0.000000
vn -0.500000 0.866025 -0.000000
vn -0.707107 0.707107 -0.000000
vn -0.707107 0.707107 -0.000000
vn -0.866025 0.500000 -0.000000
vn -0.866025 0.500000 -0.000000
vn -0.965926 -0.258819 -0.000000
vn -1.000000 -0.000000 -0.000000
vn -0.965926 0.258819 -0.000000
vn -0.866025 0.500000 -0.000000
vn -0.707107 0.707107 -0.000000
vn -0.500000 0.866025 -0.000000
vn -0.258819 0.965926 -0.000000
vn 0.000000 1.000000 0.000000
vn 0.258819 0.965926 0.000000
vn 0.500000 0.866025 0.000000
vn 0.707107 0.707107 0.000000
vn 0.866025 0.500000 0.000000
vn 0.965926 0.258819 0.000000
vn 1.000000 0.000000 0.000000
vn 0.965926 -0.258819 -0.000000
vn 0.866025 -0.500000 -0.000000
vn 0.707107 -0.707107 -0.000000
vn 0.500000 -0.866025 -0.000000
vn 0.258819 -0.965926 -0.000000
vn 0.000000 -1.000000 -0.000000
vn -0.258819 -0.965926 -0.000000
vn -0.500000 -0.866025 -0.000000
vn -0.707107 -0.707107 -0.000000
vn -0.866025 -0.500000 -0.000000
vn -0.965926 0.258819 -0.000000
vn -0.965926 0.258819 -0.000000
vn -1.000000 0.000000 -0.000000
vn -1.000000 0.000000 -0.000000
vn -0.965926 -0.258819 -0.000000
vn -0.965926 -0.258819 -0.000000
vn -0.866025 -0.500000 -0.000000
vn -0.866025 -0.500000 -0.000000
vn -0.707107 -0.707107 -0.000000
vn -0.707107 -0.707107 -0.000000
vn -0.500000 -0.866025 -0.000000
vn -0.500000 -0.866025 -0.000000
vn -0.258819 -0.965926 -0.000000
vn -0.258819 -0.965926 -0.000000
vn 0.000000 -1.000000 -0.000000
vn 0.000000 -1.000000 -0.000000
vn 0.258819 -0.965926 -0.000000
vn 0.258819 -0.965926 -0.000000
vn 0.500000 -0.866025 -0.000000
vn 0.500000 -0.866025 -0.000000
vn 0.707107 -0.707107 -0.000000
vn 0.707107 -0.707107 -0.000000
vn 0.866025 -0.500000 -0.000000
vn 0.866025 -0.500000 -0.000000
vn 0.965926 -0.258819 -0.000000
vn 0.965926 -0.258819 -0.000000
vn 1.000000 0.000000 0.000000
vn 1.000000 0.000000 0.000000
vn 0.965926 0.258819 0.000000
vn 0.965926 0.258819 0.000000
vn 0.866025 0.500000 0.000000
vn 0.866025 0.500000 0.000000
vn 0.707107 0.707107 0.000000
vn 0.707107 0.707107 0.000000
vn 0.500000 0.866025 0.000000
vn 0.500000 0.866025 0.000000
vn 0.258819 0.965926 0.000000
vn 0.258819 0.965926 0.000000
vn 0.000000 1.000000 0.000000
vn 0.000000 1.000000 0.000000
vn -0.258819 0.965926 -0.000000
vn -0.258819 0.965926 -0.000000
vn -0.500000 0.866025 -0.000000
vn -0.500000 0.866025 -0.000000
vn -0.707107 0.707107 -0.000000
vn -0.707107 0.707107 -0.000000
vn -0.866025 0.500000 -0.000000
vn -0.866025 0.500000 -0.000000
vn -0.965926 -0.258819 -0.000000
vn -1.000000 -0.000000 -0.000000
vn -0.965926 0.258819 -0.000000
vn -0.866025 0.500000 -0.000000
vn -0.707107 0.707107 -0.000000
vn -0.500000 0.866025 -0.000000
vn -0.258819 0.965926 -0.000000
vn 0.000000 1.000000 0.000000
vn 0.258819 0.965926 0.000000
vn 0.500000 0.866025 0.000000
vn 0.707107 0.707107 0.000000
vn 0.866025 0.500000 0.000000
vn 0.965926 0.258819 0.000000
vn 1.000000 0.000000 0.000000
vn 0.965926 -0.258819 -0.000000
vn 0.866025 -0.500000 -0.000000
vn 0.707107 -0.707107 -0.000000
vn 0.500000 -0.866025 -0.000000
vn 0.258819 -0.965926 -0.000000
vn 0.000000 -1.000000 -0.000000
vn -0.258819 -0.965926 -0.000000
vn -0.500000 -0.866025 -0.000000
vn -0.707107 -0.707107 -0.000000
vn -0.866025 -0.500000 -0.000000
vn 0.000000 0.000000 -1.000000
vn 0.000000 0.000000 -1.000000
vn 0.000000 0.000000 -1.000000
vn 0.000000 0.000000 -1.000000
vn 0.000000 0.000000 -1.000000
vn 0.000000 0.000000 -1.000000
vn 0.000000 0.000000 -1.000000
vn 0.000000 0.000000 -1.000000
vn 0.000000 0.000000 -1.000000
vn 0.000000 0.000000 -1.000000
vn 0.000000 0.000000 -1.000000
vn 0.000000 0.000000 -1.000000
vn 0.000000 0.000000 -1.000000
vn 0.000000 0.000000 -1.000000
vn 0.000000 0.000000 -1.000000
vn 0.000000 0.000000 -1.000000
vn 0.000000 0.000000 -1.000000
vn 0.000000 0.000000 -1.000000
vn 0.000000 0.000000 -1.000000
vn 0.000000 0.000000 -1.000000
vn 0.000000 0.000000 -1.000000
vn 0.000000 0.000000 -1.000000
vn 0.000000 0.000000 -1.000000
vn 0.000000 0.000000 -1.000000
vn 0.000000 0.000000 -1.000000
vn 0.000000 0.000000 -1.000000
vn 0.000000 0.000000 -1.000000
vn 0.000000 0.000000 -1.000000
vn 0.000000 0.000000 -1.000000
vn 0.000000 0.000000 -1.000000
vn 0.000000 0.000000 -1.000000
vn 0.000000 0.000000 -1.000000
vn 0.000000 0.000000 -1.000000
vn 0.000000 0.000000 -1.000000
vn 0.000000 0.000000 -1.000000
vn 0.000000 0.000000 -1.000000
vn 0.000000 0.000000 -1.000000
vn 0.000000 0.000000 -1.000000
vn 0.000000 0.000000 -1.000000
vn 0.000000 0.000000 -1.000000
vn 0.000000 0.000000 -1.000000
vn 0.000000 0.000000 -1.000000
vn 0.000000 0.000000 -1.000000
vn 0.000000 0.000000 -1.000000
vn 0.000000 0.000000 -1.000000
vn 0.000000 0.000000 -1.000000
vn 0.000000 0.000000 -1.000000
vn 0.000000 0.000000 -1.000000
vn 0.000000 0.000000 -1.000000
vn 0.000000 0.000000 -1.000000
vn 0.000000 0.000000 -1.000000
vn 0.000000 0.000000 -1.000000
vn 0.000000 0.000000 -1.000000
vn 0.000000 0.000000 -1.000000
vn 0.000000 0.000000 -1.000000
vn 0.000000 0.000000 -1.000000
vn 0.000000 0.000000 -1.000000
vn 0.000000 0.000000 -1.000000
vn 0.000000 0.000000 -1.000000
vn 0.000000 0.000000 -1.000000
vn 0.000000 0.000000 -1.000000
vn 0.000000 0.000000 -1.000000
vn 0.000000 0.000000 -1.000000
vn 0.000000 0.000000 -1.000000
vn 0.000000 0.000000 -1.000000
vn 0.000000 0.000000 -1.000000
vn 0.000000 0.000000 -1.000000
vn 0.000000 0.000000 -1.000000
vn 0.000000 0.000000 -1.000000
vn 0.000000 0.000000 -1.000000
vn 0.000000 0.000000 -1.000000
vn 0.000000 0.000000 -1.000000
vn -0.000000 -0.000000 1.000000
vn -0.000000 -0.000000 1.000000
vn -0.000000 -0.000000 1.000000
vn -0.000000 -0.000000 1.000000
vn -0.000000 -0.000000 1.000000
vn -0.000000 -0.000000 1.000000
vn -0.000000 -0.000000 1.000000
vn -0.000000 -0.000000 1.000000
vn -0.000000 -0.000000 1.000000
vn -0.000000 -0.000000 1.000000
vn -0.000000 -0.000000 1.000000
vn -0.000000 -0.000000 1.000000
vn -0.000000 -0.000000 1.000000
vn -0.000000 -0.000000 1.000000
vn -0.000000 -0.000000 1.000000
vn -0.000000 -0.000000 1.000000
vn -0.000000 -0.000000 1.000000
vn -0.000000 -0.000000 1.000000
vn -0.000000 -0.000000 1.000000
vn -0.000000 -0.000000 1.000000
vn -0.000000 -0.000000 1.000000
vn -0.000000 -0.000000 1.000000
vn -0.000000 -0.000000 1.000000
vn -0.000000 -0.000000 1.000000
vn -0.000000 -0.000000 1.000000
vn -0.000000 -0.000000 1.000000
vn -0.000000 -0.000000 1.000000
vn -0.000000 -0.000000 1.000000
vn -0.000000 -0.000000 1.000000
vn -0.000000 -0.000000 1.000000
vn -0.000000 -0.000000 1.000000
vn -0.000000 -0.000000 1.000000
vn -0.000000 -0.000000 1.000000
vn -0.000000 -0.000000 1.000000
vn -0.000000 -0.000000 1.000000
vn -0.000000 -0.000000 1.000000
vn -0.000000 -0.000000 1.000000
vn -0.000000 -0.000000 1.000000
vn -0.000000 -0.000000 1.000000
vn -0.000000 -0.000000 1.000000
vn -0.000000 -0.000000 1.000000
vn -0.000000 -0.000000 1.000000
vn -0.000000 -0.000000 1.000000
vn -0.000000 -0.000000 1.000000
vn -0.000000 -0.000000 1.000000
vn -0.000000 -0.000000 1.000000
vn -0.000000 -0.000000 1.000000
vn -0.000000 -0.000000 1.000000
vn -0.965926 -0.258819 -0.000000
vn -0.965926 -0.258819 -0.000000
vn -1.000000 -0.000000 -0.000000
vn -1.000000 -0.000000 -0.000000
vn -0.965926 0.258819 -0.000000
vn -0.965926 0.258819 -0.000000
vn -0.866025 0.500000 -0.000000
vn -0.866025 0.500000 -0.000000
vn -0.707107 0.707107 -0.000000
vn -0.707107 0.707107 -0.000000
vn -0.500000 0.866025 -0.000000
vn -0.500000 0.866025 -0.000000
vn -0.258819 0.965926 -0.000000
vn -0.258819 0.965926 -0.000000
vn 0.000000 1.000000 0.000000
vn 0.000000 1.000000 0.000000
vn 0.258819 0.965926 0.000000
vn 0.258819 0.965926 0.000000
vn 0.500000 0.866025 0.000000
vn 0.500000 0.866025 0.000000
vn 0.707107 0.707107 0.000000
vn 0.707107 0.707107 0.000000
vn 0.866025 0.500000 0.000000
vn 0.866025 0.500000 0.000000
vn 0.965926 0.258819 0.000000
vn 0.965926 0.258819 0.000000
vn 1.000000 0.000000 0.000000
vn 1.000000 0.000000 0.000000
vn 0.965926 -0.258819 -0.000000
vn 0.965926 -0.258819 -0.000000
vn 0.866025 -0.500000 -0.000000
vn 0.866025 -0.500000 -0.000000
vn 0.707107 -0.707107 -0.000000
vn 0.707107 -0.707107 -0.000000
vn 0.500000 -0.866025 -0.000000
vn 0.500000 -0.866025 -0.000000
vn 0.258819 -0.965926 -0.000000
vn 0.258819 -0.965926 -0.000000
vn 0.000000 -1.000000 -0.000000
vn 0.000000 -1.000000 -0.000000
vn -0.258819 -0.965926 -0.000000
vn -0.258819 -0.965926 -0.000000
vn -0.500000 -0.866025 -0.000000
vn -0.500000 -0.866025 -0.000000
vn -0.707107 -0.707107 -0.000000
vn -0.707107 -0.707107 -0.000000
vn -0.866025 -0.500000 -0.000000
vn -0.866025 -0.500000 -0.000000
vn -0.965926 0.258819 -0.000000
vn -0.965926 0.258819 -0.000000
vn -1.000000 0.000000 -0.000000
vn -1.000000 0.000000 -0.000000
vn -0.965926 -0.258819 -0.000000
vn -0.965926 -0.258819 -0.000000
vn -0.866025 -0.500000 -0.000000
vn -0.866025 -0.500000 -0.000000
vn -0.707107 -0.707107 -0.000000
vn -0.707107 -0.707107 -0.000000
vn -0.500000 -0.866025 -0.000000
vn -0.500000 -0.866025 -0.000000
vn -0.258819 -0.965926 -0.000000
vn -0.258819 -0.965926 -0.000000
vn 0.000000 -1.000000 -0.000000
vn 0.000000 -1.000000 -0.000000
vn 0.258819 -0.965926 -0.000000
vn 0.258819 -0.965926 -0.000000
vn 0.500000 -0.866025 -0.000000
vn 0.500000 -0.866025 -0.000000
vn 0.707107 -0.707107 -0.000000
vn 0.707107 -0.707107 -0.000000
vn 0.866025 -0.500000 -0.000000
vn 0.866025 -0.500000 -0.000000
vn 0.965926 -0.258819 -0.000000
vn 0.965926 -0.258819 -0.000000
vn 1.000000 0.000000 0.000000
vn 1.000000 0.000000 0.000000
vn 0.965926 0.258819 0.000000
vn 0.965926 0.258819 0.000000
vn 0.866025 0.500000 0.000000
vn 0.866025 0.500000 0.000000
vn 0.707107 0.707107 0.000000
vn 0.707107 0.707107 0.000000
vn 0.500000 0.866025 0.000000
vn 0.500000 0.866025 0.000000
vn 0.258819 0.965926 0.000000
vn 0.258819 0.965926 0.000000
vn 0.000000 1.000000 0.000000
vn 0.000000 1.000000 0.000000
vn -0.258819 0.965926 -0.000000
vn -0.258819 0.965926 -0.000000
vn -0.500000 0.866025 -0.000000
vn -0.500000 0.866025 -0.000000
vn -0.707107 0.707107 -0.000000
vn -0.707107 0.707107 -0.000000
vn -0.866025 0.500000 -0.000000
vn -0.866025 0.500000 -0.000000
vn -0.965926 -0.258819 -0.000000
vn -1.000000 -0.000000 -0.000000
vn -0.965926 0.258819 -0.000000
vn -0.866025 0.500000 -0.000000
vn -0.707107 0.707107 -0.000000
vn -0.500000 0.866025 -0.000000
vn -0.258819 0.965926 -0.000000
vn 0.000000 1.000000 0.000000
vn 0.258819 0.965926 0.000000
vn 0.500000 0.866025 0.000000
vn 0.707107 0.707107 0.000000
vn 0.866025 0.500000 0.000000
vn 0.965926 0.258819 0.000000
vn 1.000000 0.000000 0.000000
vn 0.965926 -0.258819 -0.000000
vn 0.866025 -0.500000 -0.000000
vn 0.707107 -0.707107 -0.000000
vn 0.500000 -0.866025 -0.000000
vn 0.258819 -0.965926 -0.000000
vn 0.000000 -1.000000 -0.000000
vn -0.258819 -0.965926 -0.000000
vn -0.500000 -0.866025 -0.000000
vn -0.707107 -0.707107 -0.000000
vn -0.866025 -0.500000 -0.000000
vn -0.965926 0.258819 -0.000000
vn -0.965926 0.258819 -0.000000
vn -1.000000 0.000000 -0.000000
vn -1.000000 0.000000 -0.000000
vn -0.965926 -0.258819 -0.000000
vn -0.965926 -0.258819 -0.000000
vn -0.866025 -0.500000 -0.000000
vn -0.866025 -0.500000 -0.000000
vn -0.707107 -0.707107 -0.000000
vn -0.707107 -0.707107 -0.000000
vn -0.500000 -0.866025 -0.000000
vn -0.500000 -0.866025 -0.000000
vn -0.258819 -0.965926 -0.000000
vn -0.258819 -0.965926 -0.000000
vn 0.000000 -1.000000 -0.000000
vn 0.000000 -1.000000 -0.000000
vn 0.258819 -0.965926 -0.000000
vn 0.258819 -0.965926 -0.000000
vn 0.500000 -0.866025 -0.000000
vn 0.500000 -0.866025 -0.000000
vn 0.707107 -0.707107 -0.000000
vn 0.707107 -0.707107 -0.000000
vn 0.866025 -0.500000 -0.000000
vn 0.866025 -0.500000 -0.000000
vn 0.965926 -0.258819 -0.000000
vn 0.965926 -0.258819 -0.000000
vn 1.000000 0.000000 0.000000
vn 1.000000 0.000000 0.000000
vn 0.965926 0.258819 0.000000
vn 0.965926 0.258819 0.000000
vn 0.866025 0.500000 0.000000
vn 0.866025 0.500000 0.000000
vn 0.707107 0.707107 0.000000
vn 0.707107 0.707107 0.000000
vn 0.500000 0.866025 0.000000
vn 0.500000 0.866025 0.000000
vn 0.258819 0.965926 0.000000
vn 0.258819 0.965926 0.000000
vn 0.000000 1.000000 0.000000
vn 0.000000 1.000000 0.000000
vn -0.258819 0.965926 -0.000000
vn -0.258819 0.965926 -0.000000
vn -0.500000 0.866025 -0.000000
vn -0.500000 0.866025 -0.000000
vn -0.707107 0.707107 -0.000000
vn -0.707107 0.707107 -0.000000
vn -0.866025 0.500000 -0.000000
vn -0.866025 0.500000 -0.000000
vn -0.965926 -0.258819 -0.000000
vn -1.000000 -0.000000 -0.000000
vn -0.965926 0.258819 -0.000000
vn -0.866025 0.500000 -0.000000
vn -0.707107 0.707107 -0.000000
vn -0.500000 0.866025 -0.000000
vn -0.258819 0.965926 -0.000000
vn 0.000000 1.000000 0.000000
vn 0.258819 0.965926 0.000000
vn 0.500000 0.866025 0.000000
vn 0.707107 0.707107 0.000000
vn 0.866025 0.500000 0.000000
vn 0.965926 0.258819 0.000000
vn 1.000000 0.000000 0.000000
vn 0.965926 -0.258819 -0.000000
vn 0.866025 -0.500000 -0.000000
vn 0.707107 -0.707107 -0.000000
vn 0.500000 -0.866025 -0.000000
vn 0.258819 -0.965926 -0.000000
vn 0.000000 -1.000000 -0.000000
vn -0.258819 -0.965926 -0.000000
vn -0.500000 -0.866025 -0.000000
vn -0.707107 -0.707107 -0.000000
vn -0.866025 -0.500000 -0.000000
vn 0.000000 0.000000 -1.000000
vn 0.000000 0.000000 -1.000000
vn 0.000000 0.000000 -1.000000
vn 0.000000 0.000000 -1.000000
vn 0.000000 0.000000 -1.000000
vn 0.000000 0.000000 -1.000000
vn 0.000000 0.000000 -1.000000
vn 0.000000 0.000000 -1.000000
vn 0.000000 0.000000 -1.000000
vn 0.000000 0.000000 -1.000000
vn 0.000000 0.000000 -1.000000
vn 0.000000 0.000000 -1.000000
vn 0.000000 0.000000 -1.000000
vn 0.000000 0.000000 -1.000000
vn 0.000000 0.000000 -1.000000
vn 0.000000 0.000000 -1.000000
vn 0.000000 0.000000 -1.000000
vn 0.000000 0.000000 -1.000000
vn 0.000000 0.000000 -1.000000
vn 0.000000 0.000000 -1.000000
vn 0.000000 0.000000 -1.000000
vn 0.000000 0.000000 -1.000000
vn 0.000000 0.000000 -1.000000
vn 0.000000 0.000000 -1.000000
usemtl Steel_-_Satin
f 1/1/1 2/2/2 3/3/3
f 4/4/4 5/5/5 6/6/6
f 7/7/7 8/8/8 9/9/9
f 10/10/10 11/11/11 12/12/12
f 8/13/13 13/14/14 9/15/15
f 9/15/15 13/14/14 22/16/16
f 22/16/16 13/14/14 14/17/17
f 22/16/16 14/17/17 21/18/18
f 21/18/18 14/17/17 15/19/19
f 21/18/18 15/19/19 20/20/20
f 20/20/20 15/19/19 16/21/21
f 20/20/20 16/21/21 19/22/22
f 19/22/22 16/21/21 17/23/23
f 19/22/22 17/23/23 18/24/24
f 18/24/24 17/23/23 12/25/25
f 18/24/24 12/25/25 11/26/26
f 24/27/27 25/28/28 23/29/29
f 23/29/29 25/28/28 28/30/30
f 28/30/30 25/28/28 26/31/31
f 28/30/30 26/31/31 27/32/32
f 27/32/32 26/31/31 10/33/33
f 27/32/32 10/33/33 12/34/34
f 11/35/35 10/36/36 54/37/37
f 54/37/37 10/36/36 29/38/38
f 54/37/37 29/38/38 53/39/39
f 53/39/39 29/38/38 30/40/40
f 53/39/39 30/40/40 52/41/41
f 52/41/41 30/40/40 31/42/42
f 52/41/41 31/42/42 51/43/43
f 51/43/43 31/42/42 32/44/44
f 51/43/43 32/44/44 50/45/45
f 50/45/45 32/44/44 33/46/46
f 50/45/45 33/46/46 49/47/47
f 49/47/47 33/46/46 34/48/48
f 49/47/47 34/48/48 48/49/49
f 48/49/49 34/48/48 35/50/50
f 48/49/49 35/50/50 47/51/51
f 47/51/51 35/50/50 36/52/52
f 47/51/51 36/52/52 46/53/53
f 46/53/53 36/52/52 37/54/54
f 46/53/53 37/54/54 45/55/55
f 45/55/55 37/54/54 38/56/56
f 45/55/55 38/56/56 44/57/57
f 44/57/57 38/56/56 39/58/58
f 44/57/57 39/58/58 43/59/59
f 43/59/59 39/58/58 40/60/60
f 43/59/59 40/60/60 42/61/61
f 42/61/61 40/60/60 41/62/62
f 42/61/61 41/62/62 5/63/63
f 5/63/63 41/62/62 6/64/64
f 7/65/65 9/66/66 80/67/67
f 80/67/67 9/66/66 55/68/68
f 80/67/67 55/68/68 79/69/69
f 79/69/69 55/68/68 56/70/70
f 79/69/69 56/70/70 78/71/71
f 78/71/71 56/70/70 57/72/72
f 78/71/71 57/72/72 77/73/73
f 77/73/73 57/72/72 58/74/74
f 77/73/73 58/74/74 76/75/75
f 76/75/75 58/74/74 59/76/76
f 76/75/75 59/76/76 75/77/77
f 75/77/77 59/76/76 60/78/78
f 75/77/77 60/78/78 74/79/79
f 74/79/79 60/78/78 61/80/80
f 74/79/79 61/80/80 73/81/81
f 73/81/81 61/80/80 62/82/82
f 73/81/81 62/82/82 72/83/83
f 72/83/83 62/82/82 63/84/84
f 72/83/83 63/84/84 71/85/85
f 71/85/85 63/84/84 64/86/86
f 71/85/85 64/86/86 70/87/87
f 70/87/87 64/86/86 65/88/88
f 70/87/87 65/88/88 69/89/89
f 69/89/89 65/88/88 66/90/90
f 69/89/89 66/90/90 68/91/91
f 68/91/91 66/90/90 67/92/92
f 68/91/91 67/92/92 1/93/93
f 1/93/93 67/92/92 2/94/94
f 82/95/95 83/96/96 81/97/97
f 81/97/97 83/96/96 86/98/98
f 86/98/98 83/96/96 84/99/99
f 86/98/98 84/99/99 85/100/100
f 85/100/100 84/99/99 8/101/101
f 85/100/100 8/101/101 7/102/102
f 88/103/103 89/104/104 87/105/105
f 87/105/105 89/104/104 92/106/106
f 92/106/106 89/104/104 90/107/107
f 92/106/106 90/107/107 91/108/108
f 91/108/108 90/107/107 4/109/109
f 91/108/108 4/109/109 6/110/110
f 4/111/111 93/112/112 5/113/113
f 5/113/113 93/112/112 102/114/114
f 102/114/114 93/112/112 94/115/115
f 102/114/114 94/115/115 101/116/116
f 101/116/116 94/115/115 95/117/117
f 101/116/116 95/117/117 100/118/118
f 100/118/118 95/117/117 96/119/119
f 100/118/118 96/119/119 99/120/120
f 99/120/120 96/119/119 97/121/121
f 99/120/120 97/121/121 98/122/122
f 98/122/122 97/121/121 3/123/123
f 98/122/122 3/123/123 2/124/124
f 104/125/125 105/126/126 103/127/127
f 103/127/127 105/126/126 108/128/128
f 108/128/128 105/126/126 106/129/129
f 108/128/128 106/129/129 107/130/130
f 107/130/130 106/129/129 1/131/131
f 107/130/130 1/131/131 3/132/132
f 113/133/133 23/134/134 114/135/135
f 114/135/135 23/134/134 28/136/136
f 114/135/135 28/136/136 119/137/137
f 119/137/137 28/136/136 27/138/138
f 119/137/137 27/138/138 17/139/139
f 17/139/139 27/138/138 12/140/140
f 17/139/139 16/141/141 119/137/137
f 119/137/137 16/141/141 120/142/142
f 119/137/137 120/142/142 114/135/135
f 114/135/135 120/142/142 115/143/143
f 114/135/135 115/143/143 113/133/133
f 113/133/133 115/143/143 112/144/144
f 112/144/144 115/143/143 116/145/145
f 112/144/144 116/145/145 111/146/146
f 111/146/146 116/145/145 117/147/147
f 111/146/146 117/147/147 110/148/148
f 110/148/148 117/147/147 118/149/149
f 110/148/148 118/149/149 109/150/150
f 109/150/150 118/149/149 83/151/151
f 109/150/150 83/151/151 82/152/152
f 16/141/141 15/153/153 120/142/142
f 120/142/142 15/153/153 121/154/154
f 120/142/142 121/154/154 115/143/143
f 115/143/143 121/154/154 116/145/145
f 15/153/153 14/155/155 121/154/154
f 121/154/154 14/155/155 122/156/156
f 121/154/154 122/156/156 116/145/145
f 116/145/145 122/156/156 117/147/147
f 14/155/155 13/157/157 122/156/156
f 122/156/156 13/157/157 123/158/158
f 122/156/156 123/158/158 117/147/147
f 117/147/147 123/158/158 118/149/149
f 13/157/157 8/159/159 123/158/158
f 123/158/158 8/159/159 84/160/160
f 123/158/158 84/160/160 118/149/149
f 118/149/149 84/160/160 83/151/151
f 136/161/161 81/162/162 137/163/163
f 137/163/163 81/162/162 86/164/164
f 137/163/163 86/164/164 150/165/165
f 150/165/165 86/164/164 85/166/166
f 150/165/165 85/166/166 80/167/167
f 80/167/167 85/166/166 7/168/168
f 80/167/167 79/169/169 150/165/165
f 150/165/165 79/169/169 151/170/170
f 150/165/165 151/170/170 137/163/163
f 137/163/163 151/170/170 138/171/171
f 137/163/163 138/171/171 136/161/161
f 136/161/161 138/171/171 135/172/172
f 135/172/172 138/171/171 139/173/173
f 135/172/172 139/173/173 134/174/174
f 134/174/174 139/173/173 140/175/175
f 134/174/174 140/175/175 133/176/176
f 133/176/176 140/175/175 141/177/177
f 133/176/176 141/177/177 132/178/178
f 132/178/178 141/177/177 142/179/179
f 132/178/178 142/179/179 131/180/180
f 131/180/180 142/179/179 143/181/181
f 131/180/180 143/181/181 130/182/182
f 130/182/182 143/181/181 144/183/183
f 130/182/182 144/183/183 129/184/184
f 129/184/184 144/183/183 145/185/185
f 129/184/184 145/185/185 128/186/186
f 128/186/186 145/185/185 146/187/187
f 128/186/186 146/187/187 127/188/188
f 127/188/188 146/187/187 147/189/189
f 127/188/188 147/189/189 126/190/190
f 126/190/190 147/189/189 148/191/191
f 126/190/190 148/191/191 125/192/192
f 125/192/192 148/191/191 149/193/193
f 125/192/192 149/193/193 124/194/194
f 124/194/194 149/193/193 105/195/195
f 124/194/194 105/195/195 104/196/196
f 79/169/169 78/197/197 151/170/170
f 151/170/170 78/197/197 152/198/198
f 151/170/170 152/198/198 138/171/171
f 138/171/171 152/198/198 139/173/173
f 78/197/197 77/199/199 152/198/198
f 152/198/198 77/199/199 153/200/200
f 152/198/198 153/200/200 139/173/173
f 139/173/173 153/200/200 140/175/175
f 77/199/199 76/201/201 153/200/200
f 153/200/200 76/201/201 154/202/202
f 153/200/200 154/202/202 140/175/175
f 140/175/175 154/202/202 141/177/177
f 76/201/201 75/203/203 154/202/202
f 154/202/202 75/203/203 155/204/204
f 154/202/202 155/204/204 141/177/177
f 141/177/177 155/204/204 142/179/179
f 75/203/203 74/205/205 155/204/204
f 155/204/204 74/205/205 156/206/206
f 155/204/204 156/206/206 142/179/179
f 142/179/179 156/206/206 143/181/181
f 74/205/205 73/207/207 156/206/206
f 156/206/206 73/207/207 157/208/208
f 156/206/206 157/208/208 143/181/181
f 143/181/181 157/208/208 144/183/183
f 73/207/207 72/209/209 157/208/208
f 157/208/208 72/209/209 158/210/210
f 157/208/208 158/210/210 144/183/183
f 144/183/183 158/210/210 145/185/185
f 72/209/209 71/211/211 158/210/210
f 158/210/210 71/211/211 159/212/212
f 158/210/210 159/212/212 145/185/185
f 145/185/185 159/212/212 146/187/187
f 71/211/211 70/213/213 159/212/212
f 159/212/212 70/213/213 160/214/214
f 159/212/212 160/214/214 146/187/187
f 146/187/187 160/214/214 147/189/189
f 70/213/213 69/215/215 160/214/214
f 160/214/214 69/215/215 161/216/216
f 160/214/214 161/216/216 147/189/189
f 147/189/189 161/216/216 148/191/191
f 69/215/215 68/217/217 161/216/216
f 161/216/216 68/217/217 162/218/218
f 161/216/216 162/218/218 148/191/191
f 148/191/191 162/218/218 149/193/193
f 68/217/217 1/219/219 162/218/218
f 162/218/218 1/219/219 106/220/220
f 162/218/218 106/220/220 149/193/193
f 149/193/193 106/220/220 105/195/195
f 9/221/221 22/222/222 55/223/223
f 55/223/223 22/222/222 167/224/224
f 55/223/223 167/224/224 56/225/225
f 56/225/225 167/224/224 172/226/226
f 56/225/225 172/226/226 57/227/227
f 57/227/227 172/226/226 177/228/228
f 57/227/227 177/228/228 58/229/229
f 58/229/229 177/228/228 182/230/230
f 58/229/229 182/230/230 59/231/231
f 59/231/231 182/230/230 187/232/232
f 59/231/231 187/232/232 60/233/233
f 60/233/233 187/232/232 192/234/234
f 60/233/233 192/234/234 61/235/235
f 61/235/235 192/234/234 197/236/236
f 61/235/235 197/236/236 62/237/237
f 62/237/237 197/236/236 202/238/238
f 62/237/237 202/238/238 63/239/239
f 63/239/239 202/238/238 207/240/240
f 63/239/239 207/240/240 64/241/241
f 64/241/241 207/240/240 212/242/242
f 64/241/241 212/242/242 65/243/243
f 65/243/243 212/242/242 217/244/244
f 65/243/243 217/244/244 66/245/245
f 66/245/245 217/244/244 222/246/246
f 66/245/245 222/246/246 67/247/247
f 67/247/247 222/246/246 227/248/248
f 67/247/247 227/248/248 2/249/249
f 2/249/249 227/248/248 98/250/250
f 98/250/250 227/248/248 226/251/251
f 98/250/250 226/251/251 99/252/252
f 99/252/252 226/251/251 225/253/253
f 99/252/252 225/253/253 100/254/254
f 100/254/254 225/253/253 224/255/255
f 100/254/254 224/255/255 101/256/256
f 101/256/256 224/255/255 223/257/257
f 101/256/256 223/257/257 102/258/258
f 102/258/258 223/257/257 42/259/259
f 102/258/258 42/259/259 5/260/260
f 22/222/222 21/261/261 167/224/224
f 167/224/224 21/261/261 166/262/262
f 167/224/224 166/262/262 172/226/226
f 172/226/226 166/262/262 171/263/263
f 172/226/226 171/263/263 177/228/228
f 177/228/228 171/263/263 176/264/264
f 177/228/228 176/264/264 182/230/230
f 182/230/230 176/264/264 181/265/265
f 182/230/230 181/265/265 187/232/232
f 187/232/232 181/265/265 186/266/266
f 187/232/232 186/266/266 192/234/234
f 192/234/234 186/266/266 191/267/267
f 192/234/234 191/267/267 197/236/236
f 197/236/236 191/267/267 196/268/268
f 197/236/236 196/268/268 202/238/238
f 202/238/238 196/268/268 201/269/269
f 202/238/238 201/269/269 207/240/240
f 207/240/240 201/269/269 206/270/270
f 207/240/240 206/270/270 212/242/242
f 212/242/242 206/270/270 211/271/271
f 212/242/242 211/271/271 217/244/244
f 217/244/244 211/271/271 216/272/272
f 217/244/244 216/272/272 222/246/246
f 222/246/246 216/272/272 221/273/273
f 222/246/246 221/273/273 227/248/248
f 227/248/248 221/273/273 226/251/251
f 21/261/261 20/274/274 166/262/262
f 166/262/262 20/274/274 165/275/275
f 166/262/262 165/275/275 171/263/263
f 171/263/263 165/275/275 170/276/276
f 171/263/263 170/276/276 176/264/264
f 176/264/264 170/276/276 175/277/277
f 176/264/264 175/277/277 181/265/265
f 181/265/265 175/277/277 180/278/278
f 181/265/265 180/278/278 186/266/266
f 186/266/266 180/278/278 185/279/279
f 186/266/266 185/279/279 191/267/267
f 191/267/267 185/279/279 190/280/280
f 191/267/267 190/280/280 196/268/268
f 196/268/268 190/280/280 195/281/281
f 196/268/268 195/281/281 201/269/269
f 201/269/269 195/281/281 200/282/282
f 201/269/269 200/282/282 206/270/270
f 206/270/270 200/282/282 205/283/283
f 206/270/270 205/283/283 211/271/271
f 211/271/271 205/283/283 210/284/284
f 211/271/271 210/284/284 216/272/272
f 216/272/272 210/284/284 215/285/285
f 216/272/272 215/285/285 221/273/273
f 221/273/273 215/285/285 220/286/286
f 221/273/273 220/286/286 226/251/251
f 226/251/251 220/286/286 225/253/253
f 20/274/274 19/287/287 165/275/275
f 165/275/275 19/287/287 164/288/288
f 165/275/275 164/288/288 170/276/276
f 170/276/276 164/288/288 169/289/289
f 170/276/276 169/289/289 175/277/277
f 175/277/277 169/289/289 174/290/290
f 175/277/277 174/290/290 180/278/278
f 180/278/278 174/290/290 179/291/291
f 180/278/278 179/291/291 185/279/279
f 185/279/279 179/291/291 184/292/292
f 185/279/279 184/292/292 190/280/280
f 190/280/280 184/292/292 189/293/293
f 190/280/280 189/293/293 195/281/281
f 195/281/281 189/293/293 194/294/294
f 195/281/281 194/294/294 200/282/282
f 200/282/282 194/294/294 199/295/295
f 200/282/282 199/295/295 205/283/283
f 205/283/283 199/295/295 204/296/296
f 205/283/283 204/296/296 210/284/284
f 210/284/284 204/296/296 209/297/297
f 210/284/284 209/297/297 215/285/285
f 215/285/285 209/297/297 214/298/298
f 215/285/285 214/298/298 220/286/286
f 220/286/286 214/298/298 219/299/299
f 220/286/286 219/299/299 225/253/253
f 225/253/253 219/299/299 224/255/255
f 19/287/287 18/300/300 164/288/288
f 164/288/288 18/300/300 163/301/301
f 164/288/288 163/301/301 169/289/289
f 169/289/289 163/301/301 168/302/302
f 169/289/289 168/302/302 174/290/290
f 174/290/290 168/302/302 173/303/303
f 174/290/290 173/303/303 179/291/291
f 179/291/291 173/303/303 178/304/304
f 179/291/291 178/304/304 184/292/292
f 184/292/292 178/304/304 183/305/305
f 184/292/292 183/305/305 189/293/293
f 189/293/293 183/305/305 188/306/306
f 189/293/293 188/306/306 194/294/294
f 194/294/294 188/306/306 193/307/307
f 194/294/294 193/307/307 199/295/295
f 199/295/295 193/307/307 198/308/308
f 199/295/295 198/308/308 204/296/296
f 204/296/296 198/308/308 203/309/309
f 204/296/296 203/309/309 209/297/297
f 209/297/297 203/309/309 208/310/310
f 209/297/297 208/310/310 214/298/298
f 214/298/298 208/310/310 213/311/311
f 214/298/298 213/311/311 219/299/299
f 219/299/299 213/311/311 218/312/312
f 219/299/299 218/312/312 224/255/255
f 224/255/255 218/312/312 223/257/257
f 18/300/300 11/313/313 163/301/301
f 163/301/301 11/313/313 54/314/314
f 163/301/301 54/314/314 168/302/302
f 168/302/302 54/314/314 53/315/315
f 168/302/302 53/315/315 173/303/303
f 173/303/303 53/315/315 52/316/316
f 173/303/303 52/316/316 178/304/304
f 178/304/304 52/316/316 51/317/317
f 178/304/304 51/317/317 183/305/305
f 183/305/305 51/317/317 50/318/318
f 183/305/305 50/318/318 188/306/306
f 188/306/306 50/318/318 49/319/319
f 188/306/306 49/319/319 193/307/307
f 193/307/307 49/319/319 48/320/320
f 193/307/307 48/320/320 198/308/308
f 198/308/308 48/320/320 47/321/321
f 198/308/308 47/321/321 203/309/309
f 203/309/309 47/321/321 46/322/322
f 203/309/309 46/322/322 208/310/310
f 208/310/310 46/322/322 45/323/323
f 208/310/310 45/323/323 213/311/311
f 213/311/311 45/323/323 44/324/324
f 213/311/311 44/324/324 218/312/312
f 218/312/312 44/324/324 43/325/325
f 218/312/312 43/325/325 223/257/257
f 223/257/257 43/325/325 42/259/259
f 229/326/326 275/327/327 228/328/328
f 228/328/328 275/327/327 252/329/329
f 228/328/328 252/329/329 253/330/330
f 275/327/327 229/326/326 274/331/331
f 274/331/331 229/326/326 230/332/332
f 274/331/331 230/332/332 273/333/333
f 273/333/333 230/332/332 231/334/334
f 273/333/333 231/334/334 272/335/335
f 272/335/335 231/334/334 232/336/336
f 272/335/335 232/336/336 271/337/337
f 271/337/337 232/336/336 233/338/338
f 271/337/337 233/338/338 270/339/339
f 270/339/339 233/338/338 234/340/340
f 270/339/339 234/340/340 235/341/341
f 270/339/339 235/341/341 269/342/342
f 269/342/342 235/341/341 236/343/343
f 269/342/342 236/343/343 268/344/344
f 268/344/344 236/343/343 237/345/345
f 268/344/344 237/345/345 267/346/346
f 267/346/346 237/345/345 238/347/347
f 267/346/346 238/347/347 266/348/348
f 266/348/348 238/347/347 239/349/349
f 266/348/348 239/349/349 265/350/350
f 265/350/350 239/349/349 264/351/351
f 264/351/351 239/349/349 240/352/352
f 264/351/351 240/352/352 263/353/353
f 263/353/353 240/352/352 241/354/354
f 263/353/353 241/354/354 262/355/355
f 262/355/355 241/354/354 242/356/356
f 262/355/355 242/356/356 261/357/357
f 261/357/357 242/356/356 243/358/358
f 261/357/357 243/358/358 260/359/359
f 260/359/359 243/358/358 244/360/360
f 260/359/359 244/360/360 259/361/361
f 259/361/361 244/360/360 245/362/362
f 259/361/361 245/362/362 258/363/363
f 258/363/363 245/362/362 246/364/364
f 258/363/363 246/364/364 247/365/365
f 258/363/363 247/365/365 257/366/366
f 257/366/366 247/365/365 248/367/367
f 257/366/366 248/367/367 256/368/368
f 256/368/368 248/367/367 249/369/369
f 256/368/368 249/369/369 255/370/370
f 255/370/370 249/369/369 250/371/371
f 255/370/370 250/371/371 254/372/372
f 254/372/372 250/371/371 251/373/373
f 254/372/372 251/373/373 253/330/330
f 253/330/330 251/373/373 228/328/328
f 277/374/374 323/375/375 276/376/376
f 276/376/376 323/375/375 300/377/377
f 276/376/376 300/377/377 299/378/378
f 299/378/378 300/377/377 301/379/379
f 299/378/378 301/379/379 302/380/380
f 323/375/375 277/374/374 322/381/381
f 322/381/381 277/374/374 278/382/382
f 322/381/381 278/382/382 321/383/383
f 321/383/383 278/382/382 279/384/384
f 321/383/383 279/384/384 320/385/385
f 320/385/385 279/384/384 280/386/386
f 320/385/385 280/386/386 319/387/387
f 319/387/387 280/386/386 281/388/388
f 319/387/387 281/388/388 318/389/389
f 318/389/389 281/388/388 282/390/390
f 318/389/389 282/390/390 283/391/391
f 318/389/389 283/391/391 317/392/392
f 317/392/392 283/391/391 284/393/393
f 317/392/392 284/393/393 316/394/394
f 316/394/394 284/393/393 285/395/395
f 316/394/394 285/395/395 315/396/396
f 315/396/396 285/395/395 286/397/397
f 315/396/396 286/397/397 314/398/398
f 314/398/398 286/397/397 287/399/399
f 314/398/398 287/399/399 313/400/400
f 313/400/400 287/399/399 288/401/401
f 313/400/400 288/401/401 312/402/402
f 312/402/402 288/401/401 311/403/403
f 311/403/403 288/401/401 289/404/404
f 311/403/403 289/404/404 310/405/405
f 310/405/405 289/404/404 290/406/406
f 310/405/405 290/406/406 309/407/407
f 309/407/407 290/406/406 291/408/408
f 309/407/407 291/408/408 308/409/409
f 308/409/409 291/408/408 292/410/410
f 308/409/409 292/410/410 307/411/411
f 307/411/411 292/410/410 293/412/412
f 307/411/411 293/412/412 306/413/413
f 306/413/413 293/412/412 294/414/414
f 306/413/413 294/414/414 295/415/415
f 306/413/413 295/415/415 305/416/416
f 305/416/416 295/415/415 296/417/417
f 305/416/416 296/417/417 304/418/418
f 304/418/418 296/417/417 297/419/419
f 304/418/418 297/419/419 303/420/420
f 303/420/420 297/419/419 298/421/421
f 303/420/420 298/421/421 302/380/380
f 302/380/380 298/421/421 299/378/378
f 251/422/422 277/423/423 228/424/424
f 228/424/424 277/423/423 276/425/425
f 228/426/424 276/427/425 229/428/426
f 229/428/426 276/427/425 299/429/427
f 229/428/426 299/429/427 230/430/428
f 230/430/428 299/429/427 298/431/429
f 230/430/428 298/431/429 231/432/430
f 231/432/430 298/431/429 297/433/431
f 231/432/430 297/433/431 232/434/432
f 232/434/432 297/433/431 296/435/433
f 232/434/432 296/435/433 233/436/434
f 233/436/434 296/435/433 295/437/435
f 233/436/434 295/437/435 234/438/436
f 234/438/436 295/437/435 294/439/437
f 234/438/436 294/439/437 235/440/438
f 235/440/438 294/439/437 293/441/439
f 235/440/438 293/441/439 236/442/440
f 236/442/440 293/441/439 292/443/441
f 236/442/440 292/443/441 237/444/442
f 237/444/442 292/443/441 291/445/443
f 237/444/442 291/445/443 238/446/444
f 238/446/444 291/445/443 290/447/445
f 238/446/444 290/447/445 239/448/446
f 239/448/446 290/447/445 289/449/447
f 239/448/446 289/449/447 240/450/448
f 240/450/448 289/449/447 288/451/449
f 240/450/448 288/451/449 241/452/450
f 241/452/450 288/451/449 287/453/451
f 241/452/450 287/453/451 242/454/452
f 242/454/452 287/453/451 286/455/453
f 242/454/452 286/455/453 243/456/454
f 243/456/454 286/455/453 285/457/455
f 243/456/454 285/457/455 244/458/456
f 244/458/456 285/457/455 284/459/457
f 244/458/456 284/459/457 245/460/458
f 245/460/458 284/459/457 283/461/459
f 245/460/458 283/461/459 246/462/460
f 246/462/460 283/461/459 282/463/461
f 246/462/460 282/463/461 247/464/462
f 247/464/462 282/463/461 281/465/463
f 247/464/462 281/465/463 248/466/464
f 248/466/464 281/465/463 280/467/465
f 248/466/464 280/467/465 249/468/466
f 249/468/466 280/467/465 279/469/467
f 249/468/466 279/469/467 250/470/468
f 250/470/468 279/469/467 278/471/469
f 250/470/468 278/471/469 251/422/422
f 251/422/422 278/471/469 277/423/423
f 325/472/470 349/473/471 324/474/472
f 324/474/472 349/473/471 348/475/473
f 324/476/472 348/477/473 347/478/474
f 347/478/474 348/477/473 371/479/475
f 347/478/474 371/479/475 346/480/476
f 346/480/476 371/479/475 370/481/477
f 346/480/476 370/481/477 345/482/478
f 345/482/478 370/481/477 369/483/479
f 345/482/478 369/483/479 344/484/480
f 344/484/480 369/483/479 368/485/481
f 344/484/480 368/485/481 343/486/482
f 343/486/482 368/485/481 367/487/483
f 343/486/482 367/487/483 342/488/484
f 342/488/484 367/487/483 366/489/485
f 342/488/484 366/489/485 341/490/486
f 341/490/486 366/489/485 365/491/487
f 341/490/486 365/491/487 340/492/488
f 340/492/488 365/491/487 364/493/489
f 340/492/488 364/493/489 339/494/490
f 339/494/490 364/493/489 363/495/491
f 339/494/490 363/495/491 338/496/492
f 338/496/492 363/495/491 362/497/493
f 338/496/492 362/497/493 337/498/494
f 337/498/494 362/497/493 361/499/495
f 337/498/494 361/499/495 336/500/496
f 336/500/496 361/499/495 360/501/497
f 336/500/496 360/501/497 335/502/498
f 335/502/498 360/501/497 359/503/499
f 335/502/498 359/503/499 334/504/500
f 334/504/500 359/503/499 358/505/501
f 334/504/500 358/505/501 333/506/502
f 333/506/502 358/505/501 357/507/503
f 333/506/502 357/507/503 332/508/504
f 332/508/504 357/507/503 356/509/505
f 332/508/504 356/509/505 331/510/506
f 331/510/506 356/509/505 355/511/507
f 331/510/506 355/511/507 330/512/508
f 330/512/508 355/511/507 354/513/509
f 330/512/508 354/513/509 329/514/510
f 329/514/510 354/513/509 353/515/511
f 329/514/510 353/515/511 328/516/512
f 328/516/512 353/515/511 352/517/513
f 328/516/512 352/517/513 327/518/514
f 327/518/514 352/517/513 351/519/515
f 327/518/514 351/519/515 326/520/516
f 326/520/516 351/519/515 350/521/517
f 326/520/516 350/521/517 325/472/470
f 325/472/470 350/521/517 349/473/471
f 323/522/518 371/479/475 300/523/519
f 300/523/519 371/479/475 348/477/473
f 300/524/519 348/475/473 301/525/520
f 301/525/520 348/475/473 349/473/471
f 301/525/520 349/473/471 302/526/521
f 302/526/521 349/473/471 350/521/517
f 302/526/521 350/521/517 303/527/522
f 303/527/522 350/521/517 351/519/515
f 303/527/522 351/519/515 304/528/523
f 304/528/523 351/519/515 352/517/513
f 304/528/523 352/517/513 305/529/524
f 305/529/524 352/517/513 353/515/511
f 305/529/524 353/515/511 306/530/525
f 306/530/525 353/515/511 354/513/509
f 306/530/525 354/513/509 307/531/526
f 307/531/526 354/513/509 355/511/507
f 307/531/526 355/511/507 308/532/527
f 308/532/527 355/511/507 356/509/505
f 308/532/527 356/509/505 309/533/528
f 309/533/528 356/509/505 357/507/503
f 309/533/528 357/507/503 310/534/529
f 310/534/529 357/507/503 358/505/501
f 310/534/529 358/505/501 311/535/530
f 311/535/530 358/505/501 359/503/499
f 311/535/530 359/503/499 312/536/531
f 312/536/531 359/503/499 360/501/497
f 312/536/531 360/501/497 313/537/532
f 313/537/532 360/501/497 361/499/495
f 313/537/532 361/499/495 314/538/533
f 314/538/533 361/499/495 362/497/493
f 314/538/533 362/497/493 315/539/534
f 315/539/534 362/497/493 363/495/491
f 315/539/534 363/495/491 316/540/535
f 316/540/535 363/495/491 364/493/489
f 316/540/535 364/493/489 317/541/536
f 317/541/536 364/493/489 365/491/487
f 317/541/536 365/491/487 318/542/537
f 318/542/537 365/491/487 366/489/485
f 318/542/537 366/489/485 319/543/538
f 319/543/538 366/489/485 367/487/483
f 319/543/538 367/487/483 320/544/539
f 320/544/539 367/487/483 368/485/481
f 320/544/539 368/485/481 321/545/540
f 321/545/540 368/485/481 369/483/479
f 321/545/540 369/483/479 322/546/541
f 322/546/541 369/483/479 370/481/477
f 322/546/541 370/481/477 323/522/518
f 323/522/518 370/481/477 371/479/475
f 372/547/542 373/548/543 403/549/544
f 403/549/544 373/548/543 408/550/545
f 403/549/544 408/550/545 402/551/546
f 402/551/546 408/550/545 400/552/547
f 402/551/546 400/552/547 401/553/548
f 373/548/543 374/554/549 408/550/545
f 408/550/545 374/554/549 407/555/550
f 408/550/545 407/555/550 400/552/547
f 400/552/547 407/555/550 399/556/551
f 399/556/551 407/555/550 406/557/552
f 399/556/551 406/557/552 398/558/553
f 398/558/553 406/557/552 405/559/554
f 398/558/553 405/559/554 397/560/555
f 397/560/555 405/559/554 404/561/556
f 397/560/555 404/561/556 396/562/557
f 396/562/557 404/561/556 386/563/558
f 396/562/557 386/563/558 387/564/559
f 374/554/549 375/565/560 407/555/550
f 407/555/550 375/565/560 406/557/552
f 375/565/560 376/566/561 406/557/552
f 406/557/552 376/566/561 405/559/554
f 376/566/561 377/567/562 405/559/554
f 405/559/554 377/567/562 404/561/556
f 378/568/563 379/569/564 377/567/562
f 377/567/562 379/569/564 404/561/556
f 380/570/565 381/571/566 379/569/564
f 379/569/564 381/571/566 382/572/567
f 379/569/564 382/572/567 383/573/568
f 379/569/564 383/573/568 404/561/556
f 404/561/556 383/573/568 384/574/569
f 404/561/556 384/574/569 385/575/570
f 385/575/570 386/563/558 404/561/556
f 387/564/559 388/576/571 396/562/557
f 396/562/557 388/576/571 389/577/572
f 396/562/557 389/577/572 390/578/573
f 396/562/557 390/578/573 395/579/574
f 395/579/574 390/578/573 391/580/575
f 395/579/574 391/580/575 392/581/576
f 392/581/576 393/582/577 395/579/574
f 395/579/574 393/582/577 394/583/578
f 378/584/579 409/585/580 379/586/581
f 379/586/581 409/585/580 474/587/582
f 379/586/581 474/587/582 380/588/583
f 380/588/583 474/587/582 462/589/584
f 462/589/584 474/587/582 461/590/585
f 461/590/585 474/587/582 473/591/586
f 461/590/585 473/591/586 460/592/587
f 460/592/587 473/591/586 472/593/588
f 460/592/587 472/593/588 459/594/589
f 459/594/589 472/593/588 471/595/590
f 459/594/589 471/595/590 458/596/591
f 458/596/591 471/595/590 470/597/592
f 458/596/591 470/597/592 457/598/593
f 457/598/593 470/597/592 469/599/594
f 457/598/593 469/599/594 456/600/595
f 456/600/595 469/599/594 468/601/596
f 456/600/595 468/601/596 455/602/597
f 455/602/597 468/601/596 467/603/598
f 455/602/597 467/603/598 454/604/599
f 454/604/599 467/603/598 466/605/600
f 454/604/599 466/605/600 453/606/601
f 453/606/601 466/605/600 465/607/602
f 453/606/601 465/607/602 452/608/603
f 452/608/603 465/607/602 464/609/604
f 452/608/603 464/609/604 451/610/605
f 451/610/605 464/609/604 463/611/606
f 451/610/605 463/611/606 423/612/607
f 423/612/607 463/611/606 422/613/608
f 422/613/608 463/611/606 420/614/609
f 422/613/608 420/614/609 421/615/610
f 409/585/580 410/616/611 474/587/582
f 474/587/582 410/616/611 473/591/586
f 410/616/611 411/617/612 473/591/586
f 473/591/586 411/617/612 472/593/588
f 411/617/612 412/618/613 472/593/588
f 472/593/588 412/618/613 471/595/590
f 412/618/613 413/619/614 471/595/590
f 471/595/590 413/619/614 470/597/592
f 413/619/614 414/620/615 470/597/592
f 470/597/592 414/620/615 469/599/594
f 414/620/615 415/621/616 469/599/594
f 469/599/594 415/621/616 468/601/596
f 415/621/616 416/622/617 468/601/596
f 468/601/596 416/622/617 467/603/598
f 416/622/617 417/623/618 467/603/598
f 467/603/598 417/623/618 466/605/600
f 417/623/618 418/624/619 466/605/600
f 466/605/600 418/624/619 465/607/602
f 418/624/619 419/625/620 465/607/602
f 465/607/602 419/625/620 464/609/604
f 419/625/620 420/614/609 464/609/604
f 464/609/604 420/614/609 463/611/606
f 451/610/605 423/612/607 450/626/621
f 450/626/621 423/612/607 424/627/622
f 450/626/621 424/627/622 449/628/623
f 449/628/623 424/627/622 425/629/624
f 449/628/623 425/629/624 448/630/625
f 448/630/625 425/629/624 426/631/626
f 448/630/625 426/631/626 447/632/627
f 447/632/627 426/631/626 427/633/628
f 447/632/627 427/633/628 446/634/629
f 446/634/629 427/633/628 428/635/630
f 446/634/629 428/635/630 445/636/631
f 445/636/631 428/635/630 429/637/632
f 445/636/631 429/637/632 444/638/633
f 444/638/633 429/637/632 430/639/634
f 444/638/633 430/639/634 443/640/635
f 443/640/635 430/639/634 431/641/636
f 443/640/635 431/641/636 442/642/637
f 442/642/637 431/641/636 432/643/638
f 442/642/637 432/643/638 441/644/639
f 441/644/639 432/643/638 433/645/640
f 441/644/639 433/645/640 440/646/641
f 440/646/641 433/645/640 434/647/642
f 440/646/641 434/647/642 439/648/643
f 439/648/643 434/647/642 435/649/644
f 439/648/643 435/649/644 438/650/645
f 438/650/645 435/649/644 436/651/646
f 438/650/645 436/651/646 437/652/647
f 437/652/647 436/651/646 395/653/648
f 437/652/647 395/653/648 394/654/649
f 476/655/650 486/656/651 475/657/652
f 475/657/652 486/656/651 487/658/653
f 475/657/652 487/658/653 449/659/654
f 449/659/654 487/658/653 450/660/655
f 486/656/651 476/655/650 485/661/656
f 485/661/656 476/655/650 477/662/657
f 485/661/656 477/662/657 484/663/658
f 484/663/658 477/662/657 478/664/659
f 484/663/658 478/664/659 483/665/660
f 483/665/660 478/664/659 479/666/661
f 483/665/660 479/666/661 482/667/662
f 482/667/662 479/666/661 480/668/663
f 482/667/662 480/668/663 481/669/664
f 511/670/665 487/671/666 512/672/667
f 512/672/667 487/671/666 486/673/668
f 512/672/667 486/673/668 537/674/669
f 537/674/669 486/673/668 485/675/670
f 537/674/669 485/675/670 562/676/671
f 562/676/671 485/675/670 484/677/672
f 562/676/671 484/677/672 587/678/673
f 587/678/673 484/677/672 483/679/674
f 587/678/673 483/679/674 612/680/675
f 612/680/675 483/679/674 482/681/676
f 612/680/675 482/681/676 637/682/677
f 637/682/677 482/681/676 481/683/678
f 637/682/677 481/683/678 662/684/679
f 662/684/679 481/683/678 480/685/680
f 662/684/679 480/685/680 687/686/681
f 687/686/681 480/685/680 479/687/682
f 687/686/681 479/687/682 712/688/683
f 712/688/683 479/687/682 478/689/684
f 712/688/683 478/689/684 737/690/685
f 737/690/685 478/689/684 477/691/686
f 737/690/685 477/691/686 762/692/687
f 762/692/687 477/691/686 476/693/688
f 762/692/687 476/693/688 475/694/689
f 475/694/689 488/695/690 762/692/687
f 762/692/687 488/695/690 763/696/691
f 762/692/687 763/696/691 737/690/685
f 737/690/685 763/696/691 738/697/692
f 737/690/685 738/697/692 712/688/683
f 712/688/683 738/697/692 713/698/693
f 712/688/683 713/698/693 687/686/681
f 687/686/681 713/698/693 688/699/694
f 687/686/681 688/699/694 662/684/679
f 662/684/679 688/699/694 663/700/695
f 662/684/679 663/700/695 637/682/677
f 637/682/677 663/700/695 638/701/696
f 637/682/677 638/701/696 612/680/675
f 612/680/675 638/701/696 613/702/697
f 612/680/675 613/702/697 587/678/673
f 587/678/673 613/702/697 588/703/698
f 587/678/673 588/703/698 562/676/671
f 562/676/671 588/703/698 563/704/699
f 562/676/671 563/704/699 537/674/669
f 537/674/669 563/704/699 538/705/700
f 537/674/669 538/705/700 512/672/667
f 512/672/667 538/705/700 513/706/701
f 512/672/667 513/706/701 511/670/665
f 511/670/665 513/706/701 514/707/702
f 511/670/665 514/707/702 510/708/703
f 510/708/703 514/707/702 515/709/704
f 510/708/703 515/709/704 516/710/705
f 516/710/705 515/709/704 541/711/706
f 516/710/705 541/711/706 542/712/707
f 542/712/707 541/711/706 567/713/708
f 542/712/707 567/713/708 568/714/709
f 568/714/709 567/713/708 593/715/710
f 568/714/709 593/715/710 594/716/711
f 594/716/711 593/715/710 619/717/712
f 594/716/711 619/717/712 620/718/713
f 620/718/713 619/717/712 645/719/714
f 620/718/713 645/719/714 646/720/715
f 646/720/715 645/719/714 671/721/716
f 646/720/715 671/721/716 672/722/717
f 672/722/717 671/721/716 697/723/718
f 672/722/717 697/723/718 698/724/719
f 698/724/719 697/723/718 723/725/720
f 698/724/719 723/725/720 724/726/721
f 724/726/721 723/725/720 749/727/722
f 724/726/721 749/727/722 750/728/723
f 750/728/723 749/727/722 775/729/724
f 750/728/723 775/729/724 776/730/725
f 776/730/725 775/729/724 494/731/726
f 776/730/725 494/731/726 495/732/727
f 763/696/691 488/695/690 764/733/728
f 764/733/728 488/695/690 489/734/729
f 764/733/728 489/734/729 765/735/730
f 765/735/730 489/734/729 766/736/731
f 765/735/730 766/736/731 740/737/732
f 740/737/732 766/736/731 741/738/733
f 740/737/732 741/738/733 715/739/734
f 715/739/734 741/738/733 716/740/735
f 715/739/734 716/740/735 690/741/736
f 690/741/736 716/740/735 691/742/737
f 690/741/736 691/742/737 665/743/738
f 665/743/738 691/742/737 666/744/739
f 665/743/738 666/744/739 640/745/740
f 640/745/740 666/744/739 641/746/741
f 640/745/740 641/746/741 615/747/742
f 615/747/742 641/746/741 616/748/743
f 615/747/742 616/748/743 590/749/744
f 590/749/744 616/748/743 591/750/745
f 590/749/744 591/750/745 565/751/746
f 565/751/746 591/750/745 566/752/747
f 565/751/746 566/752/747 540/753/748
f 540/753/748 566/752/747 541/711/706
f 540/753/748 541/711/706 515/709/704
f 489/734/729 490/754/749 766/736/731
f 766/736/731 490/754/749 767/755/750
f 766/736/731 767/755/750 741/738/733
f 741/738/733 767/755/750 742/756/751
f 741/738/733 742/756/751 716/740/735
f 716/740/735 742/756/751 717/757/752
f 716/740/735 717/757/752 691/742/737
f 691/742/737 717/757/752 692/758/753
f 691/742/737 692/758/753 666/744/739
f 666/744/739 692/758/753 667/759/754
f 666/744/739 667/759/754 641/746/741
f 641/746/741 667/759/754 642/760/755
f 641/746/741 642/760/755 616/748/743
f 616/748/743 642/760/755 617/761/756
f 616/748/743 617/761/756 591/750/745
f 591/750/745 617/761/756 592/762/757
f 591/750/745 592/762/757 566/752/747
f 566/752/747 592/762/757 567/713/708
f 566/752/747 567/713/708 541/711/706
f 767/755/750 490/754/749 768/763/758
f 768/763/758 490/754/749 491/764/759
f 768/763/758 491/764/759 769/765/760
f 769/765/760 491/764/759 770/766/761
f 769/765/760 770/766/761 744/767/762
f 744/767/762 770/766/761 745/768/763
f 744/767/762 745/768/763 719/769/764
f 719/769/764 745/768/763 720/770/765
f 719/769/764 720/770/765 694/771/766
f 694/771/766 720/770/765 695/772/767
f 694/771/766 695/772/767 669/773/768
f 669/773/768 695/772/767 670/774/769
f 669/773/768 670/774/769 644/775/770
f 644/775/770 670/774/769 645/719/714
f 644/775/770 645/719/714 619/717/712
f 491/764/759 492/776/771 770/766/761
f 770/766/761 492/776/771 771/777/772
f 770/766/761 771/777/772 745/768/763
f 745/768/763 771/777/772 746/778/773
f 745/768/763 746/778/773 720/770/765
f 720/770/765 746/778/773 721/779/774
f 720/770/765 721/779/774 695/772/767
f 695/772/767 721/779/774 696/780/775
f 695/772/767 696/780/775 670/774/769
f 670/774/769 696/780/775 671/721/716
f 670/774/769 671/721/716 645/719/714
f 771/777/772 492/776/771 772/781/776
f 772/781/776 492/776/771 493/782/777
f 772/781/776 493/782/777 773/783/778
f 773/783/778 493/782/777 774/784/779
f 773/783/778 774/784/779 748/785/780
f 748/785/780 774/784/779 749/727/722
f 748/785/780 749/727/722 723/725/720
f 493/782/777 494/731/726 774/784/779
f 774/784/779 494/731/726 775/729/724
f 774/784/779 775/729/724 749/727/722
f 496/786/781 778/787/782 495/732/727
f 495/732/727 778/787/782 777/788/783
f 495/732/727 777/788/783 776/730/725
f 776/730/725 777/788/783 751/789/784
f 776/730/725 751/789/784 750/728/723
f 750/728/723 751/789/784 725/790/785
f 750/728/723 725/790/785 724/726/721
f 724/726/721 725/790/785 699/791/786
f 724/726/721 699/791/786 698/724/719
f 698/724/719 699/791/786 673/792/787
f 698/724/719 673/792/787 672/722/717
f 672/722/717 673/792/787 647/793/788
f 672/722/717 647/793/788 646/720/715
f 646/720/715 647/793/788 621/794/789
f 646/720/715 621/794/789 620/718/713
f 620/718/713 621/794/789 595/795/790
f 620/718/713 595/795/790 594/716/711
f 594/716/711 595/795/790 569/796/791
f 594/716/711 569/796/791 568/714/709
f 568/714/709 569/796/791 543/797/792
f 568/714/709 543/797/792 542/712/707
f 542/712/707 543/797/792 517/798/793
f 542/712/707 517/798/793 516/710/705
f 516/710/705 517/798/793 509/799/794
f 516/710/705 509/799/794 510/708/703
f 497/800/795 780/801/796 496/786/781
f 496/786/781 780/801/796 779/802/797
f 496/786/781 779/802/797 778/787/782
f 778/787/782 779/802/797 753/803/798
f 778/787/782 753/803/798 752/804/799
f 752/804/799 753/803/798 727/805/800
f 752/804/799 727/805/800 726/806/801
f 726/806/801 727/805/800 701/807/802
f 726/806/801 701/807/802 700/808/803
f 700/808/803 701/807/802 675/809/804
f 700/808/803 675/809/804 674/810/805
f 674/810/805 675/809/804 649/811/806
f 674/810/805 649/811/806 648/812/807
f 648/812/807 649/811/806 623/813/808
f 648/812/807 623/813/808 622/814/809
f 622/814/809 623/813/808 597/815/810
f 622/814/809 597/815/810 596/816/811
f 596/816/811 597/815/810 571/817/812
f 596/816/811 571/817/812 570/818/813
f 570/818/813 571/817/812 545/819/814
f 570/818/813 545/819/814 544/820/815
f 544/820/815 545/819/814 519/821/816
f 544/820/815 519/821/816 518/822/817
f 518/822/817 519/821/816 508/823/818
f 518/822/817 508/823/818 509/799/794
f 498/824/819 782/825/820 497/800/795
f 497/800/795 782/825/820 781/826/821
f 497/800/795 781/826/821 780/801/796
f 780/801/796 781/826/821 755/827/822
f 780/801/796 755/827/822 754/828/823
f 754/828/823 755/827/822 729/829/824
f 754/828/823 729/829/824 728/830/825
f 728/830/825 729/829/824 703/831/826
f 728/830/825 703/831/826 702/832/827
f 702/832/827 703/831/826 677/833/828
f 702/832/827 677/833/828 676/834/829
f 676/834/829 677/833/828 651/835/830
f 676/834/829 651/835/830 650/836/831
f 650/836/831 651/835/830 625/837/832
f 650/836/831 625/837/832 624/838/833
f 624/838/833 625/837/832 599/839/834
f 624/838/833 599/839/834 598/840/835
f 598/840/835 599/839/834 573/841/836
f 598/840/835 573/841/836 572/842/837
f 572/842/837 573/841/836 547/843/838
f 572/842/837 547/843/838 546/844/839
f 546/844/839 547/843/838 521/845/840
f 546/844/839 521/845/840 520/846/841
f 520/846/841 521/845/840 507/847/842
f 520/846/841 507/847/842 508/823/818
f 499/848/843 784/849/844 498/824/819
f 498/824/819 784/849/844 783/850/845
f 498/824/819 783/850/845 782/825/820
f 782/825/820 783/850/845 757/851/846
f 782/825/820 757/851/846 756/852/847
f 756/852/847 757/851/846 731/853/848
f 756/852/847 731/853/848 730/854/849
f 730/854/849 731/853/848 705/855/850
f 730/854/849 705/855/850 704/856/851
f 704/856/851 705/855/850 679/857/852
f 704/856/851 679/857/852 678/858/853
f 678/858/853 679/857/852 653/859/854
f 678/858/853 653/859/854 652/860/855
f 652/860/855 653/859/854 627/861/856
f 652/860/855 627/861/856 626/862/857
f 626/862/857 627/861/856 601/863/858
f 626/862/857 601/863/858 600/864/859
f 600/864/859 601/863/858 575/865/860
f 600/864/859 575/865/860 574/866/861
f 574/866/861 575/865/860 549/867/862
f 574/866/861 549/867/862 548/868/863
f 548/868/863 549/867/862 523/869/864
f 548/868/863 523/869/864 522/870/865
f 522/870/865 523/869/864 506/871/866
f 522/870/865 506/871/866 507/847/842
f 393/872/867 786/873/868 499/848/843
f 499/848/843 786/873/868 785/874/869
f 499/848/843 785/874/869 784/849/844
f 784/849/844 785/874/869 759/875/870
f 784/849/844 759/875/870 758/876/871
f 758/876/871 759/875/870 733/877/872
f 758/876/871 733/877/872 732/878/873
f 732/878/873 733/877/872 707/879/874
f 732/878/873 707/879/874 706/880/875
f 706/880/875 707/879/874 681/881/876
f 706/880/875 681/881/876 680/882/877
f 680/882/877 681/881/876 655/883/878
f 680/882/877 655/883/878 654/884/879
f 654/884/879 655/883/878 629/885/880
f 654/884/879 629/885/880 628/886/881
f 628/886/881 629/885/880 603/887/882
f 628/886/881 603/887/882 602/888/883
f 602/888/883 603/887/882 577/889/884
f 602/888/883 577/889/884 576/890/885
f 576/890/885 577/889/884 551/891/886
f 576/890/885 551/891/886 550/892/887
f 550/892/887 551/891/886 525/893/888
f 550/892/887 525/893/888 524/894/889
f 524/894/889 525/893/888 505/895/890
f 524/894/889 505/895/890 506/871/866
f 393/872/867 392/896/891 786/873/868
f 786/873/868 392/896/891 761/897/892
f 786/873/868 761/897/892 760/898/893
f 760/898/893 761/897/892 735/899/894
f 760/898/893 735/899/894 734/900/895
f 734/900/895 735/899/894 709/901/896
f 734/900/895 709/901/896 708/902/897
f 708/902/897 709/901/896 683/903/898
f 708/902/897 683/903/898 682/904/899
f 682/904/899 683/903/898 657/905/900
f 682/904/899 657/905/900 656/906/901
f 656/906/901 657/905/900 631/907/902
f 656/906/901 631/907/902 630/908/903
f 630/908/903 631/907/902 605/909/904
f 630/908/903 605/909/904 604/910/905
f 604/910/905 605/909/904 579/911/906
f 604/910/905 579/911/906 578/912/907
f 578/912/907 579/911/906 553/913/908
f 578/912/907 553/913/908 552/914/909
f 552/914/909 553/913/908 527/915/910
f 552/914/909 527/915/910 526/916/911
f 526/916/911 527/915/910 504/917/912
f 526/916/911 504/917/912 505/895/890
f 392/896/891 391/918/913 761/897/892
f 761/897/892 391/918/913 736/919/914
f 761/897/892 736/919/914 735/899/894
f 735/899/894 736/919/914 710/920/915
f 735/899/894 710/920/915 709/901/896
f 709/901/896 710/920/915 684/921/916
f 709/901/896 684/921/916 683/903/898
f 683/903/898 684/921/916 658/922/917
f 683/903/898 658/922/917 657/905/900
f 657/905/900 658/922/917 632/923/918
f 657/905/900 632/923/918 631/907/902
f 631/907/902 632/923/918 606/924/919
f 631/907/902 606/924/919 605/909/904
f 605/909/904 606/924/919 580/925/920
f 605/909/904 580/925/920 579/911/906
f 579/911/906 580/925/920 554/926/921
f 579/911/906 554/926/921 553/913/908
f 553/913/908 554/926/921 528/927/922
f 553/913/908 528/927/922 527/915/910
f 527/915/910 528/927/922 504/917/912
f 391/918/913 390/928/923 736/919/914
f 736/919/914 390/928/923 711/929/924
f 736/919/914 711/929/924 710/920/915
f 710/920/915 711/929/924 685/930/925
f 710/920/915 685/930/925 684/921/916
f 684/921/916 685/930/925 659/931/926
f 684/921/916 659/931/926 658/922/917
f 658/922/917 659/931/926 633/932/927
f 658/922/917 633/932/927 632/923/918
f 632/923/918 633/932/927 607/933/928
f 632/923/918 607/933/928 606/924/919
f 606/924/919 607/933/928 581/934/929
f 606/924/919 581/934/929 580/925/920
f 580/925/920 581/934/929 555/935/930
f 580/925/920 555/935/930 554/926/921
f 554/926/921 555/935/930 529/936/931
f 554/926/921 529/936/931 528/927/922
f 528/927/922 529/936/931 503/937/932
f 528/927/922 503/937/932 504/917/912
f 390/928/923 389/938/933 711/929/924
f 711/929/924 389/938/933 686/939/934
f 711/929/924 686/939/934 685/930/925
f 685/930/925 686/939/934 660/940/935
f 685/930/925 660/940/935 659/931/926
f 659/931/926 660/940/935 634/941/936
f 659/931/926 634/941/936 633/932/927
f 633/932/927 634/941/936 608/942/937
f 633/932/927 608/942/937 607/933/928
f 607/933/928 608/942/937 582/943/938
f 607/933/928 582/943/938 581/934/929
f 581/934/929 582/943/938 556/944/939
f 581/934/929 556/944/939 555/935/930
f 555/935/930 556/944/939 530/945/940
f 555/935/930 530/945/940 529/936/931
f 529/936/931 530/945/940 503/937/932
f 389/938/933 388/946/941 686/939/934
f 686/939/934 388/946/941 661/947/942
f 686/939/934 661/947/942 660/940/935
f 660/940/935 661/947/942 635/948/943
f 660/940/935 635/948/943 634/941/936
f 634/941/936 635/948/943 609/949/944
f 634/941/936 609/949/944 608/942/937
f 608/942/937 609/949/944 583/950/945
f 608/942/937 583/950/945 582/943/938
f 582/943/938 583/950/945 557/951/946
f 582/943/938 557/951/946 556/944/939
f 556/944/939 557/951/946 531/952/947
f 556/944/939 531/952/947 530/945/940
f 530/945/940 531/952/947 502/953/948
f 530/945/940 502/953/948 503/937/932
f 388/946/941 387/954/949 661/947/942
f 661/947/942 387/954/949 636/955/950
f 661/947/942 636/955/950 635/948/943
f 635/948/943 636/955/950 610/956/951
f 635/948/943 610/956/951 609/949/944
f 609/949/944 610/956/951 584/957/952
f 609/949/944 584/957/952 583/950/945
f 583/950/945 584/957/952 558/958/953
f 583/950/945 558/958/953 557/951/946
f 557/951/946 558/958/953 532/959/954
f 557/951/946 532/959/954 531/952/947
f 531/952/947 532/959/954 502/953/948
f 387/954/949 386/960/955 636/955/950
f 636/955/950 386/960/955 611/961/956
f 636/955/950 611/961/956 610/956/951
f 610/956/951 611/961/956 585/962/957
f 610/956/951 585/962/957 584/957/952
f 584/957/952 585/962/957 559/963/958
f 584/957/952 559/963/958 558/958/953
f 558/958/953 559/963/958 533/964/959
f 558/958/953 533/964/959 532/959/954
f 532/959/954 533/964/959 501/965/960
f 532/959/954 501/965/960 502/953/948
f 386/960/955 385/966/961 611/961/956
f 611/961/956 385/966/961 586/967/962
f 611/961/956 586/967/962 585/962/957
f 585/962/957 586/967/962 560/968/963
f 585/962/957 560/968/963 559/963/958
f 559/963/958 560/968/963 534/969/964
f 559/963/958 534/969/964 533/964/959
f 533/964/959 534/969/964 501/965/960
f 385/966/961 384/970/965 586/967/962
f 586/967/962 384/970/965 561/971/966
f 586/967/962 561/971/966 560/968/963
f 560/968/963 561/971/966 535/972/967
f 560/968/963 535/972/967 534/969/964
f 534/969/964 535/972/967 500/973/968
f 534/969/964 500/973/968 501/965/960
f 384/970/965 383/974/969 561/971/966
f 561/971/966 383/974/969 536/975/970
f 561/971/966 536/975/970 535/972/967
f 535/972/967 536/975/970 500/973/968
f 383/974/969 382/976/971 536/975/970
f 536/975/970 382/976/971 381/977/972
f 536/975/970 381/977/972 500/973/968
f 540/753/748 515/709/704 514/707/702
f 514/707/702 513/706/701 539/978/973
f 539/978/973 513/706/701 538/705/700
f 539/978/973 538/705/700 564/979/974
f 564/979/974 538/705/700 563/704/699
f 564/979/974 563/704/699 589/980/975
f 589/980/975 563/704/699 588/703/698
f 589/980/975 588/703/698 614/981/976
f 614/981/976 588/703/698 613/702/697
f 614/981/976 613/702/697 639/982/977
f 639/982/977 613/702/697 638/701/696
f 639/982/977 638/701/696 664/983/978
f 664/983/978 638/701/696 663/700/695
f 664/983/978 663/700/695 689/984/979
f 689/984/979 663/700/695 688/699/694
f 689/984/979 688/699/694 714/985/980
f 714/985/980 688/699/694 713/698/693
f 714/985/980 713/698/693 739/986/981
f 739/986/981 713/698/693 738/697/692
f 739/986/981 738/697/692 764/733/728
f 764/733/728 738/697/692 763/696/691
f 518/822/817 509/799/794 517/798/793
f 520/846/841 508/823/818 519/821/816
f 544/820/815 518/822/817 543/797/792
f 543/797/792 518/822/817 517/798/793
f 522/870/865 507/847/842 521/845/840
f 546/844/839 520/846/841 545/819/814
f 545/819/814 520/846/841 519/821/816
f 524/894/889 506/871/866 523/869/864
f 548/868/863 522/870/865 547/843/838
f 547/843/838 522/870/865 521/845/840
f 526/916/911 505/895/890 525/893/888
f 550/892/887 524/894/889 549/867/862
f 549/867/862 524/894/889 523/869/864
f 552/914/909 526/916/911 551/891/886
f 551/891/886 526/916/911 525/893/888
f 565/751/746 540/753/748 539/978/973
f 539/978/973 540/753/748 514/707/702
f 565/751/746 539/978/973 564/979/974
f 570/818/813 544/820/815 569/796/791
f 569/796/791 544/820/815 543/797/792
f 572/842/837 546/844/839 571/817/812
f 571/817/812 546/844/839 545/819/814
f 574/866/861 548/868/863 573/841/836
f 573/841/836 548/868/863 547/843/838
f 576/890/885 550/892/887 575/865/860
f 575/865/860 550/892/887 549/867/862
f 578/912/907 552/914/909 577/889/884
f 577/889/884 552/914/909 551/891/886
f 590/749/744 565/751/746 564/979/974
f 590/749/744 564/979/974 589/980/975
f 593/715/710 567/713/708 592/762/757
f 596/816/811 570/818/813 595/795/790
f 595/795/790 570/818/813 569/796/791
f 598/840/835 572/842/837 597/815/810
f 597/815/810 572/842/837 571/817/812
f 600/864/859 574/866/861 599/839/834
f 599/839/834 574/866/861 573/841/836
f 602/888/883 576/890/885 601/863/858
f 601/863/858 576/890/885 575/865/860
f 604/910/905 578/912/907 603/887/882
f 603/887/882 578/912/907 577/889/884
f 615/747/742 590/749/744 589/980/975
f 615/747/742 589/980/975 614/981/976
f 593/715/710 592/762/757 618/987/982
f 618/987/982 592/762/757 617/761/756
f 618/987/982 617/761/756 643/988/983
f 643/988/983 617/761/756 642/760/755
f 643/988/983 642/760/755 668/989/984
f 668/989/984 642/760/755 667/759/754
f 668/989/984 667/759/754 693/990/985
f 693/990/985 667/759/754 692/758/753
f 693/990/985 692/758/753 718/991/986
f 718/991/986 692/758/753 717/757/752
f 718/991/986 717/757/752 743/992/987
f 743/992/987 717/757/752 742/756/751
f 743/992/987 742/756/751 768/763/758
f 768/763/758 742/756/751 767/755/750
f 622/814/809 596/816/811 621/794/789
f 621/794/789 596/816/811 595/795/790
f 624/838/833 598/840/835 623/813/808
f 623/813/808 598/840/835 597/815/810
f 626/862/857 600/864/859 625/837/832
f 625/837/832 600/864/859 599/839/834
f 628/886/881 602/888/883 627/861/856
f 627/861/856 602/888/883 601/863/858
f 630/908/903 604/910/905 629/885/880
f 629/885/880 604/910/905 603/887/882
f 640/745/740 615/747/742 614/981/976
f 640/745/740 614/981/976 639/982/977
f 644/775/770 619/717/712 618/987/982
f 618/987/982 619/717/712 593/715/710
f 644/775/770 618/987/982 643/988/983
f 648/812/807 622/814/809 647/793/788
f 647/793/788 622/814/809 621/794/789
f 650/836/831 624/838/833 649/811/806
f 649/811/806 624/838/833 623/813/808
f 652/860/855 626/862/857 651/835/830
f 651/835/830 626/862/857 625/837/832
f 654/884/879 628/886/881 653/859/854
f 653/859/854 628/886/881 627/861/856
f 656/906/901 630/908/903 655/883/878
f 655/883/878 630/908/903 629/885/880
f 665/743/738 640/745/740 639/982/977
f 665/743/738 639/982/977 664/983/978
f 669/773/768 644/775/770 643/988/983
f 669/773/768 643/988/983 668/989/984
f 674/810/805 648/812/807 673/792/787
f 673/792/787 648/812/807 647/793/788
f 676/834/829 650/836/831 675/809/804
f 675/809/804 650/836/831 649/811/806
f 678/858/853 652/860/855 677/833/828
f 677/833/828 652/860/855 651/835/830
f 680/882/877 654/884/879 679/857/852
f 679/857/852 654/884/879 653/859/854
f 682/904/899 656/906/901 681/881/876
f 681/881/876 656/906/901 655/883/878
f 690/741/736 665/743/738 664/983/978
f 690/741/736 664/983/978 689/984/979
f 694/771/766 669/773/768 668/989/984
f 694/771/766 668/989/984 693/990/985
f 697/723/718 671/721/716 696/780/775
f 700/808/803 674/810/805 699/791/786
f 699/791/786 674/810/805 673/792/787
f 702/832/827 676/834/829 701/807/802
f 701/807/802 676/834/829 675/809/804
f 704/856/851 678/858/853 703/831/826
f 703/831/826 678/858/853 677/833/828
f 706/880/875 680/882/877 705/855/850
f 705/855/850 680/882/877 679/857/852
f 708/902/897 682/904/899 707/879/874
f 707/879/874 682/904/899 681/881/876
f 715/739/734 690/741/736 689/984/979
f 715/739/734 689/984/979 714/985/980
f 719/769/764 694/771/766 693/990/985
f 719/769/764 693/990/985 718/991/986
f 697/723/718 696/780/775 722/993/988
f 722/993/988 696/780/775 721/779/774
f 722/993/988 721/779/774 747/994/989
f 747/994/989 721/779/774 746/778/773
f 747/994/989 746/778/773 772/781/776
f 772/781/776 746/778/773 771/777/772
f 726/806/801 700/808/803 725/790/785
f 725/790/785 700/808/803 699/791/786
f 728/830/825 702/832/827 727/805/800
f 727/805/800 702/832/827 701/807/802
f 730/854/849 704/856/851 729/829/824
f 729/829/824 704/856/851 703/831/826
f 732/878/873 706/880/875 731/853/848
f 731/853/848 706/880/875 705/855/850
f 734/900/895 708/902/897 733/877/872
f 733/877/872 708/902/897 707/879/874
f 740/737/732 715/739/734 714/985/980
f 740/737/732 714/985/980 739/986/981
f 744/767/762 719/769/764 718/991/986
f 744/767/762 718/991/986 743/992/987
f 748/785/780 723/725/720 722/993/988
f 722/993/988 723/725/720 697/723/718
f 748/785/780 722/993/988 747/994/989
f 752/804/799 726/806/801 751/789/784
f 751/789/784 726/806/801 725/790/785
f 754/828/823 728/830/825 753/803/798
f 753/803/798 728/830/825 727/805/800
f 756/852/847 730/854/849 755/827/822
f 755/827/822 730/854/849 729/829/824
f 758/876/871 732/878/873 757/851/846
f 757/851/846 732/878/873 731/853/848
f 760/898/893 734/900/895 759/875/870
f 759/875/870 734/900/895 733/877/872
f 765/735/730 740/737/732 739/986/981
f 765/735/730 739/986/981 764/733/728
f 769/765/760 744/767/762 743/992/987
f 769/765/760 743/992/987 768/763/758
f 773/783/778 748/785/780 747/994/989
f 773/783/778 747/994/989 772/781/776
f 778/787/782 752/804/799 777/788/783
f 777/788/783 752/804/799 751/789/784
f 780/801/796 754/828/823 779/802/797
f 779/802/797 754/828/823 753/803/798
f 782/825/820 756/852/847 781/826/821
f 781/826/821 756/852/847 755/827/822
f 784/849/844 758/876/871 783/850/845
f 783/850/845 758/876/871 757/851/846
f 786/873/868 760/898/893 785/874/869
f 785/874/869 760/898/893 759/875/870
f 787/995/990 788/996/991 814/997/992
f 814/997/992 788/996/991 813/998/993
f 813/998/993 788/996/991 789/999/994
f 813/998/993 789/999/994 812/1000/995
f 812/1000/995 789/999/994 790/1001/996
f 812/1000/995 790/1001/996 811/1002/997
f 811/1002/997 790/1001/996 791/1003/998
f 811/1002/997 791/1003/998 810/1004/999
f 810/1004/999 791/1003/998 792/1005/1000
f 810/1004/999 792/1005/1000 809/1006/1001
f 809/1006/1001 792/1005/1000 793/1007/1002
f 809/1006/1001 793/1007/1002 808/1008/1003
f 808/1008/1003 793/1007/1002 794/1009/1004
f 808/1008/1003 794/1009/1004 807/1010/1005
f 807/1010/1005 794/1009/1004 795/1011/1006
f 807/1010/1005 795/1011/1006 806/1012/1007
f 806/1012/1007 795/1011/1006 796/1013/1008
f 806/1012/1007 796/1013/1008 805/1014/1009
f 805/1014/1009 796/1013/1008 797/1015/1010
f 805/1014/1009 797/1015/1010 804/1016/1011
f 804/1016/1011 797/1015/1010 798/1017/1012
f 804/1016/1011 798/1017/1012 803/1018/1013
f 803/1018/1013 798/1017/1012 799/1019/1014
f 803/1018/1013 799/1019/1014 802/1020/1015
f 802/1020/1015 799/1019/1014 800/1021/1016
f 802/1020/1015 800/1021/1016 801/1022/1017
f 788/1023/991 787/1024/990 851/1025/1018
f 851/1025/1018 787/1024/990 815/1026/1019
f 851/1025/1018 815/1026/1019 876/1027/1020
f 876/1027/1020 815/1026/1019 816/1028/1021
f 876/1027/1020 816/1028/1021 901/1029/1022
f 901/1029/1022 816/1028/1021 817/1030/1023
f 901/1029/1022 817/1030/1023 926/1031/1024
f 926/1031/1024 817/1030/1023 818/1032/1025
f 926/1031/1024 818/1032/1025 951/1033/1026
f 951/1033/1026 818/1032/1025 819/1034/1027
f 951/1033/1026 819/1034/1027 976/1035/1028
f 976/1035/1028 819/1034/1027 820/1036/1029
f 976/1035/1028 820/1036/1029 1001/1037/1030
f 1001/1037/1030 820/1036/1029 821/1038/1031
f 1001/1037/1030 821/1038/1031 1026/1039/1032
f 1026/1039/1032 821/1038/1031 822/1040/1033
f 1026/1039/1032 822/1040/1033 1051/1041/1034
f 1051/1041/1034 822/1040/1033 823/1042/1035
f 1051/1041/1034 823/1042/1035 1076/1043/1036
f 1076/1043/1036 823/1042/1035 824/1044/1037
f 1076/1043/1036 824/1044/1037 1101/1045/1038
f 1101/1045/1038 824/1044/1037 825/1046/1039
f 1101/1045/1038 825/1046/1039 826/1047/1040
f 826/1047/1040 827/1048/1041 1101/1045/1038
f 1101/1045/1038 827/1048/1041 1102/1049/1042
f 1101/1045/1038 1102/1049/1042 1076/1043/1036
f 1076/1043/1036 1102/1049/1042 1077/1050/1043
f 1076/1043/1036 1077/1050/1043 1051/1041/1034
f 1051/1041/1034 1077/1050/1043 1052/1051/1044
f 1051/1041/1034 1052/1051/1044 1026/1039/1032
f 1026/1039/1032 1052/1051/1044 1027/1052/1045
f 1026/1039/1032 1027/1052/1045 1001/1037/1030
f 1001/1037/1030 1027/1052/1045 1002/1053/1046
f 1001/1037/1030 1002/1053/1046 976/1035/1028
f 976/1035/1028 1002/1053/1046 977/1054/1047
f 976/1035/1028 977/1054/1047 951/1033/1026
f 951/1033/1026 977/1054/1047 952/1055/1048
f 951/1033/1026 952/1055/1048 926/1031/1024
f 926/1031/1024 952/1055/1048 927/1056/1049
f 926/1031/1024 927/1056/1049 901/1029/1022
f 901/1029/1022 927/1056/1049 902/1057/1050
f 901/1029/1022 902/1057/1050 876/1027/1020
f 876/1027/1020 902/1057/1050 877/1058/1051
f 876/1027/1020 877/1058/1051 851/1025/1018
f 851/1025/1018 877/1058/1051 852/1059/1052
f 851/1025/1018 852/1059/1052 788/1023/991
f 788/1023/991 852/1059/1052 853/1060/1053
f 788/1023/991 853/1060/1053 789/1061/994
f 789/1061/994 853/1060/1053 854/1062/1054
f 789/1061/994 854/1062/1054 855/1063/1055
f 855/1063/1055 854/1062/1054 880/1064/1056
f 855/1063/1055 880/1064/1056 881/1065/1057
f 881/1065/1057 880/1064/1056 906/1066/1058
f 881/1065/1057 906/1066/1058 907/1067/1059
f 907/1067/1059 906/1066/1058 932/1068/1060
f 907/1067/1059 932/1068/1060 933/1069/1061
f 933/1069/1061 932/1068/1060 958/1070/1062
f 933/1069/1061 958/1070/1062 959/1071/1063
f 959/1071/1063 958/1070/1062 984/1072/1064
f 959/1071/1063 984/1072/1064 985/1073/1065
f 985/1073/1065 984/1072/1064 1010/1074/1066
f 985/1073/1065 1010/1074/1066 1011/1075/1067
f 1011/1075/1067 1010/1074/1066 1036/1076/1068
f 1011/1075/1067 1036/1076/1068 1037/1077/1069
f 1037/1077/1069 1036/1076/1068 1062/1078/1070
f 1037/1077/1069 1062/1078/1070 1063/1079/1071
f 1063/1079/1071 1062/1078/1070 1088/1080/1072
f 1063/1079/1071 1088/1080/1072 1089/1081/1073
f 1089/1081/1073 1088/1080/1072 1114/1082/1074
f 1089/1081/1073 1114/1082/1074 1115/1083/1075
f 1115/1083/1075 1114/1082/1074 833/1084/1076
f 1115/1083/1075 833/1084/1076 834/1085/1077
f 1102/1049/1042 827/1048/1041 1103/1086/1078
f 1103/1086/1078 827/1048/1041 828/1087/1079
f 1103/1086/1078 828/1087/1079 1104/1088/1080
f 1104/1088/1080 828/1087/1079 1105/1089/1081
f 1104/1088/1080 1105/1089/1081 1079/1090/1082
f 1079/1090/1082 1105/1089/1081 1080/1091/1083
f 1079/1090/1082 1080/1091/1083 1054/1092/1084
f 1054/1092/1084 1080/1091/1083 1055/1093/1085
f 1054/1092/1084 1055/1093/1085 1029/1094/1086
f 1029/1094/1086 1055/1093/1085 1030/1095/1087
f 1029/1094/1086 1030/1095/1087 1004/1096/1088
f 1004/1096/1088 1030/1095/1087 1005/1097/1089
f 1004/1096/1088 1005/1097/1089 979/1098/1090
f 979/1098/1090 1005/1097/1089 980/1099/1091
f 979/1098/1090 980/1099/1091 954/1100/1092
f 954/1100/1092 980/1099/1091 955/1101/1093
f 954/1100/1092 955/1101/1093 929/1102/1094
f 929/1102/1094 955/1101/1093 930/1103/1095
f 929/1102/1094 930/1103/1095 904/1104/1096
f 904/1104/1096 930/1103/1095 905/1105/1097
f 904/1104/1096 905/1105/1097 879/1106/1098
f 879/1106/1098 905/1105/1097 880/1064/1056
f 879/1106/1098 880/1064/1056 854/1062/1054
f 828/1087/1079 829/1107/1099 1105/1089/1081
f 1105/1089/1081 829/1107/1099 1106/1108/1100
f 1105/1089/1081 1106/1108/1100 1080/1091/1083
f 1080/1091/1083 1106/1108/1100 1081/1109/1101
f 1080/1091/1083 1081/1109/1101 1055/1093/1085
f 1055/1093/1085 1081/1109/1101 1056/1110/1102
f 1055/1093/1085 1056/1110/1102 1030/1095/1087
f 1030/1095/1087 1056/1110/1102 1031/1111/1103
f 1030/1095/1087 1031/1111/1103 1005/1097/1089
f 1005/1097/1089 1031/1111/1103 1006/1112/1104
f 1005/1097/1089 1006/1112/1104 980/1099/1091
f 980/1099/1091 1006/1112/1104 981/1113/1105
f 980/1099/1091 981/1113/1105 955/1101/1093
f 955/1101/1093 981/1113/1105 956/1114/1106
f 955/1101/1093 956/1114/1106 930/1103/1095
f 930/1103/1095 956/1114/1106 931/1115/1107
f 930/1103/1095 931/1115/1107 905/1105/1097
f 905/1105/1097 931/1115/1107 906/1066/1058
f 905/1105/1097 906/1066/1058 880/1064/1056
f 1106/1108/1100 829/1107/1099 1107/1116/1108
f 1107/1116/1108 829/1107/1099 830/1117/1109
f 1107/1116/1108 830/1117/1109 1108/1118/1110
f 1108/1118/1110 830/1117/1109 1109/1119/1111
f 1108/1118/1110 1109/1119/1111 1083/1120/1112
f 1083/1120/1112 1109/1119/1111 1084/1121/1113
f 1083/1120/1112 1084/1121/1113 1058/1122/1114
f 1058/1122/1114 1084/1121/1113 1059/1123/1115
f 1058/1122/1114 1059/1123/1115 1033/1124/1116
f 1033/1124/1116 1059/1123/1115 1034/1125/1117
f 1033/1124/1116 1034/1125/1117 1008/1126/1118
f 1008/1126/1118 1034/1125/1117 1009/1127/1119
f 1008/1126/1118 1009/1127/1119 983/1128/1120
f 983/1128/1120 1009/1127/1119 984/1072/1064
f 983/1128/1120 984/1072/1064 958/1070/1062
f 830/1117/1109 831/1129/1121 1109/1119/1111
f 1109/1119/1111 831/1129/1121 1110/1130/1122
f 1109/1119/1111 1110/1130/1122 1084/1121/1113
f 1084/1121/1113 1110/1130/1122 1085/1131/1123
f 1084/1121/1113 1085/1131/1123 1059/1123/1115
f 1059/1123/1115 1085/1131/1123 1060/1132/1124
f 1059/1123/1115 1060/1132/1124 1034/1125/1117
f 1034/1125/1117 1060/1132/1124 1035/1133/1125
f 1034/1125/1117 1035/1133/1125 1009/1127/1119
f 1009/1127/1119 1035/1133/1125 1010/1074/1066
f 1009/1127/1119 1010/1074/1066 984/1072/1064
f 1110/1130/1122 831/1129/1121 1111/1134/1126
f 1111/1134/1126 831/1129/1121 832/1135/1127
f 1111/1134/1126 832/1135/1127 1112/1136/1128
f 1112/1136/1128 832/1135/1127 1113/1137/1129
f 1112/1136/1128 1113/1137/1129 1087/1138/1130
f 1087/1138/1130 1113/1137/1129 1088/1080/1072
f 1087/1138/1130 1088/1080/1072 1062/1078/1070
f 832/1135/1127 833/1084/1076 1113/1137/1129
f 1113/1137/1129 833/1084/1076 1114/1082/1074
f 1113/1137/1129 1114/1082/1074 1088/1080/1072
f 835/1139/1131 1117/1140/1132 834/1085/1077
f 834/1085/1077 1117/1140/1132 1116/1141/1133
f 834/1085/1077 1116/1141/1133 1115/1083/1075
f 1115/1083/1075 1116/1141/1133 1090/1142/1134
f 1115/1083/1075 1090/1142/1134 1089/1081/1073
f 1089/1081/1073 1090/1142/1134 1064/1143/1135
f 1089/1081/1073 1064/1143/1135 1063/1079/1071
f 1063/1079/1071 1064/1143/1135 1038/1144/1136
f 1063/1079/1071 1038/1144/1136 1037/1077/1069
f 1037/1077/1069 1038/1144/1136 1012/1145/1137
f 1037/1077/1069 1012/1145/1137 1011/1075/1067
f 1011/1075/1067 1012/1145/1137 986/1146/1138
f 1011/1075/1067 986/1146/1138 985/1073/1065
f 985/1073/1065 986/1146/1138 960/1147/1139
f 985/1073/1065 960/1147/1139 959/1071/1063
f 959/1071/1063 960/1147/1139 934/1148/1140
f 959/1071/1063 934/1148/1140 933/1069/1061
f 933/1069/1061 934/1148/1140 908/1149/1141
f 933/1069/1061 908/1149/1141 907/1067/1059
f 907/1067/1059 908/1149/1141 882/1150/1142
f 907/1067/1059 882/1150/1142 881/1065/1057
f 881/1065/1057 882/1150/1142 856/1151/1143
f 881/1065/1057 856/1151/1143 855/1063/1055
f 855/1063/1055 856/1151/1143 790/1152/996
f 855/1063/1055 790/1152/996 789/1061/994
f 836/1153/1144 1119/1154/1145 835/1139/1131
f 835/1139/1131 1119/1154/1145 1118/1155/1146
f 835/1139/1131 1118/1155/1146 1117/1140/1132
f 1117/1140/1132 1118/1155/1146 1092/1156/1147
f 1117/1140/1132 1092/1156/1147 1091/1157/1148
f 1091/1157/1148 1092/1156/1147 1066/1158/1149
f 1091/1157/1148 1066/1158/1149 1065/1159/1150
f 1065/1159/1150 1066/1158/1149 1040/1160/1151
f 1065/1159/1150 1040/1160/1151 1039/1161/1152
f 1039/1161/1152 1040/1160/1151 1014/1162/1153
f 1039/1161/1152 1014/1162/1153 1013/1163/1154
f 1013/1163/1154 1014/1162/1153 988/1164/1155
f 1013/1163/1154 988/1164/1155 987/1165/1156
f 987/1165/1156 988/1164/1155 962/1166/1157
f 987/1165/1156 962/1166/1157 961/1167/1158
f 961/1167/1158 962/1166/1157 936/1168/1159
f 961/1167/1158 936/1168/1159 935/1169/1160
f 935/1169/1160 936/1168/1159 910/1170/1161
f 935/1169/1160 910/1170/1161 909/1171/1162
f 909/1171/1162 910/1170/1161 884/1172/1163
f 909/1171/1162 884/1172/1163 883/1173/1164
f 883/1173/1164 884/1172/1163 858/1174/1165
f 883/1173/1164 858/1174/1165 857/1175/1166
f 857/1175/1166 858/1174/1165 791/1176/998
f 857/1175/1166 791/1176/998 790/1152/996
f 837/1177/1167 1121/1178/1168 836/1153/1144
f 836/1153/1144 1121/1178/1168 1120/1179/1169
f 836/1153/1144 1120/1179/1169 1119/1154/1145
f 1119/1154/1145 1120/1179/1169 1094/1180/1170
f 1119/1154/1145 1094/1180/1170 1093/1181/1171
f 1093/1181/1171 1094/1180/1170 1068/1182/1172
f 1093/1181/1171 1068/1182/1172 1067/1183/1173
f 1067/1183/1173 1068/1182/1172 1042/1184/1174
f 1067/1183/1173 1042/1184/1174 1041/1185/1175
f 1041/1185/1175 1042/1184/1174 1016/1186/1176
f 1041/1185/1175 1016/1186/1176 1015/1187/1177
f 1015/1187/1177 1016/1186/1176 990/1188/1178
f 1015/1187/1177 990/1188/1178 989/1189/1179
f 989/1189/1179 990/1188/1178 964/1190/1180
f 989/1189/1179 964/1190/1180 963/1191/1181
f 963/1191/1181 964/1190/1180 938/1192/1182
f 963/1191/1181 938/1192/1182 937/1193/1183
f 937/1193/1183 938/1192/1182 912/1194/1184
f 937/1193/1183 912/1194/1184 911/1195/1185
f 911/1195/1185 912/1194/1184 886/1196/1186
f 911/1195/1185 886/1196/1186 885/1197/1187
f 885/1197/1187 886/1196/1186 860/1198/1188
f 885/1197/1187 860/1198/1188 859/1199/1189
f 859/1199/1189 860/1198/1188 792/1200/1000
f 859/1199/1189 792/1200/1000 791/1176/998
f 838/1201/1190 1123/1202/1191 837/1177/1167
f 837/1177/1167 1123/1202/1191 1122/1203/1192
f 837/1177/1167 1122/1203/1192 1121/1178/1168
f 1121/1178/1168 1122/1203/1192 1096/1204/1193
f 1121/1178/1168 1096/1204/1193 1095/1205/1194
f 1095/1205/1194 1096/1204/1193 1070/1206/1195
f 1095/1205/1194 1070/1206/1195 1069/1207/1196
f 1069/1207/1196 1070/1206/1195 1044/1208/1197
f 1069/1207/1196 1044/1208/1197 1043/1209/1198
f 1043/1209/1198 1044/1208/1197 1018/1210/1199
f 1043/1209/1198 1018/1210/1199 1017/1211/1200
f 1017/1211/1200 1018/1210/1199 992/1212/1201
f 1017/1211/1200 992/1212/1201 991/1213/1202
f 991/1213/1202 992/1212/1201 966/1214/1203
f 991/1213/1202 966/1214/1203 965/1215/1204
f 965/1215/1204 966/1214/1203 940/1216/1205
f 965/1215/1204 940/1216/1205 939/1217/1206
f 939/1217/1206 940/1216/1205 914/1218/1207
f 939/1217/1206 914/1218/1207 913/1219/1208
f 913/1219/1208 914/1218/1207 888/1220/1209
f 913/1219/1208 888/1220/1209 887/1221/1210
f 887/1221/1210 888/1220/1209 862/1222/1211
f 887/1221/1210 862/1222/1211 861/1223/1212
f 861/1223/1212 862/1222/1211 793/1224/1002
f 861/1223/1212 793/1224/1002 792/1200/1000
f 839/1225/1213 1125/1226/1214 838/1201/1190
f 838/1201/1190 1125/1226/1214 1124/1227/1215
f 838/1201/1190 1124/1227/1215 1123/1202/1191
f 1123/1202/1191 1124/1227/1215 1098/1228/1216
f 1123/1202/1191 1098/1228/1216 1097/1229/1217
f 1097/1229/1217 1098/1228/1216 1072/1230/1218
f 1097/1229/1217 1072/1230/1218 1071/1231/1219
f 1071/1231/1219 1072/1230/1218 1046/1232/1220
f 1071/1231/1219 1046/1232/1220 1045/1233/1221
f 1045/1233/1221 1046/1232/1220 1020/1234/1222
f 1045/1233/1221 1020/1234/1222 1019/1235/1223
f 1019/1235/1223 1020/1234/1222 994/1236/1224
f 1019/1235/1223 994/1236/1224 993/1237/1225
f 993/1237/1225 994/1236/1224 968/1238/1226
f 993/1237/1225 968/1238/1226 967/1239/1227
f 967/1239/1227 968/1238/1226 942/1240/1228
f 967/1239/1227 942/1240/1228 941/1241/1229
f 941/1241/1229 942/1240/1228 916/1242/1230
f 941/1241/1229 916/1242/1230 915/1243/1231
f 915/1243/1231 916/1242/1230 890/1244/1232
f 915/1243/1231 890/1244/1232 889/1245/1233
f 889/1245/1233 890/1244/1232 864/1246/1234
f 889/1245/1233 864/1246/1234 863/1247/1235
f 863/1247/1235 864/1246/1234 794/1248/1004
f 863/1247/1235 794/1248/1004 793/1224/1002
f 839/1225/1213 840/1249/1236 1125/1226/1214
f 1125/1226/1214 840/1249/1236 1100/1250/1237
f 1125/1226/1214 1100/1250/1237 1099/1251/1238
f 1099/1251/1238 1100/1250/1237 1074/1252/1239
f 1099/1251/1238 1074/1252/1239 1073/1253/1240
f 1073/1253/1240 1074/1252/1239 1048/1254/1241
f 1073/1253/1240 1048/1254/1241 1047/1255/1242
f 1047/1255/1242 1048/1254/1241 1022/1256/1243
f 1047/1255/1242 1022/1256/1243 1021/1257/1244
f 1021/1257/1244 1022/1256/1243 996/1258/1245
f 1021/1257/1244 996/1258/1245 995/1259/1246
f 995/1259/1246 996/1258/1245 970/1260/1247
f 995/1259/1246 970/1260/1247 969/1261/1248
f 969/1261/1248 970/1260/1247 944/1262/1249
f 969/1261/1248 944/1262/1249 943/1263/1250
f 943/1263/1250 944/1262/1249 918/1264/1251
f 943/1263/1250 918/1264/1251 917/1265/1252
f 917/1265/1252 918/1264/1251 892/1266/1253
f 917/1265/1252 892/1266/1253 891/1267/1254
f 891/1267/1254 892/1266/1253 866/1268/1255
f 891/1267/1254 866/1268/1255 865/1269/1256
f 865/1269/1256 866/1268/1255 795/1270/1006
f 865/1269/1256 795/1270/1006 794/1248/1004
f 840/1249/1236 841/1271/1257 1100/1250/1237
f 1100/1250/1237 841/1271/1257 1075/1272/1258
f 1100/1250/1237 1075/1272/1258 1074/1252/1239
f 1074/1252/1239 1075/1272/1258 1049/1273/1259
f 1074/1252/1239 1049/1273/1259 1048/1254/1241
f 1048/1254/1241 1049/1273/1259 1023/1274/1260
f 1048/1254/1241 1023/1274/1260 1022/1256/1243
f 1022/1256/1243 1023/1274/1260 997/1275/1261
f 1022/1256/1243 997/1275/1261 996/1258/1245
f 996/1258/1245 997/1275/1261 971/1276/1262
f 996/1258/1245 971/1276/1262 970/1260/1247
f 970/1260/1247 971/1276/1262 945/1277/1263
f 970/1260/1247 945/1277/1263 944/1262/1249
f 944/1262/1249 945/1277/1263 919/1278/1264
f 944/1262/1249 919/1278/1264 918/1264/1251
f 918/1264/1251 919/1278/1264 893/1279/1265
f 918/1264/1251 893/1279/1265 892/1266/1253
f 892/1266/1253 893/1279/1265 867/1280/1266
f 892/1266/1253 867/1280/1266 866/1268/1255
f 866/1268/1255 867/1280/1266 795/1270/1006
f 841/1271/1257 842/1281/1267 1075/1272/1258
f 1075/1272/1258 842/1281/1267 1050/1282/1268
f 1075/1272/1258 1050/1282/1268 1049/1273/1259
f 1049/1273/1259 1050/1282/1268 1024/1283/1269
f 1049/1273/1259 1024/1283/1269 1023/1274/1260
f 1023/1274/1260 1024/1283/1269 998/1284/1270
f 1023/1274/1260 998/1284/1270 997/1275/1261
f 997/1275/1261 998/1284/1270 972/1285/1271
f 997/1275/1261 972/1285/1271 971/1276/1262
f 971/1276/1262 972/1285/1271 946/1286/1272
f 971/1276/1262 946/1286/1272 945/1277/1263
f 945/1277/1263 946/1286/1272 920/1287/1273
f 945/1277/1263 920/1287/1273 919/1278/1264
f 919/1278/1264 920/1287/1273 894/1288/1274
f 919/1278/1264 894/1288/1274 893/1279/1265
f 893/1279/1265 894/1288/1274 868/1289/1275
f 893/1279/1265 868/1289/1275 867/1280/1266
f 867/1280/1266 868/1289/1275 796/1290/1008
f 867/1280/1266 796/1290/1008 795/1270/1006
f 842/1281/1267 843/1291/1276 1050/1282/1268
f 1050/1282/1268 843/1291/1276 1025/1292/1277
f 1050/1282/1268 1025/1292/1277 1024/1283/1269
f 1024/1283/1269 1025/1292/1277 999/1293/1278
f 1024/1283/1269 999/1293/1278 998/1284/1270
f 998/1284/1270 999/1293/1278 973/1294/1279
f 998/1284/1270 973/1294/1279 972/1285/1271
f 972/1285/1271 973/1294/1279 947/1295/1280
f 972/1285/1271 947/1295/1280 946/1286/1272
f 946/1286/1272 947/1295/1280 921/1296/1281
f 946/1286/1272 921/1296/1281 920/1287/1273
f 920/1287/1273 921/1296/1281 895/1297/1282
f 920/1287/1273 895/1297/1282 894/1288/1274
f 894/1288/1274 895/1297/1282 869/1298/1283
f 894/1288/1274 869/1298/1283 868/1289/1275
f 868/1289/1275 869/1298/1283 796/1290/1008
f 843/1291/1276 844/1299/1284 1025/1292/1277
f 1025/1292/1277 844/1299/1284 1000/1300/1285
f 1025/1292/1277 1000/1300/1285 999/1293/1278
f 999/1293/1278 1000/1300/1285 974/1301/1286
f 999/1293/1278 974/1301/1286 973/1294/1279
f 973/1294/1279 974/1301/1286 948/1302/1287
f 973/1294/1279 948/1302/1287 947/1295/1280
f 947/1295/1280 948/1302/1287 922/1303/1288
f 947/1295/1280 922/1303/1288 921/1296/1281
f 921/1296/1281 922/1303/1288 896/1304/1289
f 921/1296/1281 896/1304/1289 895/1297/1282
f 895/1297/1282 896/1304/1289 870/1305/1290
f 895/1297/1282 870/1305/1290 869/1298/1283
f 869/1298/1283 870/1305/1290 797/1306/1010
f 869/1298/1283 797/1306/1010 796/1290/1008
f 844/1299/1284 845/1307/1291 1000/1300/1285
f 1000/1300/1285 845/1307/1291 975/1308/1292
f 1000/1300/1285 975/1308/1292 974/1301/1286
f 974/1301/1286 975/1308/1292 949/1309/1293
f 974/1301/1286 949/1309/1293 948/1302/1287
f 948/1302/1287 949/1309/1293 923/1310/1294
f 948/1302/1287 923/1310/1294 922/1303/1288
f 922/1303/1288 923/1310/1294 897/1311/1295
f 922/1303/1288 897/1311/1295 896/1304/1289
f 896/1304/1289 897/1311/1295 871/1312/1296
f 896/1304/1289 871/1312/1296 870/1305/1290
f 870/1305/1290 871/1312/1296 797/1306/1010
f 845/1307/1291 846/1313/1297 975/1308/1292
f 975/1308/1292 846/1313/1297 950/1314/1298
f 975/1308/1292 950/1314/1298 949/1309/1293
f 949/1309/1293 950/1314/1298 924/1315/1299
f 949/1309/1293 924/1315/1299 923/1310/1294
f 923/1310/1294 924/1315/1299 898/1316/1300
f 923/1310/1294 898/1316/1300 897/1311/1295
f 897/1311/1295 898/1316/1300 872/1317/1301
f 897/1311/1295 872/1317/1301 871/1312/1296
f 871/1312/1296 872/1317/1301 798/1318/1012
f 871/1312/1296 798/1318/1012 797/1306/1010
f 846/1313/1297 847/1319/1302 950/1314/1298
f 950/1314/1298 847/1319/1302 925/1320/1303
f 950/1314/1298 925/1320/1303 924/1315/1299
f 924/1315/1299 925/1320/1303 899/1321/1304
f 924/1315/1299 899/1321/1304 898/1316/1300
f 898/1316/1300 899/1321/1304 873/1322/1305
f 898/1316/1300 873/1322/1305 872/1317/1301
f 872/1317/1301 873/1322/1305 798/1318/1012
f 847/1319/1302 848/1323/1306 925/1320/1303
f 925/1320/1303 848/1323/1306 900/1324/1307
f 925/1320/1303 900/1324/1307 899/1321/1304
f 899/1321/1304 900/1324/1307 874/1325/1308
f 899/1321/1304 874/1325/1308 873/1322/1305
f 873/1322/1305 874/1325/1308 799/1326/1014
f 873/1322/1305 799/1326/1014 798/1318/1012
f 848/1323/1306 849/1327/1309 900/1324/1307
f 900/1324/1307 849/1327/1309 875/1328/1310
f 900/1324/1307 875/1328/1310 874/1325/1308
f 874/1325/1308 875/1328/1310 799/1326/1014
f 849/1327/1309 850/1329/1311 875/1328/1310
f 875/1328/1310 850/1329/1311 800/1330/1016
f 875/1328/1310 800/1330/1016 799/1326/1014
f 879/1106/1098 854/1062/1054 853/1060/1053
f 853/1060/1053 852/1059/1052 878/1331/1312
f 878/1331/1312 852/1059/1052 877/1058/1051
f 878/1331/1312 877/1058/1051 903/1332/1313
f 903/1332/1313 877/1058/1051 902/1057/1050
f 903/1332/1313 902/1057/1050 928/1333/1314
f 928/1333/1314 902/1057/1050 927/1056/1049
f 928/1333/1314 927/1056/1049 953/1334/1315
f 953/1334/1315 927/1056/1049 952/1055/1048
f 953/1334/1315 952/1055/1048 978/1335/1316
f 978/1335/1316 952/1055/1048 977/1054/1047
f 978/1335/1316 977/1054/1047 1003/1336/1317
f 1003/1336/1317 977/1054/1047 1002/1053/1046
f 1003/1336/1317 1002/1053/1046 1028/1337/1318
f 1028/1337/1318 1002/1053/1046 1027/1052/1045
f 1028/1337/1318 1027/1052/1045 1053/1338/1319
f 1053/1338/1319 1027/1052/1045 1052/1051/1044
f 1053/1338/1319 1052/1051/1044 1078/1339/1320
f 1078/1339/1320 1052/1051/1044 1077/1050/1043
f 1078/1339/1320 1077/1050/1043 1103/1086/1078
f 1103/1086/1078 1077/1050/1043 1102/1049/1042
f 857/1175/1166 790/1152/996 856/1151/1143
f 859/1199/1189 791/1176/998 858/1174/1165
f 883/1173/1164 857/1175/1166 882/1150/1142
f 882/1150/1142 857/1175/1166 856/1151/1143
f 861/1223/1212 792/1200/1000 860/1198/1188
f 885/1197/1187 859/1199/1189 884/1172/1163
f 884/1172/1163 859/1199/1189 858/1174/1165
f 863/1247/1235 793/1224/1002 862/1222/1211
f 887/1221/1210 861/1223/1212 886/1196/1186
f 886/1196/1186 861/1223/1212 860/1198/1188
f 865/1269/1256 794/1248/1004 864/1246/1234
f 889/1245/1233 863/1247/1235 888/1220/1209
f 888/1220/1209 863/1247/1235 862/1222/1211
f 891/1267/1254 865/1269/1256 890/1244/1232
f 890/1244/1232 865/1269/1256 864/1246/1234
f 904/1104/1096 879/1106/1098 878/1331/1312
f 878/1331/1312 879/1106/1098 853/1060/1053
f 904/1104/1096 878/1331/1312 903/1332/1313
f 909/1171/1162 883/1173/1164 908/1149/1141
f 908/1149/1141 883/1173/1164 882/1150/1142
f 911/1195/1185 885/1197/1187 910/1170/1161
f 910/1170/1161 885/1197/1187 884/1172/1163
f 913/1219/1208 887/1221/1210 912/1194/1184
f 912/1194/1184 887/1221/1210 886/1196/1186
f 915/1243/1231 889/1245/1233 914/1218/1207
f 914/1218/1207 889/1245/1233 888/1220/1209
f 917/1265/1252 891/1267/1254 916/1242/1230
f 916/1242/1230 891/1267/1254 890/1244/1232
f 929/1102/1094 904/1104/1096 903/1332/1313
f 929/1102/1094 903/1332/1313 928/1333/1314
f 932/1068/1060 906/1066/1058 931/1115/1107
f 935/1169/1160 909/1171/1162 934/1148/1140
f 934/1148/1140 909/1171/1162 908/1149/1141
f 937/1193/1183 911/1195/1185 936/1168/1159
f 936/1168/1159 911/1195/1185 910/1170/1161
f 939/1217/1206 913/1219/1208 938/1192/1182
f 938/1192/1182 913/1219/1208 912/1194/1184
f 941/1241/1229 915/1243/1231 940/1216/1205
f 940/1216/1205 915/1243/1231 914/1218/1207
f 943/1263/1250 917/1265/1252 942/1240/1228
f 942/1240/1228 917/1265/1252 916/1242/1230
f 954/1100/1092 929/1102/1094 928/1333/1314
f 954/1100/1092 928/1333/1314 953/1334/1315
f 932/1068/1060 931/1115/1107 957/1340/1321
f 957/1340/1321 931/1115/1107 956/1114/1106
f 957/1340/1321 956/1114/1106 982/1341/1322
f 982/1341/1322 956/1114/1106 981/1113/1105
f 982/1341/1322 981/1113/1105 1007/1342/1323
f 1007/1342/1323 981/1113/1105 1006/1112/1104
f 1007/1342/1323 1006/1112/1104 1032/1343/1324
f 1032/1343/1324 1006/1112/1104 1031/1111/1103
f 1032/1343/1324 1031/1111/1103 1057/1344/1325
f 1057/1344/1325 1031/1111/1103 1056/1110/1102
f 1057/1344/1325 1056/1110/1102 1082/1345/1326
f 1082/1345/1326 1056/1110/1102 1081/1109/1101
f 1082/1345/1326 1081/1109/1101 1107/1116/1108
f 1107/1116/1108 1081/1109/1101 1106/1108/1100
f 961/1167/1158 935/1169/1160 960/1147/1139
f 960/1147/1139 935/1169/1160 934/1148/1140
f 963/1191/1181 937/1193/1183 962/1166/1157
f 962/1166/1157 937/1193/1183 936/1168/1159
f 965/1215/1204 939/1217/1206 964/1190/1180
f 964/1190/1180 939/1217/1206 938/1192/1182
f 967/1239/1227 941/1241/1229 966/1214/1203
f 966/1214/1203 941/1241/1229 940/1216/1205
f 969/1261/1248 943/1263/1250 968/1238/1226
f 968/1238/1226 943/1263/1250 942/1240/1228
f 979/1098/1090 954/1100/1092 953/1334/1315
f 979/1098/1090 953/1334/1315 978/1335/1316
f 983/1128/1120 958/1070/1062 957/1340/1321
f 957/1340/1321 958/1070/1062 932/1068/1060
f 983/1128/1120 957/1340/1321 982/1341/1322
f 987/1165/1156 961/1167/1158 986/1146/1138
f 986/1146/1138 961/1167/1158 960/1147/1139
f 989/1189/1179 963/1191/1181 988/1164/1155
f 988/1164/1155 963/1191/1181 962/1166/1157
f 991/1213/1202 965/1215/1204 990/1188/1178
f 990/1188/1178 965/1215/1204 964/1190/1180
f 993/1237/1225 967/1239/1227 992/1212/1201
f 992/1212/1201 967/1239/1227 966/1214/1203
f 995/1259/1246 969/1261/1248 994/1236/1224
f 994/1236/1224 969/1261/1248 968/1238/1226
f 1004/1096/1088 979/1098/1090 978/1335/1316
f 1004/1096/1088 978/1335/1316 1003/1336/1317
f 1008/1126/1118 983/1128/1120 982/1341/1322
f 1008/1126/1118 982/1341/1322 1007/1342/1323
f 1013/1163/1154 987/1165/1156 1012/1145/1137
f 1012/1145/1137 987/1165/1156 986/1146/1138
f 1015/1187/1177 989/1189/1179 1014/1162/1153
f 1014/1162/1153 989/1189/1179 988/1164/1155
f 1017/1211/1200 991/1213/1202 1016/1186/1176
f 1016/1186/1176 991/1213/1202 990/1188/1178
f 1019/1235/1223 993/1237/1225 1018/1210/1199
f 1018/1210/1199 993/1237/1225 992/1212/1201
f 1021/1257/1244 995/1259/1246 1020/1234/1222
f 1020/1234/1222 995/1259/1246 994/1236/1224
f 1029/1094/1086 1004/1096/1088 1003/1336/1317
f 1029/1094/1086 1003/1336/1317 1028/1337/1318
f 1033/1124/1116 1008/1126/1118 1007/1342/1323
f 1033/1124/1116 1007/1342/1323 1032/1343/1324
f 1036/1076/1068 1010/1074/1066 1035/1133/1125
f 1039/1161/1152 1013/1163/1154 1038/1144/1136
f 1038/1144/1136 1013/1163/1154 1012/1145/1137
f 1041/1185/1175 1015/1187/1177 1040/1160/1151
f 1040/1160/1151 1015/1187/1177 1014/1162/1153
f 1043/1209/1198 1017/1211/1200 1042/1184/1174
f 1042/1184/1174 1017/1211/1200 1016/1186/1176
f 1045/1233/1221 1019/1235/1223 1044/1208/1197
f 1044/1208/1197 1019/1235/1223 1018/1210/1199
f 1047/1255/1242 1021/1257/1244 1046/1232/1220
f 1046/1232/1220 1021/1257/1244 1020/1234/1222
f 1054/1092/1084 1029/1094/1086 1028/1337/1318
f 1054/1092/1084 1028/1337/1318 1053/1338/1319
f 1058/1122/1114 1033/1124/1116 1032/1343/1324
f 1058/1122/1114 1032/1343/1324 1057/1344/1325
f 1036/1076/1068 1035/1133/1125 1061/1346/1327
f 1061/1346/1327 1035/1133/1125 1060/1132/1124
f 1061/1346/1327 1060/1132/1124 1086/1347/1328
f 1086/1347/1328 1060/1132/1124 1085/1131/1123
f 1086/1347/1328 1085/1131/1123 1111/1134/1126
f 1111/1134/1126 1085/1131/1123 1110/1130/1122
f 1065/1159/1150 1039/1161/1152 1064/1143/1135
f 1064/1143/1135 1039/1161/1152 1038/1144/1136
f 1067/1183/1173 1041/1185/1175 1066/1158/1149
f 1066/1158/1149 1041/1185/1175 1040/1160/1151
f 1069/1207/1196 1043/1209/1198 1068/1182/1172
f 1068/1182/1172 1043/1209/1198 1042/1184/1174
f 1071/1231/1219 1045/1233/1221 1070/1206/1195
f 1070/1206/1195 1045/1233/1221 1044/1208/1197
f 1073/1253/1240 1047/1255/1242 1072/1230/1218
f 1072/1230/1218 1047/1255/1242 1046/1232/1220
f 1079/1090/1082 1054/1092/1084 1053/1338/1319
f 1079/1090/1082 1053/1338/1319 1078/1339/1320
f 1083/1120/1112 1058/1122/1114 1057/1344/1325
f 1083/1120/1112 1057/1344/1325 1082/1345/1326
f 1087/1138/1130 1062/1078/1070 1061/1346/1327
f 1061/1346/1327 1062/1078/1070 1036/1076/1068
f 1087/1138/1130 1061/1346/1327 1086/1347/1328
f 1091/1157/1148 1065/1159/1150 1090/1142/1134
f 1090/1142/1134 1065/1159/1150 1064/1143/1135
f 1093/1181/1171 1067/1183/1173 1092/1156/1147
f 1092/1156/1147 1067/1183/1173 1066/1158/1149
f 1095/1205/1194 1069/1207/1196 1094/1180/1170
f 1094/1180/1170 1069/1207/1196 1068/1182/1172
f 1097/1229/1217 1071/1231/1219 1096/1204/1193
f 1096/1204/1193 1071/1231/1219 1070/1206/1195
f 1099/1251/1238 1073/1253/1240 1098/1228/1216
f 1098/1228/1216 1073/1253/1240 1072/1230/1218
f 1104/1088/1080 1079/1090/1082 1078/1339/1320
f 1104/1088/1080 1078/1339/1320 1103/1086/1078
f 1108/1118/1110 1083/1120/1112 1082/1345/1326
f 1108/1118/1110 1082/1345/1326 1107/1116/1108
f 1112/1136/1128 1087/1138/1130 1086/1347/1328
f 1112/1136/1128 1086/1347/1328 1111/1134/1126
f 1117/1140/1132 1091/1157/1148 1116/1141/1133
f 1116/1141/1133 1091/1157/1148 1090/1142/1134
f 1119/1154/1145 1093/1181/1171 1118/1155/1146
f 1118/1155/1146 1093/1181/1171 1092/1156/1147
f 1121/1178/1168 1095/1205/1194 1120/1179/1169
f 1120/1179/1169 1095/1205/1194 1094/1180/1170
f 1123/1202/1191 1097/1229/1217 1122/1203/1192
f 1122/1203/1192 1097/1229/1217 1096/1204/1193
f 1125/1226/1214 1099/1251/1238 1124/1227/1215
f 1124/1227/1215 1099/1251/1238 1098/1228/1216
f 839/1348/1213 838/1349/1190 1139/1350/1329
f 1139/1350/1329 838/1349/1190 1138/1351/1330
f 1138/1351/1330 838/1349/1190 837/1352/1167
f 1138/1351/1330 837/1352/1167 1137/1353/1331
f 1137/1353/1331 837/1352/1167 836/1354/1144
f 1137/1353/1331 836/1354/1144 1136/1355/1332
f 1136/1355/1332 836/1354/1144 835/1356/1131
f 1136/1355/1332 835/1356/1131 1135/1357/1333
f 1135/1357/1333 835/1356/1131 834/1358/1077
f 1135/1357/1333 834/1358/1077 1134/1359/1334
f 1134/1359/1334 834/1358/1077 833/1360/1076
f 1134/1359/1334 833/1360/1076 1133/1361/1335
f 1133/1361/1335 833/1360/1076 832/1362/1127
f 1133/1361/1335 832/1362/1127 1132/1363/1336
f 1132/1363/1336 832/1362/1127 831/1364/1121
f 1132/1363/1336 831/1364/1121 1131/1365/1337
f 1131/1365/1337 831/1364/1121 830/1366/1109
f 1131/1365/1337 830/1366/1109 1130/1367/1338
f 1130/1367/1338 830/1366/1109 829/1368/1099
f 1130/1367/1338 829/1368/1099 1129/1369/1339
f 1129/1369/1339 829/1368/1099 828/1370/1079
f 1129/1369/1339 828/1370/1079 1128/1371/1340
f 1128/1371/1340 828/1370/1079 827/1372/1041
f 1128/1371/1340 827/1372/1041 1127/1373/1341
f 1127/1373/1341 827/1372/1041 826/1374/1040
f 1127/1373/1341 826/1374/1040 1126/1375/1342
f 825/1376/1343 815/1377/1344 826/1378/1345
f 826/1378/1345 815/1377/1344 787/1379/1346
f 826/1378/1345 787/1379/1346 1126/1380/1347
f 1126/1380/1347 787/1379/1346 814/1381/1348
f 815/1377/1344 825/1376/1343 816/1382/1349
f 816/1382/1349 825/1376/1343 824/1383/1350
f 816/1382/1349 824/1383/1350 817/1384/1351
f 817/1384/1351 824/1383/1350 823/1385/1352
f 817/1384/1351 823/1385/1352 818/1386/1353
f 818/1386/1353 823/1385/1352 822/1387/1354
f 818/1386/1353 822/1387/1354 819/1388/1355
f 819/1388/1355 822/1387/1354 821/1389/1356
f 819/1388/1355 821/1389/1356 820/1390/1357
f 1140/1391/1358 1141/1392/1359 1166/1393/1360
f 1166/1393/1360 1141/1392/1359 1178/1394/1361
f 1166/1393/1360 1178/1394/1361 801/1395/1362
f 801/1395/1362 1178/1394/1361 802/1396/1363
f 802/1396/1363 1178/1394/1361 803/1397/1364
f 803/1397/1364 1178/1394/1361 1177/1398/1365
f 803/1397/1364 1177/1398/1365 804/1399/1366
f 804/1399/1366 1177/1398/1365 1176/1400/1367
f 804/1399/1366 1176/1400/1367 805/1401/1368
f 805/1401/1368 1176/1400/1367 1175/1402/1369
f 805/1401/1368 1175/1402/1369 806/1403/1370
f 806/1403/1370 1175/1402/1369 1174/1404/1371
f 806/1403/1370 1174/1404/1371 807/1405/1372
f 807/1405/1372 1174/1404/1371 1173/1406/1373
f 807/1405/1372 1173/1406/1373 808/1407/1374
f 808/1407/1374 1173/1406/1373 1172/1408/1375
f 808/1407/1374 1172/1408/1375 809/1409/1376
f 809/1409/1376 1172/1408/1375 1171/1410/1377
f 809/1409/1376 1171/1410/1377 810/1411/1378
f 810/1411/1378 1171/1410/1377 1170/1412/1379
f 810/1411/1378 1170/1412/1379 811/1413/1380
f 811/1413/1380 1170/1412/1379 1169/1414/1381
f 811/1413/1380 1169/1414/1381 812/1415/1382
f 812/1415/1382 1169/1414/1381 1168/1416/1383
f 812/1415/1382 1168/1416/1383 813/1417/1384
f 813/1417/1384 1168/1416/1383 1167/1418/1385
f 813/1417/1384 1167/1418/1385 402/1419/1386
f 402/1419/1386 1167/1418/1385 403/1420/1387
f 403/1420/1387 1167/1418/1385 1152/1421/1388
f 403/1420/1387 1152/1421/1388 372/1422/1389
f 1141/1392/1359 1142/1423/1390 1178/1394/1361
f 1178/1394/1361 1142/1423/1390 1177/1398/1365
f 1142/1423/1390 1143/1424/1391 1177/1398/1365
f 1177/1398/1365 1143/1424/1391 1176/1400/1367
f 1143/1424/1391 1144/1425/1392 1176/1400/1367
f 1176/1400/1367 1144/1425/1392 1175/1402/1369
f 1144/1425/1392 1145/1426/1393 1175/1402/1369
f 1175/1402/1369 1145/1426/1393 1174/1404/1371
f 1145/1426/1393 1146/1427/1394 1174/1404/1371
f 1174/1404/1371 1146/1427/1394 1173/1406/1373
f 1146/1427/1394 1147/1428/1395 1173/1406/1373
f 1173/1406/1373 1147/1428/1395 1172/1408/1375
f 1147/1428/1395 1148/1429/1396 1172/1408/1375
f 1172/1408/1375 1148/1429/1396 1171/1410/1377
f 1148/1429/1396 1149/1430/1397 1171/1410/1377
f 1171/1410/1377 1149/1430/1397 1170/1412/1379
f 1149/1430/1397 1150/1431/1398 1170/1412/1379
f 1170/1412/1379 1150/1431/1398 1169/1414/1381
f 1150/1431/1398 1151/1432/1399 1169/1414/1381
f 1169/1414/1381 1151/1432/1399 1168/1416/1383
f 1151/1432/1399 1152/1421/1388 1168/1416/1383
f 1168/1416/1383 1152/1421/1388 1167/1418/1385
f 813/1417/1384 402/1419/1386 814/1433/1400
f 814/1433/1400 402/1419/1386 401/1434/1401
f 814/1433/1400 401/1434/1401 1126/1435/1402
f 1126/1435/1402 401/1434/1401 1153/1436/1403
f 1126/1435/1402 1153/1436/1403 1127/1437/1404
f 1127/1437/1404 1153/1436/1403 1154/1438/1405
f 1127/1437/1404 1154/1438/1405 1128/1439/1406
f 1128/1439/1406 1154/1438/1405 1155/1440/1407
f 1128/1439/1406 1155/1440/1407 1129/1441/1408
f 1129/1441/1408 1155/1440/1407 1156/1442/1409
f 1129/1441/1408 1156/1442/1409 1130/1443/1410
f 1130/1443/1410 1156/1442/1409 1157/1444/1411
f 1130/1443/1410 1157/1444/1411 1131/1445/1412
f 1131/1445/1412 1157/1444/1411 1158/1446/1413
f 1131/1445/1412 1158/1446/1413 1132/1447/1414
f 1132/1447/1414 1158/1446/1413 1159/1448/1415
f 1132/1447/1414 1159/1448/1415 1133/1449/1416
f 1133/1449/1416 1159/1448/1415 1160/1450/1417
f 1133/1449/1416 1160/1450/1417 1134/1451/1418
f 1134/1451/1418 1160/1450/1417 1161/1452/1419
f 1134/1451/1418 1161/1452/1419 1135/1453/1420
f 1135/1453/1420 1161/1452/1419 1162/1454/1421
f 1135/1453/1420 1162/1454/1421 1136/1455/1422
f 1136/1455/1422 1162/1454/1421 1163/1456/1423
f 1136/1455/1422 1163/1456/1423 1137/1457/1424
f 1137/1457/1424 1163/1456/1423 1164/1458/1425
f 1137/1457/1424 1164/1458/1425 1138/1459/1426
f 1138/1459/1426 1164/1458/1425 1165/1460/1427
f 1138/1459/1426 1165/1460/1427 1139/1461/1428
f 393/1462/867 499/1463/843 394/1464/1429
f 394/1464/1429 499/1463/843 437/1465/1430
f 437/1465/1430 499/1463/843 498/1466/819
f 437/1465/1430 498/1466/819 438/1467/1431
f 438/1467/1431 498/1466/819 497/1468/795
f 438/1467/1431 497/1468/795 439/1469/1432
f 439/1469/1432 497/1468/795 496/1470/781
f 439/1469/1432 496/1470/781 440/1471/1433
f 440/1471/1433 496/1470/781 495/1472/727
f 440/1471/1433 495/1472/727 441/1473/1434
f 441/1473/1434 495/1472/727 494/1474/726
f 441/1473/1434 494/1474/726 442/1475/1435
f 442/1475/1435 494/1474/726 493/1476/777
f 442/1475/1435 493/1476/777 443/1477/1436
f 443/1477/1436 493/1476/777 492/1478/771
f 443/1477/1436 492/1478/771 444/1479/1437
f 444/1479/1437 492/1478/771 491/1480/759
f 444/1479/1437 491/1480/759 445/1481/1438
f 445/1481/1438 491/1480/759 490/1482/749
f 445/1481/1438 490/1482/749 446/1483/1439
f 446/1483/1439 490/1482/749 489/1484/729
f 446/1483/1439 489/1484/729 447/1485/1440
f 447/1485/1440 489/1484/729 488/1486/690
f 447/1485/1440 488/1486/690 448/1487/1441
f 448/1487/1441 488/1486/690 475/1488/689
f 448/1487/1441 475/1488/689 449/1489/1442
f 450/1490/1443 487/1491/666 451/1492/1444
f 451/1492/1444 487/1491/666 511/1493/665
f 451/1492/1444 511/1493/665 452/1494/1445
f 452/1494/1445 511/1493/665 510/1495/703
f 452/1494/1445 510/1495/703 453/1496/1446
f 453/1496/1446 510/1495/703 509/1497/794
f 453/1496/1446 509/1497/794 454/1498/1447
f 454/1498/1447 509/1497/794 508/1499/818
f 454/1498/1447 508/1499/818 455/1500/1448
f 455/1500/1448 508/1499/818 507/1501/842
f 455/1500/1448 507/1501/842 456/1502/1449
f 456/1502/1449 507/1501/842 506/1503/866
f 456/1502/1449 506/1503/866 457/1504/1450
f 457/1504/1450 506/1503/866 505/1505/890
f 457/1504/1450 505/1505/890 458/1506/1451
f 458/1506/1451 505/1505/890 504/1507/912
f 458/1506/1451 504/1507/912 459/1508/1452
f 459/1508/1452 504/1507/912 503/1509/932
f 459/1508/1452 503/1509/932 460/1510/1453
f 460/1510/1453 503/1509/932 502/1511/948
f 460/1510/1453 502/1511/948 461/1512/1454
f 461/1512/1454 502/1511/948 501/1513/960
f 461/1512/1454 501/1513/960 462/1514/1455
f 462/1514/1455 501/1513/960 500/1515/968
f 462/1514/1455 500/1515/968 380/1516/1456
f 380/1516/1456 500/1515/968 381/1517/972
f 421/1518/1457 1179/1519/1458 422/1520/1459
f 422/1520/1459 1179/1519/1458 1193/1521/1460
f 422/1520/1459 1193/1521/1460 423/1522/1461
f 423/1522/1461 1193/1521/1460 1188/1523/1462
f 423/1522/1461 1188/1523/1462 424/1524/1463
f 1179/1519/1458 1180/1525/1464 1193/1521/1460
f 1193/1521/1460 1180/1525/1464 1192/1526/1465
f 1193/1521/1460 1192/1526/1465 1188/1523/1462
f 1188/1523/1462 1192/1526/1465 1187/1527/1466
f 1187/1527/1466 1192/1526/1465 1191/1528/1467
f 1187/1527/1466 1191/1528/1467 1186/1529/1468
f 1186/1529/1468 1191/1528/1467 1190/1530/1469
f 1186/1529/1468 1190/1530/1469 1185/1531/1470
f 1185/1531/1470 1190/1530/1469 1189/1532/1471
f 1185/1531/1470 1189/1532/1471 1184/1533/1472
f 1184/1533/1472 1189/1532/1471 846/1534/1473
f 1184/1533/1472 846/1534/1473 845/1535/1474
f 1180/1525/1464 1181/1536/1475 1192/1526/1465
f 1192/1526/1465 1181/1536/1475 1191/1528/1467
f 1181/1536/1475 1182/1537/1476 1191/1528/1467
f 1191/1528/1467 1182/1537/1476 1190/1530/1469
f 1182/1537/1476 1183/1538/1477 1190/1530/1469
f 1190/1530/1469 1183/1538/1477 1189/1532/1471
f 1140/1539/1478 1166/1540/1479 1183/1538/1477
f 1183/1538/1477 1166/1540/1479 1189/1532/1471
f 801/1541/1480 800/1542/1481 1166/1540/1479
f 1166/1540/1479 800/1542/1481 850/1543/1482
f 1166/1540/1479 850/1543/1482 849/1544/1483
f 1166/1540/1479 849/1544/1483 1189/1532/1471
f 1189/1532/1471 849/1544/1483 848/1545/1484
f 1189/1532/1471 848/1545/1484 847/1546/1485
f 847/1546/1485 846/1534/1473 1189/1532/1471
f 845/1535/1474 844/1547/1486 1184/1533/1472
f 1184/1533/1472 844/1547/1486 843/1548/1487
f 1184/1533/1472 843/1548/1487 842/1549/1488
f 1184/1533/1472 842/1549/1488 1165/1550/1489
f 1165/1550/1489 842/1549/1488 841/1551/1490
f 1165/1550/1489 841/1551/1490 840/1552/1491
f 840/1552/1491 839/1553/1492 1165/1550/1489
f 1165/1550/1489 839/1553/1492 1139/1554/1493
f 1211/1555/1494 24/1556/1495 395/1557/1496
f 395/1557/1496 24/1556/1495 23/1558/1497
f 395/1557/1496 23/1558/1497 113/1559/1498
f 395/1557/1496 113/1559/1498 396/1560/1499
f 396/1560/1499 113/1559/1498 112/1561/1500
f 396/1560/1499 112/1561/1500 397/1562/1501
f 397/1562/1501 112/1561/1500 111/1563/1502
f 397/1562/1501 111/1563/1502 398/1564/1503
f 398/1564/1503 111/1563/1502 399/1565/1504
f 399/1565/1504 111/1563/1502 110/1566/1505
f 399/1565/1504 110/1566/1505 400/1567/1506
f 400/1567/1506 110/1566/1505 109/1568/1507
f 400/1567/1506 109/1568/1507 401/1569/1508
f 401/1569/1508 109/1568/1507 82/1570/1509
f 401/1569/1508 82/1570/1509 81/1571/1510
f 81/1571/1510 136/1572/1511 401/1569/1508
f 401/1569/1508 136/1572/1511 1153/1573/1512
f 1153/1573/1512 136/1572/1511 135/1574/1513
f 1153/1573/1512 135/1574/1513 1154/1575/1514
f 1154/1575/1514 135/1574/1513 134/1576/1515
f 1154/1575/1514 134/1576/1515 1155/1577/1516
f 1155/1577/1516 134/1576/1515 133/1578/1517
f 1155/1577/1516 133/1578/1517 1156/1579/1518
f 1156/1579/1518 133/1578/1517 132/1580/1519
f 1156/1579/1518 132/1580/1519 1157/1581/1520
f 1157/1581/1520 132/1580/1519 131/1582/1521
f 1157/1581/1520 131/1582/1521 1158/1583/1522
f 1158/1583/1522 131/1582/1521 130/1584/1523
f 1158/1583/1522 130/1584/1523 1159/1585/1524
f 1159/1585/1524 130/1584/1523 129/1586/1525
f 1159/1585/1524 129/1586/1525 1160/1587/1526
f 1160/1587/1526 129/1586/1525 128/1588/1527
f 1160/1587/1526 128/1588/1527 1161/1589/1528
f 1161/1589/1528 128/1588/1527 127/1590/1529
f 1161/1589/1528 127/1590/1529 1162/1591/1530
f 1162/1591/1530 127/1590/1529 126/1592/1531
f 1162/1591/1530 126/1592/1531 1163/1593/1532
f 1163/1593/1532 126/1592/1531 125/1594/1533
f 1163/1593/1532 125/1594/1533 1164/1595/1534
f 1164/1595/1534 125/1594/1533 124/1596/1535
f 1164/1595/1534 124/1596/1535 1165/1597/1536
f 1165/1597/1536 124/1596/1535 104/1598/1537
f 1165/1597/1536 104/1598/1537 103/1599/1538
f 103/1599/1538 1194/1600/1539 1165/1597/1536
f 1165/1597/1536 1194/1600/1539 1184/1601/1540
f 1184/1601/1540 1194/1600/1539 1195/1602/1541
f 1184/1601/1540 1195/1602/1541 1185/1603/1542
f 1185/1603/1542 1195/1602/1541 1196/1604/1543
f 1185/1603/1542 1196/1604/1543 1186/1605/1544
f 1186/1605/1544 1196/1604/1543 1187/1606/1545
f 1187/1606/1545 1196/1604/1543 1197/1607/1546
f 1187/1606/1545 1197/1607/1546 1188/1608/1547
f 1188/1608/1547 1197/1607/1546 1198/1609/1548
f 1188/1608/1547 1198/1609/1548 424/1610/1549
f 424/1610/1549 1198/1609/1548 88/1611/1550
f 424/1610/1549 88/1611/1550 87/1612/1551
f 87/1612/1551 1199/1613/1552 424/1610/1549
f 424/1610/1549 1199/1613/1552 425/1614/1553
f 425/1614/1553 1199/1613/1552 1200/1615/1554
f 425/1614/1553 1200/1615/1554 426/1616/1555
f 426/1616/1555 1200/1615/1554 1201/1617/1556
f 426/1616/1555 1201/1617/1556 427/1618/1557
f 427/1618/1557 1201/1617/1556 1202/1619/1558
f 427/1618/1557 1202/1619/1558 428/1620/1559
f 428/1620/1559 1202/1619/1558 1203/1621/1560
f 428/1620/1559 1203/1621/1560 429/1622/1561
f 429/1622/1561 1203/1621/1560 1204/1623/1562
f 429/1622/1561 1204/1623/1562 430/1624/1563
f 430/1624/1563 1204/1623/1562 1205/1625/1564
f 430/1624/1563 1205/1625/1564 431/1626/1565
f 431/1626/1565 1205/1625/1564 1206/1627/1566
f 431/1626/1565 1206/1627/1566 432/1628/1567
f 432/1628/1567 1206/1627/1566 1207/1629/1568
f 432/1628/1567 1207/1629/1568 433/1630/1569
f 433/1630/1569 1207/1629/1568 1208/1631/1570
f 433/1630/1569 1208/1631/1570 434/1632/1571
f 434/1632/1571 1208/1631/1570 1209/1633/1572
f 434/1632/1571 1209/1633/1572 435/1634/1573
f 435/1634/1573 1209/1633/1572 1210/1635/1574
f 435/1634/1573 1210/1635/1574 436/1636/1575
f 436/1636/1575 1210/1635/1574 1211/1555/1494
f 436/1636/1575 1211/1555/1494 395/1557/1496
f 29/1637/1576 10/1638/1577 1212/1639/1578
f 1212/1639/1578 10/1638/1577 26/1640/1579
f 1212/1639/1578 26/1640/1579 1225/1641/1580
f 1225/1641/1580 26/1640/1579 25/1642/1581
f 1225/1641/1580 25/1642/1581 1211/1643/1582
f 1211/1643/1582 25/1642/1581 24/1644/1583
f 1211/1643/1582 1210/1645/1584 1225/1641/1580
f 1225/1641/1580 1210/1645/1584 1226/1646/1585
f 1225/1641/1580 1226/1646/1585 1212/1639/1578
f 1212/1639/1578 1226/1646/1585 1213/1647/1586
f 1212/1639/1578 1213/1647/1586 29/1637/1576
f 29/1637/1576 1213/1647/1586 30/1648/1587
f 30/1648/1587 1213/1647/1586 1214/1649/1588
f 30/1648/1587 1214/1649/1588 31/1650/1589
f 31/1650/1589 1214/1649/1588 1215/1651/1590
f 31/1650/1589 1215/1651/1590 32/1652/1591
f 32/1652/1591 1215/1651/1590 1216/1653/1592
f 32/1652/1591 1216/1653/1592 33/1654/1593
f 33/1654/1593 1216/1653/1592 1217/1655/1594
f 33/1654/1593 1217/1655/1594 34/1656/1595
f 34/1656/1595 1217/1655/1594 1218/1657/1596
f 34/1656/1595 1218/1657/1596 35/1658/1597
f 35/1658/1597 1218/1657/1596 1219/1659/1598
f 35/1658/1597 1219/1659/1598 36/1660/1599
f 36/1660/1599 1219/1659/1598 1220/1661/1600
f 36/1660/1599 1220/1661/1600 37/1662/1601
f 37/1662/1601 1220/1661/1600 1221/1663/1602
f 37/1662/1601 1221/1663/1602 38/1664/1603
f 38/1664/1603 1221/1663/1602 1222/1665/1604
f 38/1664/1603 1222/1665/1604 39/1666/1605
f 39/1666/1605 1222/1665/1604 1223/1667/1606
f 39/1666/1605 1223/1667/1606 40/1668/1607
f 40/1668/1607 1223/1667/1606 1224/1669/1608
f 40/1668/1607 1224/1669/1608 41/1670/1609
f 41/1670/1609 1224/1669/1608 91/1671/1610
f 41/1670/1609 91/1671/1610 6/1672/1611
f 1210/1645/1584 1209/1673/1612 1226/1646/1585
f 1226/1646/1585 1209/1673/1612 1227/1674/1613
f 1226/1646/1585 1227/1674/1613 1213/1647/1586
f 1213/1647/1586 1227/1674/1613 1214/1649/1588
f 1209/1673/1612 1208/1675/1614 1227/1674/1613
f 1227/1674/1613 1208/1675/1614 1228/1676/1615
f 1227/1674/1613 1228/1676/1615 1214/1649/1588
f 1214/1649/1588 1228/1676/1615 1215/1651/1590
f 1208/1675/1614 1207/1677/1616 1228/1676/1615
f 1228/1676/1615 1207/1677/1616 1229/1678/1617
f 1228/1676/1615 1229/1678/1617 1215/1651/1590
f 1215/1651/1590 1229/1678/1617 1216/1653/1592
f 1207/1677/1616 1206/1679/1618 1229/1678/1617
f 1229/1678/1617 1206/1679/1618 1230/1680/1619
f 1229/1678/1617 1230/1680/1619 1216/1653/1592
f 1216/1653/1592 1230/1680/1619 1217/1655/1594
f 1206/1679/1618 1205/1681/1620 1230/1680/1619
f 1230/1680/1619 1205/1681/1620 1231/1682/1621
f 1230/1680/1619 1231/1682/1621 1217/1655/1594
f 1217/1655/1594 1231/1682/1621 1218/1657/1596
f 1205/1681/1620 1204/1683/1622 1231/1682/1621
f 1231/1682/1621 1204/1683/1622 1232/1684/1623
f 1231/1682/1621 1232/1684/1623 1218/1657/1596
f 1218/1657/1596 1232/1684/1623 1219/1659/1598
f 1204/1683/1622 1203/1685/1624 1232/1684/1623
f 1232/1684/1623 1203/1685/1624 1233/1686/1625
f 1232/1684/1623 1233/1686/1625 1219/1659/1598
f 1219/1659/1598 1233/1686/1625 1220/1661/1600
f 1203/1685/1624 1202/1687/1626 1233/1686/1625
f 1233/1686/1625 1202/1687/1626 1234/1688/1627
f 1233/1686/1625 1234/1688/1627 1220/1661/1600
f 1220/1661/1600 1234/1688/1627 1221/1663/1602
f 1202/1687/1626 1201/1689/1628 1234/1688/1627
f 1234/1688/1627 1201/1689/1628 1235/1690/1629
f 1234/1688/1627 1235/1690/1629 1221/1663/1602
f 1221/1663/1602 1235/1690/1629 1222/1665/1604
f 1201/1689/1628 1200/1691/1630 1235/1690/1629
f 1235/1690/1629 1200/1691/1630 1236/1692/1631
f 1235/1690/1629 1236/1692/1631 1222/1665/1604
f 1222/1665/1604 1236/1692/1631 1223/1667/1606
f 1200/1691/1630 1199/1693/1632 1236/1692/1631
f 1236/1692/1631 1199/1693/1632 1237/1694/1633
f 1236/1692/1631 1237/1694/1633 1223/1667/1606
f 1223/1667/1606 1237/1694/1633 1224/1669/1608
f 1199/1693/1632 87/1695/1634 1237/1694/1633
f 1237/1694/1633 87/1695/1634 92/1696/1635
f 1237/1694/1633 92/1696/1635 1224/1669/1608
f 1224/1669/1608 92/1696/1635 91/1671/1610
f 93/1697/1636 4/1698/1637 1238/1699/1638
f 1238/1699/1638 4/1698/1637 90/1700/1639
f 1238/1699/1638 90/1700/1639 1243/1701/1640
f 1243/1701/1640 90/1700/1639 89/1702/1641
f 1243/1701/1640 89/1702/1641 1198/1703/1642
f 1198/1703/1642 89/1702/1641 88/1704/1643
f 1198/1703/1642 1197/1705/1644 1243/1701/1640
f 1243/1701/1640 1197/1705/1644 1244/1706/1645
f 1243/1701/1640 1244/1706/1645 1238/1699/1638
f 1238/1699/1638 1244/1706/1645 1239/1707/1646
f 1238/1699/1638 1239/1707/1646 93/1697/1636
f 93/1697/1636 1239/1707/1646 94/1708/1647
f 94/1708/1647 1239/1707/1646 1240/1709/1648
f 94/1708/1647 1240/1709/1648 95/1710/1649
f 95/1710/1649 1240/1709/1648 1241/1711/1650
f 95/1710/1649 1241/1711/1650 96/1712/1651
f 96/1712/1651 1241/1711/1650 1242/1713/1652
f 96/1712/1651 1242/1713/1652 97/1714/1653
f 97/1714/1653 1242/1713/1652 107/1715/1654
f 97/1714/1653 107/1715/1654 3/1716/1655
f 1197/1705/1644 1196/1717/1656 1244/1706/1645
f 1244/1706/1645 1196/1717/1656 1245/1718/1657
f 1244/1706/1645 1245/1718/1657 1239/1707/1646
f 1239/1707/1646 1245/1718/1657 1240/1709/1648
f 1196/1717/1656 1195/1719/1658 1245/1718/1657
f 1245/1718/1657 1195/1719/1658 1246/1720/1659
f 1245/1718/1657 1246/1720/1659 1240/1709/1648
f 1240/1709/1648 1246/1720/1659 1241/1711/1650
f 1195/1719/1658 1194/1721/1660 1246/1720/1659
f 1246/1720/1659 1194/1721/1660 1247/1722/1661
f 1246/1720/1659 1247/1722/1661 1241/1711/1650
f 1241/1711/1650 1247/1722/1661 1242/1713/1652
f 1194/1721/1660 103/1723/1662 1247/1722/1661
f 1247/1722/1661 103/1723/1662 108/1724/1663
f 1247/1722/1661 108/1724/1663 1242/1713/1652
f 1242/1713/1652 108/1724/1663 107/1715/1654
f 420/1725/1664 1250/1726/1665 421/1727/1666
f 421/1727/1666 1250/1726/1665 1251/1728/1667
f 421/1727/1666 1251/1728/1667 1179/1729/1668
f 1179/1729/1668 1251/1728/1667 1322/1730/1669
f 1179/1729/1668 1322/1730/1669 1255/1731/1670
f 1255/1731/1670 1322/1730/1669 1254/1732/1671
f 1254/1732/1671 1322/1730/1669 1253/1733/1672
f 1253/1733/1672 1322/1730/1669 1252/1734/1673
f 1252/1734/1673 1322/1730/1669 1251/1728/1667
f 419/1735/1674 1269/1736/1675 420/1725/1664
f 420/1725/1664 1269/1736/1675 1270/1737/1676
f 420/1725/1664 1270/1737/1676 1271/1738/1677
f 418/1739/1678 1332/1740/1679 419/1735/1674
f 419/1735/1674 1332/1740/1679 1323/1741/1680
f 419/1735/1674 1323/1741/1680 1269/1736/1675
f 1269/1736/1675 1323/1741/1680 1268/1742/1681
f 1268/1742/1681 1323/1741/1680 1267/1743/1682
f 1267/1743/1682 1323/1741/1680 1266/1744/1683
f 1266/1744/1683 1323/1741/1680 1265/1745/1684
f 1265/1745/1684 1323/1741/1680 1264/1746/1685
f 1264/1746/1685 1323/1741/1680 1263/1747/1686
f 1263/1747/1686 1323/1741/1680 1324/1748/1687
f 1263/1747/1686 1324/1748/1687 1331/1749/1688
f 1331/1749/1688 1324/1748/1687 1325/1750/1689
f 1331/1749/1688 1325/1750/1689 1330/1751/1690
f 1330/1751/1690 1325/1750/1689 1326/1752/1691
f 1330/1751/1690 1326/1752/1691 1329/1753/1692
f 1329/1753/1692 1326/1752/1691 1316/1754/1693
f 1329/1753/1692 1316/1754/1693 1317/1755/1694
f 1332/1740/1679 418/1739/1678 1337/1756/1695
f 1337/1756/1695 418/1739/1678 417/1757/1696
f 1337/1756/1695 417/1757/1696 1342/1758/1697
f 1342/1758/1697 417/1757/1696 416/1759/1698
f 1342/1758/1697 416/1759/1698 1347/1760/1699
f 1347/1760/1699 416/1759/1698 415/1761/1700
f 1347/1760/1699 415/1761/1700 1352/1762/1701
f 1352/1762/1701 415/1761/1700 414/1763/1702
f 1352/1762/1701 414/1763/1702 1357/1764/1703
f 1357/1764/1703 414/1763/1702 413/1765/1704
f 1357/1764/1703 413/1765/1704 1362/1766/1705
f 1362/1766/1705 413/1765/1704 412/1767/1706
f 1362/1766/1705 412/1767/1706 1367/1768/1707
f 1367/1768/1707 412/1767/1706 411/1769/1708
f 1367/1768/1707 411/1769/1708 1372/1770/1709
f 1372/1770/1709 411/1769/1708 410/1771/1710
f 1372/1770/1709 410/1771/1710 1321/1772/1711
f 1321/1772/1711 410/1771/1710 409/1773/1712
f 1321/1772/1711 409/1773/1712 1275/1774/1713
f 1275/1774/1713 409/1773/1712 1274/1775/1714
f 1274/1775/1714 409/1773/1712 1273/1776/1715
f 1273/1776/1715 409/1773/1712 1272/1777/1716
f 1272/1777/1716 409/1773/1712 1295/1778/1717
f 1295/1778/1717 409/1773/1712 1294/1779/1718
f 1294/1779/1718 409/1773/1712 378/1780/1719
f 1294/1779/1718 378/1780/1719 1293/1781/1720
f 1293/1781/1720 378/1780/1719 377/1782/1721
f 1293/1781/1720 377/1782/1721 1292/1783/1722
f 1292/1783/1722 377/1782/1721 1291/1784/1723
f 1291/1784/1723 377/1782/1721 1290/1785/1724
f 1290/1785/1724 377/1782/1721 1289/1786/1725
f 1289/1786/1725 377/1782/1721 1288/1787/1726
f 1288/1787/1726 377/1782/1721 1287/1788/1727
f 1287/1788/1727 377/1782/1721 376/1789/1728
f 1287/1788/1727 376/1789/1728 1286/1790/1729
f 1286/1790/1729 376/1789/1728 1383/1791/1730
f 1286/1790/1729 1383/1791/1730 1285/1792/1731
f 1285/1792/1731 1383/1791/1730 1284/1793/1732
f 1284/1793/1732 1383/1791/1730 1283/1794/1733
f 1283/1794/1733 1383/1791/1730 1377/1795/1734
f 1283/1794/1733 1377/1795/1734 1282/1796/1735
f 1282/1796/1735 1377/1795/1734 1321/1772/1711
f 1282/1796/1735 1321/1772/1711 1281/1797/1736
f 1281/1797/1736 1321/1772/1711 1280/1798/1737
f 1280/1798/1737 1321/1772/1711 1384/1799/1738
f 1280/1798/1737 1384/1799/1738 1279/1800/1739
f 1279/1800/1739 1384/1799/1738 1321/1772/1711
f 1279/1800/1739 1321/1772/1711 1278/1801/1740
f 1278/1801/1740 1321/1772/1711 1277/1802/1741
f 1277/1802/1741 1321/1772/1711 1276/1803/1742
f 1276/1803/1742 1321/1772/1711 1275/1774/1713
f 376/1789/1728 375/1804/1743 1383/1791/1730
f 1383/1791/1730 375/1804/1743 1382/1805/1744
f 1383/1791/1730 1382/1805/1744 1377/1795/1734
f 1377/1795/1734 1382/1805/1744 1378/1806/1745
f 1377/1795/1734 1378/1806/1745 1373/1807/1746
f 1373/1807/1746 1378/1806/1745 1374/1808/1747
f 1373/1807/1746 1374/1808/1747 1368/1809/1748
f 1368/1809/1748 1374/1808/1747 1369/1810/1749
f 1368/1809/1748 1369/1810/1749 1363/1811/1750
f 1363/1811/1750 1369/1810/1749 1364/1812/1751
f 1363/1811/1750 1364/1812/1751 1358/1813/1752
f 1358/1813/1752 1364/1812/1751 1359/1814/1753
f 1358/1813/1752 1359/1814/1753 1353/1815/1754
f 1353/1815/1754 1359/1814/1753 1354/1816/1755
f 1353/1815/1754 1354/1816/1755 1348/1817/1756
f 1348/1817/1756 1354/1816/1755 1349/1818/1757
f 1348/1817/1756 1349/1818/1757 1343/1819/1758
f 1343/1819/1758 1349/1818/1757 1344/1820/1759
f 1343/1819/1758 1344/1820/1759 1338/1821/1760
f 1338/1821/1760 1344/1820/1759 1339/1822/1761
f 1338/1821/1760 1339/1822/1761 1333/1823/1762
f 1333/1823/1762 1339/1822/1761 1334/1824/1763
f 1333/1823/1762 1334/1824/1763 1324/1748/1687
f 1324/1748/1687 1334/1824/1763 1325/1750/1689
f 375/1804/1743 374/1825/1764 1382/1805/1744
f 1382/1805/1744 374/1825/1764 1381/1826/1765
f 1382/1805/1744 1381/1826/1765 1378/1806/1745
f 1378/1806/1745 1381/1826/1765 1379/1827/1766
f 1378/1806/1745 1379/1827/1766 1374/1808/1747
f 1374/1808/1747 1379/1827/1766 1375/1828/1767
f 1374/1808/1747 1375/1828/1767 1369/1810/1749
f 1369/1810/1749 1375/1828/1767 1370/1829/1768
f 1369/1810/1749 1370/1829/1768 1364/1812/1751
f 1364/1812/1751 1370/1829/1768 1365/1830/1769
f 1364/1812/1751 1365/1830/1769 1359/1814/1753
f 1359/1814/1753 1365/1830/1769 1360/1831/1770
f 1359/1814/1753 1360/1831/1770 1354/1816/1755
f 1354/1816/1755 1360/1831/1770 1355/1832/1771
f 1354/1816/1755 1355/1832/1771 1349/1818/1757
f 1349/1818/1757 1355/1832/1771 1350/1833/1772
f 1349/1818/1757 1350/1833/1772 1344/1820/1759
f 1344/1820/1759 1350/1833/1772 1345/1834/1773
f 1344/1820/1759 1345/1834/1773 1339/1822/1761
f 1339/1822/1761 1345/1834/1773 1340/1835/1774
f 1339/1822/1761 1340/1835/1774 1334/1824/1763
f 1334/1824/1763 1340/1835/1774 1335/1836/1775
f 1334/1824/1763 1335/1836/1775 1325/1750/1689
f 1325/1750/1689 1335/1836/1775 1326/1752/1691
f 373/1837/1776 331/1838/1777 374/1825/1764
f 374/1825/1764 331/1838/1777 330/1839/1778
f 374/1825/1764 330/1839/1778 329/1840/1779
f 372/1841/1780 1380/1842/1781 373/1837/1776
f 373/1837/1776 1380/1842/1781 334/1843/1782
f 373/1837/1776 334/1843/1782 333/1844/1783
f 372/1841/1780 1152/1845/1784 1380/1842/1781
f 1380/1842/1781 1152/1845/1784 1320/1846/1785
f 1380/1842/1781 1320/1846/1785 338/1847/1786
f 338/1847/1786 1320/1846/1785 339/1848/1787
f 339/1848/1787 1320/1846/1785 340/1849/1788
f 340/1849/1788 1320/1846/1785 341/1850/1789
f 341/1850/1789 1320/1846/1785 1376/1851/1790
f 341/1850/1789 1376/1851/1790 342/1852/1791
f 342/1852/1791 1376/1851/1790 1375/1828/1767
f 342/1852/1791 1375/1828/1767 343/1853/1792
f 343/1853/1792 1375/1828/1767 1379/1827/1766
f 343/1853/1792 1379/1827/1766 344/1854/1793
f 344/1854/1793 1379/1827/1766 345/1855/1794
f 345/1855/1794 1379/1827/1766 346/1856/1795
f 346/1856/1795 1379/1827/1766 1381/1826/1765
f 346/1856/1795 1381/1826/1765 347/1857/1796
f 347/1857/1796 1381/1826/1765 324/1858/1797
f 324/1858/1797 1381/1826/1765 325/1859/1798
f 325/1859/1798 1381/1826/1765 326/1860/1799
f 326/1860/1799 1381/1826/1765 374/1825/1764
f 326/1860/1799 374/1825/1764 327/1861/1800
f 327/1861/1800 374/1825/1764 328/1862/1801
f 328/1862/1801 374/1825/1764 329/1840/1779
f 1320/1846/1785 1152/1845/1784 1376/1851/1790
f 1376/1851/1790 1152/1845/1784 1151/1863/1802
f 1376/1851/1790 1151/1863/1802 1371/1864/1803
f 1371/1864/1803 1151/1863/1802 1150/1865/1804
f 1371/1864/1803 1150/1865/1804 1366/1866/1805
f 1366/1866/1805 1150/1865/1804 1149/1867/1806
f 1366/1866/1805 1149/1867/1806 1361/1868/1807
f 1361/1868/1807 1149/1867/1806 1148/1869/1808
f 1361/1868/1807 1148/1869/1808 1356/1870/1809
f 1356/1870/1809 1148/1869/1808 1147/1871/1810
f 1356/1870/1809 1147/1871/1810 1351/1872/1811
f 1351/1872/1811 1147/1871/1810 1146/1873/1812
f 1351/1872/1811 1146/1873/1812 1346/1874/1813
f 1346/1874/1813 1146/1873/1812 1145/1875/1814
f 1346/1874/1813 1145/1875/1814 1341/1876/1815
f 1341/1876/1815 1145/1875/1814 1144/1877/1816
f 1341/1876/1815 1144/1877/1816 1336/1878/1817
f 1336/1878/1817 1144/1877/1816 1143/1879/1818
f 1336/1878/1817 1143/1879/1818 1327/1880/1819
f 1327/1880/1819 1143/1879/1818 1142/1881/1820
f 1327/1880/1819 1142/1881/1820 1141/1882/1821
f 1327/1880/1819 1141/1882/1821 1328/1883/1822
f 1328/1883/1822 1141/1882/1821 1140/1884/1823
f 1328/1883/1822 1140/1884/1823 1183/1885/1824
f 1182/1886/1825 1303/1887/1826 1183/1885/1824
f 1183/1885/1824 1303/1887/1826 1304/1888/1827
f 1183/1885/1824 1304/1888/1827 1305/1889/1828
f 1181/1890/1829 1386/1891/1830 1182/1886/1825
f 1182/1886/1825 1386/1891/1830 1387/1892/1831
f 1182/1886/1825 1387/1892/1831 1301/1893/1832
f 1301/1893/1832 1387/1892/1831 1300/1894/1833
f 1300/1894/1833 1387/1892/1831 1299/1895/1834
f 1299/1895/1834 1387/1892/1831 1298/1896/1835
f 1298/1896/1835 1387/1892/1831 1297/1897/1836
f 1297/1897/1836 1387/1892/1831 1329/1753/1692
f 1297/1897/1836 1329/1753/1692 1296/1898/1837
f 1296/1898/1837 1329/1753/1692 1319/1899/1838
f 1319/1899/1838 1329/1753/1692 1318/1900/1839
f 1318/1900/1839 1329/1753/1692 1317/1755/1694
f 1386/1891/1830 1181/1890/1829 1385/1901/1840
f 1385/1901/1840 1181/1890/1829 1180/1902/1841
f 1385/1901/1840 1180/1902/1841 1257/1903/1842
f 1257/1903/1842 1180/1902/1841 1179/1729/1668
f 1257/1903/1842 1179/1729/1668 1256/1904/1843
f 1256/1904/1843 1179/1729/1668 1255/1731/1670
f 1271/1738/1677 1248/1905/1844 420/1725/1664
f 420/1725/1664 1248/1905/1844 1249/1906/1845
f 420/1725/1664 1249/1906/1845 1250/1726/1665
f 1257/1903/1842 1258/1907/1846 1385/1901/1840
f 1385/1901/1840 1258/1907/1846 1259/1908/1847
f 1385/1901/1840 1259/1908/1847 1260/1909/1848
f 1385/1901/1840 1260/1909/1848 1331/1749/1688
f 1331/1749/1688 1260/1909/1848 1261/1910/1849
f 1331/1749/1688 1261/1910/1849 1262/1911/1850
f 1262/1911/1850 1263/1747/1686 1331/1749/1688
f 1301/1893/1832 1302/1912/1851 1182/1886/1825
f 1182/1886/1825 1302/1912/1851 1303/1887/1826
f 1183/1885/1824 1305/1889/1828 1328/1883/1822
f 1328/1883/1822 1305/1889/1828 1306/1913/1852
f 1328/1883/1822 1306/1913/1852 1307/1914/1853
f 1307/1914/1853 1308/1915/1854 1328/1883/1822
f 1328/1883/1822 1308/1915/1854 1309/1916/1855
f 1328/1883/1822 1309/1916/1855 1310/1917/1856
f 1310/1917/1856 1311/1918/1857 1328/1883/1822
f 1328/1883/1822 1311/1918/1857 1327/1880/1819
f 1311/1918/1857 1312/1919/1858 1327/1880/1819
f 1327/1880/1819 1312/1919/1858 1313/1920/1859
f 1327/1880/1819 1313/1920/1859 1326/1752/1691
f 1326/1752/1691 1313/1920/1859 1314/1921/1860
f 1326/1752/1691 1314/1921/1860 1315/1922/1861
f 1315/1922/1861 1316/1754/1693 1326/1752/1691
f 338/1847/1786 337/1923/1862 1380/1842/1781
f 1380/1842/1781 337/1923/1862 336/1924/1863
f 1380/1842/1781 336/1924/1863 335/1925/1864
f 335/1925/1864 334/1843/1782 1380/1842/1781
f 333/1844/1783 332/1926/1865 373/1837/1776
f 373/1837/1776 332/1926/1865 331/1838/1777
f 1333/1823/1762 1324/1748/1687 1323/1741/1680
f 1333/1823/1762 1323/1741/1680 1332/1740/1679
f 1336/1878/1817 1327/1880/1819 1326/1752/1691
f 1336/1878/1817 1326/1752/1691 1335/1836/1775
f 1385/1901/1840 1331/1749/1688 1330/1751/1690
f 1387/1892/1831 1386/1891/1830 1329/1753/1692
f 1329/1753/1692 1386/1891/1830 1330/1751/1690
f 1386/1891/1830 1385/1901/1840 1330/1751/1690
f 1338/1821/1760 1333/1823/1762 1332/1740/1679
f 1338/1821/1760 1332/1740/1679 1337/1756/1695
f 1341/1876/1815 1336/1878/1817 1335/1836/1775
f 1341/1876/1815 1335/1836/1775 1340/1835/1774
f 1343/1819/1758 1338/1821/1760 1337/1756/1695
f 1343/1819/1758 1337/1756/1695 1342/1758/1697
f 1346/1874/1813 1341/1876/1815 1340/1835/1774
f 1346/1874/1813 1340/1835/1774 1345/1834/1773
f 1348/1817/1756 1343/1819/1758 1342/1758/1697
f 1348/1817/1756 1342/1758/1697 1347/1760/1699
f 1351/1872/1811 1346/1874/1813 1345/1834/1773
f 1351/1872/1811 1345/1834/1773 1350/1833/1772
f 1353/1815/1754 1348/1817/1756 1347/1760/1699
f 1353/1815/1754 1347/1760/1699 1352/1762/1701
f 1356/1870/1809 1351/1872/1811 1350/1833/1772
f 1356/1870/1809 1350/1833/1772 1355/1832/1771
f 1358/1813/1752 1353/1815/1754 1352/1762/1701
f 1358/1813/1752 1352/1762/1701 1357/1764/1703
f 1361/1868/1807 1356/1870/1809 1355/1832/1771
f 1361/1868/1807 1355/1832/1771 1360/1831/1770
f 1363/1811/1750 1358/1813/1752 1357/1764/1703
f 1363/1811/1750 1357/1764/1703 1362/1766/1705
f 1366/1866/1805 1361/1868/1807 1360/1831/1770
f 1366/1866/1805 1360/1831/1770 1365/1830/1769
f 1368/1809/1748 1363/1811/1750 1362/1766/1705
f 1368/1809/1748 1362/1766/1705 1367/1768/1707
f 1371/1864/1803 1366/1866/1805 1365/1830/1769
f 1371/1864/1803 1365/1830/1769 1370/1829/1768
f 1373/1807/1746 1368/1809/1748 1367/1768/1707
f 1373/1807/1746 1367/1768/1707 1372/1770/1709
f 1376/1851/1790 1371/1864/1803 1370/1829/1768
f 1376/1851/1790 1370/1829/1768 1375/1828/1767
f 1377/1795/1734 1373/1807/1746 1372/1770/1709
f 1377/1795/1734 1372/1770/1709 1321/1772/1711
f 275/1927/1866 1413/1928/1867 252/1929/1868
f 252/1929/1868 1413/1928/1867 1412/1930/1869
f 252/1931/1868 1412/1932/1869 253/1933/1870
f 253/1933/1870 1412/1932/1869 1435/1934/1871
f 253/1933/1870 1435/1934/1871 254/1935/1872
f 254/1935/1872 1435/1934/1871 1434/1936/1873
f 254/1935/1872 1434/1936/1873 255/1937/1874
f 255/1937/1874 1434/1936/1873 1433/1938/1875
f 255/1937/1874 1433/1938/1875 256/1939/1876
f 256/1939/1876 1433/1938/1875 1432/1940/1877
f 256/1939/1876 1432/1940/1877 257/1941/1878
f 257/1941/1878 1432/1940/1877 1431/1942/1879
f 257/1941/1878 1431/1942/1879 258/1943/1880
f 258/1943/1880 1431/1942/1879 1430/1944/1881
f 258/1943/1880 1430/1944/1881 259/1945/1882
f 259/1945/1882 1430/1944/1881 1429/1946/1883
f 259/1945/1882 1429/1946/1883 260/1947/1884
f 260/1947/1884 1429/1946/1883 1428/1948/1885
f 260/1947/1884 1428/1948/1885 261/1949/1886
f 261/1949/1886 1428/1948/1885 1427/1950/1887
f 261/1949/1886 1427/1950/1887 262/1951/1888
f 262/1951/1888 1427/1950/1887 1426/1952/1889
f 262/1951/1888 1426/1952/1889 263/1953/1890
f 263/1953/1890 1426/1952/1889 1425/1954/1891
f 263/1953/1890 1425/1954/1891 264/1955/1892
f 264/1955/1892 1425/1954/1891 1424/1956/1893
f 264/1955/1892 1424/1956/1893 265/1957/1894
f 265/1957/1894 1424/1956/1893 1423/1958/1895
f 265/1957/1894 1423/1958/1895 266/1959/1896
f 266/1959/1896 1423/1958/1895 1422/1960/1897
f 266/1959/1896 1422/1960/1897 267/1961/1898
f 267/1961/1898 1422/1960/1897 1421/1962/1899
f 267/1961/1898 1421/1962/1899 268/1963/1900
f 268/1963/1900 1421/1962/1899 1420/1964/1901
f 268/1963/1900 1420/1964/1901 269/1965/1902
f 269/1965/1902 1420/1964/1901 1419/1966/1903
f 269/1965/1902 1419/1966/1903 270/1967/1904
f 270/1967/1904 1419/1966/1903 1418/1968/1905
f 270/1967/1904 1418/1968/1905 271/1969/1906
f 271/1969/1906 1418/1968/1905 1417/1970/1907
f 271/1969/1906 1417/1970/1907 272/1971/1908
f 272/1971/1908 1417/1970/1907 1416/1972/1909
f 272/1971/1908 1416/1972/1909 273/1973/1910
f 273/1973/1910 1416/1972/1909 1415/1974/1911
f 273/1973/1910 1415/1974/1911 274/1975/1912
f 274/1975/1912 1415/1974/1911 1414/1976/1913
f 274/1975/1912 1414/1976/1913 275/1927/1866
f 275/1927/1866 1414/1976/1913 1413/1928/1867
f 1389/1977/1914 1435/1934/1871 1388/1978/1915
f 1388/1978/1915 1435/1934/1871 1412/1932/1869
f 1388/1979/1915 1412/1930/1869 1411/1980/1916
f 1411/1980/1916 1412/1930/1869 1413/1928/1867
f 1411/1980/1916 1413/1928/1867 1410/1981/1917
f 1410/1981/1917 1413/1928/1867 1414/1976/1913
f 1410/1981/1917 1414/1976/1913 1409/1982/1918
f 1409/1982/1918 1414/1976/1913 1415/1974/1911
f 1409/1982/1918 1415/1974/1911 1408/1983/1919
f 1408/1983/1919 1415/1974/1911 1416/1972/1909
f 1408/1983/1919 1416/1972/1909 1407/1984/1920
f 1407/1984/1920 1416/1972/1909 1417/1970/1907
f 1407/1984/1920 1417/1970/1907 1406/1985/1921
f 1406/1985/1921 1417/1970/1907 1418/1968/1905
f 1406/1985/1921 1418/1968/1905 1405/1986/1922
f 1405/1986/1922 1418/1968/1905 1419/1966/1903
f 1405/1986/1922 1419/1966/1903 1404/1987/1923
f 1404/1987/1923 1419/1966/1903 1420/1964/1901
f 1404/1987/1923 1420/1964/1901 1403/1988/1924
f 1403/1988/1924 1420/1964/1901 1421/1962/1899
f 1403/1988/1924 1421/1962/1899 1402/1989/1925
f 1402/1989/1925 1421/1962/1899 1422/1960/1897
f 1402/1989/1925 1422/1960/1897 1401/1990/1926
f 1401/1990/1926 1422/1960/1897 1423/1958/1895
f 1401/1990/1926 1423/1958/1895 1400/1991/1927
f 1400/1991/1927 1423/1958/1895 1424/1956/1893
f 1400/1991/1927 1424/1956/1893 1399/1992/1928
f 1399/1992/1928 1424/1956/1893 1425/1954/1891
f 1399/1992/1928 1425/1954/1891 1398/1993/1929
f 1398/1993/1929 1425/1954/1891 1426/1952/1889
f 1398/1993/1929 1426/1952/1889 1397/1994/1930
f 1397/1994/1930 1426/1952/1889 1427/1950/1887
f 1397/1994/1930 1427/1950/1887 1396/1995/1931
f 1396/1995/1931 1427/1950/1887 1428/1948/1885
f 1396/1995/1931 1428/1948/1885 1395/1996/1932
f 1395/1996/1932 1428/1948/1885 1429/1946/1883
f 1395/1996/1932 1429/1946/1883 1394/1997/1933
f 1394/1997/1933 1429/1946/1883 1430/1944/1881
f 1394/1997/1933 1430/1944/1881 1393/1998/1934
f 1393/1998/1934 1430/1944/1881 1431/1942/1879
f 1393/1998/1934 1431/1942/1879 1392/1999/1935
f 1392/1999/1935 1431/1942/1879 1432/1940/1877
f 1392/1999/1935 1432/1940/1877 1391/2000/1936
f 1391/2000/1936 1432/1940/1877 1433/1938/1875
f 1391/2000/1936 1433/1938/1875 1390/2001/1937
f 1390/2001/1937 1433/1938/1875 1434/1936/1873
f 1390/2001/1937 1434/1936/1873 1389/1977/1914
f 1389/1977/1914 1434/1936/1873 1435/1934/1871
f 1411/2002/1938 1401/2003/1939 1388/2004/1940
f 1388/2004/1940 1401/2003/1939 1400/2005/1941
f 1388/2004/1940 1400/2005/1941 1389/2006/1942
f 1389/2006/1942 1400/2005/1941 1399/2007/1943
f 1389/2006/1942 1399/2007/1943 1390/2008/1944
f 1390/2008/1944 1399/2007/1943 1398/2009/1945
f 1390/2008/1944 1398/2009/1945 1391/2010/1946
f 1391/2010/1946 1398/2009/1945 1397/2011/1947
f 1391/2010/1946 1397/2011/1947 1392/2012/1948
f 1392/2012/1948 1397/2011/1947 1396/2013/1949
f 1392/2012/1948 1396/2013/1949 1393/2014/1950
f 1393/2014/1950 1396/2013/1949 1395/2015/1951
f 1393/2014/1950 1395/2015/1951 1394/2016/1952
f 1401/2003/1939 1411/2002/1938 1402/2017/1953
f 1402/2017/1953 1411/2002/1938 1410/2018/1954
f 1402/2017/1953 1410/2018/1954 1403/2019/1955
f 1403/2019/1955 1410/2018/1954 1409/2020/1956
f 1403/2019/1955 1409/2020/1956 1404/2021/1957
f 1404/2021/1957 1409/2020/1956 1408/2022/1958
f 1404/2021/1957 1408/2022/1958 1405/2023/1959
f 1405/2023/1959 1408/2022/1958 1407/2024/1960
f 1405/2023/1959 1407/2024/1960 1406/2025/1961
f 1437/2026/1962 1483/2027/1963 1436/2028/1964
f 1436/2028/1964 1483/2027/1963 1460/2029/1965
f 1436/2028/1964 1460/2029/1965 1461/2030/1966
f 1483/2027/1963 1437/2026/1962 1482/2031/1967
f 1482/2031/1967 1437/2026/1962 1438/2032/1968
f 1482/2031/1967 1438/2032/1968 1481/2033/1969
f 1481/2033/1969 1438/2032/1968 1439/2034/1970
f 1481/2033/1969 1439/2034/1970 1480/2035/1971
f 1480/2035/1971 1439/2034/1970 1440/2036/1972
f 1480/2035/1971 1440/2036/1972 1479/2037/1973
f 1479/2037/1973 1440/2036/1972 1441/2038/1974
f 1479/2037/1973 1441/2038/1974 1478/2039/1975
f 1478/2039/1975 1441/2038/1974 1442/2040/1976
f 1478/2039/1975 1442/2040/1976 1443/2041/1977
f 1478/2039/1975 1443/2041/1977 1477/2042/1978
f 1477/2042/1978 1443/2041/1977 1444/2043/1979
f 1477/2042/1978 1444/2043/1979 1476/2044/1980
f 1476/2044/1980 1444/2043/1979 1445/2045/1981
f 1476/2044/1980 1445/2045/1981 1475/2046/1982
f 1475/2046/1982 1445/2045/1981 1446/2047/1983
f 1475/2046/1982 1446/2047/1983 1474/2048/1984
f 1474/2048/1984 1446/2047/1983 1447/2049/1985
f 1474/2048/1984 1447/2049/1985 1473/2050/1986
f 1473/2050/1986 1447/2049/1985 1472/2051/1987
f 1472/2051/1987 1447/2049/1985 1448/2052/1988
f 1472/2051/1987 1448/2052/1988 1471/2053/1989
f 1471/2053/1989 1448/2052/1988 1449/2054/1990
f 1471/2053/1989 1449/2054/1990 1470/2055/1991
f 1470/2055/1991 1449/2054/1990 1450/2056/1992
f 1470/2055/1991 1450/2056/1992 1469/2057/1993
f 1469/2057/1993 1450/2056/1992 1451/2058/1994
f 1469/2057/1993 1451/2058/1994 1468/2059/1995
f 1468/2059/1995 1451/2058/1994 1452/2060/1996
f 1468/2059/1995 1452/2060/1996 1467/2061/1997
f 1467/2061/1997 1452/2060/1996 1453/2062/1998
f 1467/2061/1997 1453/2062/1998 1466/2063/1999
f 1466/2063/1999 1453/2062/1998 1454/2064/2000
f 1466/2063/1999 1454/2064/2000 1455/2065/2001
f 1466/2063/1999 1455/2065/2001 1465/2066/2002
f 1465/2066/2002 1455/2065/2001 1456/2067/2003
f 1465/2066/2002 1456/2067/2003 1464/2068/2004
f 1464/2068/2004 1456/2067/2003 1457/2069/2005
f 1464/2068/2004 1457/2069/2005 1463/2070/2006
f 1463/2070/2006 1457/2069/2005 1458/2071/2007
f 1463/2070/2006 1458/2071/2007 1462/2072/2008
f 1462/2072/2008 1458/2071/2007 1459/2073/2009
f 1462/2072/2008 1459/2073/2009 1461/2030/1966
f 1461/2030/1966 1459/2073/2009 1436/2028/1964
f 1485/2074/2010 1531/2075/2011 1484/2076/2012
f 1484/2076/2012 1531/2075/2011 1508/2077/2013
f 1484/2076/2012 1508/2077/2013 1507/2078/2014
f 1507/2078/2014 1508/2077/2013 1509/2079/2015
f 1507/2078/2014 1509/2079/2015 1510/2080/2016
f 1531/2075/2011 1485/2074/2010 1530/2081/2017
f 1530/2081/2017 1485/2074/2010 1486/2082/2018
f 1530/2081/2017 1486/2082/2018 1529/2083/2019
f 1529/2083/2019 1486/2082/2018 1487/2084/2020
f 1529/2083/2019 1487/2084/2020 1528/2085/2021
f 1528/2085/2021 1487/2084/2020 1488/2086/2022
f 1528/2085/2021 1488/2086/2022 1527/2087/2023
f 1527/2087/2023 1488/2086/2022 1489/2088/2024
f 1527/2087/2023 1489/2088/2024 1526/2089/2025
f 1526/2089/2025 1489/2088/2024 1490/2090/2026
f 1526/2089/2025 1490/2090/2026 1491/2091/2027
f 1526/2089/2025 1491/2091/2027 1525/2092/2028
f 1525/2092/2028 1491/2091/2027 1492/2093/2029
f 1525/2092/2028 1492/2093/2029 1524/2094/2030
f 1524/2094/2030 1492/2093/2029 1493/2095/2031
f 1524/2094/2030 1493/2095/2031 1523/2096/2032
f 1523/2096/2032 1493/2095/2031 1494/2097/2033
f 1523/2096/2032 1494/2097/2033 1522/2098/2034
f 1522/2098/2034 1494/2097/2033 1495/2099/2035
f 1522/2098/2034 1495/2099/2035 1521/2100/2036
f 1521/2100/2036 1495/2099/2035 1496/2101/2037
f 1521/2100/2036 1496/2101/2037 1520/2102/2038
f 1520/2102/2038 1496/2101/2037 1519/2103/2039
f 1519/2103/2039 1496/2101/2037 1497/2104/2040
f 1519/2103/2039 1497/2104/2040 1518/2105/2041
f 1518/2105/2041 1497/2104/2040 1498/2106/2042
f 1518/2105/2041 1498/2106/2042 1517/2107/2043
f 1517/2107/2043 1498/2106/2042 1499/2108/2044
f 1517/2107/2043 1499/2108/2044 1516/2109/2045
f 1516/2109/2045 1499/2108/2044 1500/2110/2046
f 1516/2109/2045 1500/2110/2046 1515/2111/2047
f 1515/2111/2047 1500/2110/2046 1501/2112/2048
f 1515/2111/2047 1501/2112/2048 1514/2113/2049
f 1514/2113/2049 1501/2112/2048 1502/2114/2050
f 1514/2113/2049 1502/2114/2050 1503/2115/2051
f 1514/2113/2049 1503/2115/2051 1513/2116/2052
f 1513/2116/2052 1503/2115/2051 1504/2117/2053
f 1513/2116/2052 1504/2117/2053 1512/2118/2054
f 1512/2118/2054 1504/2117/2053 1505/2119/2055
f 1512/2118/2054 1505/2119/2055 1511/2120/2056
f 1511/2120/2056 1505/2119/2055 1506/2121/2057
f 1511/2120/2056 1506/2121/2057 1510/2080/2016
f 1510/2080/2016 1506/2121/2057 1507/2078/2014
f 1459/2122/2058 1485/2123/2059 1436/2124/2060
f 1436/2124/2060 1485/2123/2059 1484/2125/2061
f 1436/2126/2060 1484/2127/2061 1437/2128/2062
f 1437/2128/2062 1484/2127/2061 1507/2129/2063
f 1437/2128/2062 1507/2129/2063 1438/2130/2064
f 1438/2130/2064 1507/2129/2063 1506/2131/2065
f 1438/2130/2064 1506/2131/2065 1439/2132/2066
f 1439/2132/2066 1506/2131/2065 1505/2133/2067
f 1439/2132/2066 1505/2133/2067 1440/2134/2068
f 1440/2134/2068 1505/2133/2067 1504/2135/2069
f 1440/2134/2068 1504/2135/2069 1441/2136/2070
f 1441/2136/2070 1504/2135/2069 1503/2137/2071
f 1441/2136/2070 1503/2137/2071 1442/2138/2072
f 1442/2138/2072 1503/2137/2071 1502/2139/2073
f 1442/2138/2072 1502/2139/2073 1443/2140/2074
f 1443/2140/2074 1502/2139/2073 1501/2141/2075
f 1443/2140/2074 1501/2141/2075 1444/2142/2076
f 1444/2142/2076 1501/2141/2075 1500/2143/2077
f 1444/2142/2076 1500/2143/2077 1445/2144/2078
f 1445/2144/2078 1500/2143/2077 1499/2145/2079
f 1445/2144/2078 1499/2145/2079 1446/2146/2080
f 1446/2146/2080 1499/2145/2079 1498/2147/2081
f 1446/2146/2080 1498/2147/2081 1447/2148/2082
f 1447/2148/2082 1498/2147/2081 1497/2149/2083
f 1447/2148/2082 1497/2149/2083 1448/2150/2084
f 1448/2150/2084 1497/2149/2083 1496/2151/2085
f 1448/2150/2084 1496/2151/2085 1449/2152/2086
f 1449/2152/2086 1496/2151/2085 1495/2153/2087
f 1449/2152/2086 1495/2153/2087 1450/2154/2088
f 1450/2154/2088 1495/2153/2087 1494/2155/2089
f 1450/2154/2088 1494/2155/2089 1451/2156/2090
f 1451/2156/2090 1494/2155/2089 1493/2157/2091
f 1451/2156/2090 1493/2157/2091 1452/2158/2092
f 1452/2158/2092 1493/2157/2091 1492/2159/2093
f 1452/2158/2092 1492/2159/2093 1453/2160/2094
f 1453/2160/2094 1492/2159/2093 1491/2161/2095
f 1453/2160/2094 1491/2161/2095 1454/2162/2096
f 1454/2162/2096 1491/2161/2095 1490/2163/2097
f 1454/2162/2096 1490/2163/2097 1455/2164/2098
f 1455/2164/2098 1490/2163/2097 1489/2165/2099
f 1455/2164/2098 1489/2165/2099 1456/2166/2100
f 1456/2166/2100 1489/2165/2099 1488/2167/2101
f 1456/2166/2100 1488/2167/2101 1457/2168/2102
f 1457/2168/2102 1488/2167/2101 1487/2169/2103
f 1457/2168/2102 1487/2169/2103 1458/2170/2104
f 1458/2170/2104 1487/2169/2103 1486/2171/2105
f 1458/2170/2104 1486/2171/2105 1459/2122/2058
f 1459/2122/2058 1486/2171/2105 1485/2123/2059
f 1295/2172/2106 1533/2173/2107 1272/2174/2108
f 1272/2174/2108 1533/2173/2107 1532/2175/2109
f 1272/2176/2108 1532/2177/2109 1273/2178/2110
f 1273/2178/2110 1532/2177/2109 1555/2179/2111
f 1273/2178/2110 1555/2179/2111 1274/2180/2112
f 1274/2180/2112 1555/2179/2111 1554/2181/2113
f 1274/2180/2112 1554/2181/2113 1275/2182/2114
f 1275/2182/2114 1554/2181/2113 1553/2183/2115
f 1275/2182/2114 1553/2183/2115 1276/2184/2116
f 1276/2184/2116 1553/2183/2115 1552/2185/2117
f 1276/2184/2116 1552/2185/2117 1277/2186/2118
f 1277/2186/2118 1552/2185/2117 1551/2187/2119
f 1277/2186/2118 1551/2187/2119 1278/2188/2120
f 1278/2188/2120 1551/2187/2119 1550/2189/2121
f 1278/2188/2120 1550/2189/2121 1279/2190/2122
f 1279/2190/2122 1550/2189/2121 1549/2191/2123
f 1279/2190/2122 1549/2191/2123 1280/2192/2124
f 1280/2192/2124 1549/2191/2123 1548/2193/2125
f 1280/2192/2124 1548/2193/2125 1281/2194/2126
f 1281/2194/2126 1548/2193/2125 1547/2195/2127
f 1281/2194/2126 1547/2195/2127 1282/2196/2128
f 1282/2196/2128 1547/2195/2127 1546/2197/2129
f 1282/2196/2128 1546/2197/2129 1283/2198/2130
f 1283/2198/2130 1546/2197/2129 1545/2199/2131
f 1283/2198/2130 1545/2199/2131 1284/2200/2132
f 1284/2200/2132 1545/2199/2131 1544/2201/2133
f 1284/2200/2132 1544/2201/2133 1285/2202/2134
f 1285/2202/2134 1544/2201/2133 1543/2203/2135
f 1285/2202/2134 1543/2203/2135 1286/2204/2136
f 1286/2204/2136 1543/2203/2135 1542/2205/2137
f 1286/2204/2136 1542/2205/2137 1287/2206/2138
f 1287/2206/2138 1542/2205/2137 1541/2207/2139
f 1287/2206/2138 1541/2207/2139 1288/2208/2140
f 1288/2208/2140 1541/2207/2139 1540/2209/2141
f 1288/2208/2140 1540/2209/2141 1289/2210/2142
f 1289/2210/2142 1540/2209/2141 1539/2211/2143
f 1289/2210/2142 1539/2211/2143 1290/2212/2144
f 1290/2212/2144 1539/2211/2143 1538/2213/2145
f 1290/2212/2144 1538/2213/2145 1291/2214/2146
f 1291/2214/2146 1538/2213/2145 1537/2215/2147
f 1291/2214/2146 1537/2215/2147 1292/2216/2148
f 1292/2216/2148 1537/2215/2147 1536/2217/2149
f 1292/2216/2148 1536/2217/2149 1293/2218/2150
f 1293/2218/2150 1536/2217/2149 1535/2219/2151
f 1293/2218/2150 1535/2219/2151 1294/2220/2152
f 1294/2220/2152 1535/2219/2151 1534/2221/2153
f 1294/2220/2152 1534/2221/2153 1295/2172/2106
f 1295/2172/2106 1534/2221/2153 1533/2173/2107
f 1531/2222/2154 1555/2179/2111 1508/2223/2155
f 1508/2223/2155 1555/2179/2111 1532/2177/2109
f 1508/2224/2155 1532/2175/2109 1509/2225/2156
f 1509/2225/2156 1532/2175/2109 1533/2173/2107
f 1509/2225/2156 1533/2173/2107 1510/2226/2157
f 1510/2226/2157 1533/2173/2107 1534/2221/2153
f 1510/2226/2157 1534/2221/2153 1511/2227/2158
f 1511/2227/2158 1534/2221/2153 1535/2219/2151
f 1511/2227/2158 1535/2219/2151 1512/2228/2159
f 1512/2228/2159 1535/2219/2151 1536/2217/2149
f 1512/2228/2159 1536/2217/2149 1513/2229/2160
f 1513/2229/2160 1536/2217/2149 1537/2215/2147
f 1513/2229/2160 1537/2215/2147 1514/2230/2161
f 1514/2230/2161 1537/2215/2147 1538/2213/2145
f 1514/2230/2161 1538/2213/2145 1515/2231/2162
f 1515/2231/2162 1538/2213/2145 1539/2211/2143
f 1515/2231/2162 1539/2211/2143 1516/2232/2163
f 1516/2232/2163 1539/2211/2143 1540/2209/2141
f 1516/2232/2163 1540/2209/2141 1517/2233/2164
f 1517/2233/2164 1540/2209/2141 1541/2207/2139
f 1517/2233/2164 1541/2207/2139 1518/2234/2165
f 1518/2234/2165 1541/2207/2139 1542/2205/2137
f 1518/2234/2165 1542/2205/2137 1519/2235/2166
f 1519/2235/2166 1542/2205/2137 1543/2203/2135
f 1519/2235/2166 1543/2203/2135 1520/2236/2167
f 1520/2236/2167 1543/2203/2135 1544/2201/2133
f 1520/2236/2167 1544/2201/2133 1521/2237/2168
f 1521/2237/2168 1544/2201/2133 1545/2199/2131
f 1521/2237/2168 1545/2199/2131 1522/2238/2169
f 1522/2238/2169 1545/2199/2131 1546/2197/2129
f 1522/2238/2169 1546/2197/2129 1523/2239/2170
f 1523/2239/2170 1546/2197/2129 1547/2195/2127
f 1523/2239/2170 1547/2195/2127 1524/2240/2171
f 1524/2240/2171 1547/2195/2127 1548/2193/2125
f 1524/2240/2171 1548/2193/2125 1525/2241/2172
f 1525/2241/2172 1548/2193/2125 1549/2191/2123
f 1525/2241/2172 1549/2191/2123 1526/2242/2173
f 1526/2242/2173 1549/2191/2123 1550/2189/2121
f 1526/2242/2173 1550/2189/2121 1527/2243/2174
f 1527/2243/2174 1550/2189/2121 1551/2187/2119
f 1527/2243/2174 1551/2187/2119 1528/2244/2175
f 1528/2244/2175 1551/2187/2119 1552/2185/2117
f 1528/2244/2175 1552/2185/2117 1529/2245/2176
f 1529/2245/2176 1552/2185/2117 1553/2183/2115
f 1529/2245/2176 1553/2183/2115 1530/2246/2177
f 1530/2246/2177 1553/2183/2115 1554/2181/2113
f 1530/2246/2177 1554/2181/2113 1531/2222/2154
f 1531/2222/2154 1554/2181/2113 1555/2179/2111
f 1483/2247/2178 1581/2248/2179 1460/2249/2180
f 1460/2249/2180 1581/2248/2179 1580/2250/2181
f 1460/2251/2180 1580/2252/2181 1461/2253/2182
f 1461/2253/2182 1580/2252/2181 1603/2254/2183
f 1461/2253/2182 1603/2254/2183 1462/2255/2184
f 1462/2255/2184 1603/2254/2183 1602/2256/2185
f 1462/2255/2184 1602/2256/2185 1463/2257/2186
f 1463/2257/2186 1602/2256/2185 1601/2258/2187
f 1463/2257/2186 1601/2258/2187 1464/2259/2188
f 1464/2259/2188 1601/2258/2187 1600/2260/2189
f 1464/2259/2188 1600/2260/2189 1465/2261/2190
f 1465/2261/2190 1600/2260/2189 1599/2262/2191
f 1465/2261/2190 1599/2262/2191 1466/2263/2192
f 1466/2263/2192 1599/2262/2191 1598/2264/2193
f 1466/2263/2192 1598/2264/2193 1467/2265/2194
f 1467/2265/2194 1598/2264/2193 1597/2266/2195
f 1467/2265/2194 1597/2266/2195 1468/2267/2196
f 1468/2267/2196 1597/2266/2195 1596/2268/2197
f 1468/2267/2196 1596/2268/2197 1469/2269/2198
f 1469/2269/2198 1596/2268/2197 1595/2270/2199
f 1469/2269/2198 1595/2270/2199 1470/2271/2200
f 1470/2271/2200 1595/2270/2199 1594/2272/2201
f 1470/2271/2200 1594/2272/2201 1471/2273/2202
f 1471/2273/2202 1594/2272/2201 1593/2274/2203
f 1471/2273/2202 1593/2274/2203 1472/2275/2204
f 1472/2275/2204 1593/2274/2203 1592/2276/2205
f 1472/2275/2204 1592/2276/2205 1473/2277/2206
f 1473/2277/2206 1592/2276/2205 1591/2278/2207
f 1473/2277/2206 1591/2278/2207 1474/2279/2208
f 1474/2279/2208 1591/2278/2207 1590/2280/2209
f 1474/2279/2208 1590/2280/2209 1475/2281/2210
f 1475/2281/2210 1590/2280/2209 1589/2282/2211
f 1475/2281/2210 1589/2282/2211 1476/2283/2212
f 1476/2283/2212 1589/2282/2211 1588/2284/2213
f 1476/2283/2212 1588/2284/2213 1477/2285/2214
f 1477/2285/2214 1588/2284/2213 1587/2286/2215
f 1477/2285/2214 1587/2286/2215 1478/2287/2216
f 1478/2287/2216 1587/2286/2215 1586/2288/2217
f 1478/2287/2216 1586/2288/2217 1479/2289/2218
f 1479/2289/2218 1586/2288/2217 1585/2290/2219
f 1479/2289/2218 1585/2290/2219 1480/2291/2220
f 1480/2291/2220 1585/2290/2219 1584/2292/2221
f 1480/2291/2220 1584/2292/2221 1481/2293/2222
f 1481/2293/2222 1584/2292/2221 1583/2294/2223
f 1481/2293/2222 1583/2294/2223 1482/2295/2224
f 1482/2295/2224 1583/2294/2223 1582/2296/2225
f 1482/2295/2224 1582/2296/2225 1483/2247/2178
f 1483/2247/2178 1582/2296/2225 1581/2248/2179
f 1557/2297/2226 1603/2254/2183 1556/2298/2227
f 1556/2298/2227 1603/2254/2183 1580/2252/2181
f 1556/2299/2227 1580/2250/2181 1579/2300/2228
f 1579/2300/2228 1580/2250/2181 1581/2248/2179
f 1579/2300/2228 1581/2248/2179 1578/2301/2229
f 1578/2301/2229 1581/2248/2179 1582/2296/2225
f 1578/2301/2229 1582/2296/2225 1577/2302/2230
f 1577/2302/2230 1582/2296/2225 1583/2294/2223
f 1577/2302/2230 1583/2294/2223 1576/2303/2231
f 1576/2303/2231 1583/2294/2223 1584/2292/2221
f 1576/2303/2231 1584/2292/2221 1575/2304/2232
f 1575/2304/2232 1584/2292/2221 1585/2290/2219
f 1575/2304/2232 1585/2290/2219 1574/2305/2233
f 1574/2305/2233 1585/2290/2219 1586/2288/2217
f 1574/2305/2233 1586/2288/2217 1573/2306/2234
f 1573/2306/2234 1586/2288/2217 1587/2286/2215
f 1573/2306/2234 1587/2286/2215 1572/2307/2235
f 1572/2307/2235 1587/2286/2215 1588/2284/2213
f 1572/2307/2235 1588/2284/2213 1571/2308/2236
f 1571/2308/2236 1588/2284/2213 1589/2282/2211
f 1571/2308/2236 1589/2282/2211 1570/2309/2237
f 1570/2309/2237 1589/2282/2211 1590/2280/2209
f 1570/2309/2237 1590/2280/2209 1569/2310/2238
f 1569/2310/2238 1590/2280/2209 1591/2278/2207
f 1569/2310/2238 1591/2278/2207 1568/2311/2239
f 1568/2311/2239 1591/2278/2207 1592/2276/2205
f 1568/2311/2239 1592/2276/2205 1567/2312/2240
f 1567/2312/2240 1592/2276/2205 1593/2274/2203
f 1567/2312/2240 1593/2274/2203 1566/2313/2241
f 1566/2313/2241 1593/2274/2203 1594/2272/2201
f 1566/2313/2241 1594/2272/2201 1565/2314/2242
f 1565/2314/2242 1594/2272/2201 1595/2270/2199
f 1565/2314/2242 1595/2270/2199 1564/2315/2243
f 1564/2315/2243 1595/2270/2199 1596/2268/2197
f 1564/2315/2243 1596/2268/2197 1563/2316/2244
f 1563/2316/2244 1596/2268/2197 1597/2266/2195
f 1563/2316/2244 1597/2266/2195 1562/2317/2245
f 1562/2317/2245 1597/2266/2195 1598/2264/2193
f 1562/2317/2245 1598/2264/2193 1561/2318/2246
f 1561/2318/2246 1598/2264/2193 1599/2262/2191
f 1561/2318/2246 1599/2262/2191 1560/2319/2247
f 1560/2319/2247 1599/2262/2191 1600/2260/2189
f 1560/2319/2247 1600/2260/2189 1559/2320/2248
f 1559/2320/2248 1600/2260/2189 1601/2258/2187
f 1559/2320/2248 1601/2258/2187 1558/2321/2249
f 1558/2321/2249 1601/2258/2187 1602/2256/2185
f 1558/2321/2249 1602/2256/2185 1557/2297/2226
f 1557/2297/2226 1602/2256/2185 1603/2254/2183
f 1579/2322/2250 1569/2323/2251 1556/2324/2252
f 1556/2324/2252 1569/2323/2251 1568/2325/2253
f 1556/2324/2252 1568/2325/2253 1557/2326/2254
f 1557/2326/2254 1568/2325/2253 1567/2327/2255
f 1557/2326/2254 1567/2327/2255 1558/2328/2256
f 1558/2328/2256 1567/2327/2255 1566/2329/2257
f 1558/2328/2256 1566/2329/2257 1559/2330/2258
f 1559/2330/2258 1566/2329/2257 1565/2331/2259
f 1559/2330/2258 1565/2331/2259 1560/2332/2260
f 1560/2332/2260 1565/2331/2259 1564/2333/2261
f 1560/2332/2260 1564/2333/2261 1561/2334/2262
f 1561/2334/2262 1564/2333/2261 1563/2335/2263
f 1561/2334/2262 1563/2335/2263 1562/2336/2264
f 1569/2323/2251 1579/2322/2250 1570/2337/2265
f 1570/2337/2265 1579/2322/2250 1578/2338/2266
f 1570/2337/2265 1578/2338/2266 1571/2339/2267
f 1571/2339/2267 1578/2338/2266 1577/2340/2268
f 1571/2339/2267 1577/2340/2268 1572/2341/2269
f 1572/2341/2269 1577/2340/2268 1576/2342/2270
f 1572/2341/2269 1576/2342/2270 1573/2343/2271
f 1573/2343/2271 1576/2342/2270 1575/2344/2272
f 1573/2343/2271 1575/2344/2272 1574/2345/2273
f 1605/2346/2274 1651/2347/2275 1604/2348/2276
f 1604/2348/2276 1651/2347/2275 1628/2349/2277
f 1604/2348/2276 1628/2349/2277 1629/2350/2278
f 1651/2347/2275 1605/2346/2274 1650/2351/2279
f 1650/2351/2279 1605/2346/2274 1606/2352/2280
f 1650/2351/2279 1606/2352/2280 1649/2353/2281
f 1649/2353/2281 1606/2352/2280 1607/2354/2282
f 1649/2353/2281 1607/2354/2282 1648/2355/2283
f 1648/2355/2283 1607/2354/2282 1608/2356/2284
f 1648/2355/2283 1608/2356/2284 1647/2357/2285
f 1647/2357/2285 1608/2356/2284 1609/2358/2286
f 1647/2357/2285 1609/2358/2286 1646/2359/2287
f 1646/2359/2287 1609/2358/2286 1610/2360/2288
f 1646/2359/2287 1610/2360/2288 1611/2361/2289
f 1646/2359/2287 1611/2361/2289 1645/2362/2290
f 1645/2362/2290 1611/2361/2289 1612/2363/2291
f 1645/2362/2290 1612/2363/2291 1644/2364/2292
f 1644/2364/2292 1612/2363/2291 1613/2365/2293
f 1644/2364/2292 1613/2365/2293 1643/2366/2294
f 1643/2366/2294 1613/2365/2293 1614/2367/2295
f 1643/2366/2294 1614/2367/2295 1642/2368/2296
f 1642/2368/2296 1614/2367/2295 1615/2369/2297
f 1642/2368/2296 1615/2369/2297 1641/2370/2298
f 1641/2370/2298 1615/2369/2297 1640/2371/2299
f 1640/2371/2299 1615/2369/2297 1616/2372/2300
f 1640/2371/2299 1616/2372/2300 1639/2373/2301
f 1639/2373/2301 1616/2372/2300 1617/2374/2302
f 1639/2373/2301 1617/2374/2302 1638/2375/2303
f 1638/2375/2303 1617/2374/2302 1618/2376/2304
f 1638/2375/2303 1618/2376/2304 1637/2377/2305
f 1637/2377/2305 1618/2376/2304 1619/2378/2306
f 1637/2377/2305 1619/2378/2306 1636/2379/2307
f 1636/2379/2307 1619/2378/2306 1620/2380/2308
f 1636/2379/2307 1620/2380/2308 1635/2381/2309
f 1635/2381/2309 1620/2380/2308 1621/2382/2310
f 1635/2381/2309 1621/2382/2310 1634/2383/2311
f 1634/2383/2311 1621/2382/2310 1622/2384/2312
f 1634/2383/2311 1622/2384/2312 1623/2385/2313
f 1634/2383/2311 1623/2385/2313 1633/2386/2314
f 1633/2386/2314 1623/2385/2313 1624/2387/2315
f 1633/2386/2314 1624/2387/2315 1632/2388/2316
f 1632/2388/2316 1624/2387/2315 1625/2389/2317
f 1632/2388/2316 1625/2389/2317 1631/2390/2318
f 1631/2390/2318 1625/2389/2317 1626/2391/2319
f 1631/2390/2318 1626/2391/2319 1630/2392/2320
f 1630/2392/2320 1626/2391/2319 1627/2393/2321
f 1630/2392/2320 1627/2393/2321 1629/2350/2278
f 1629/2350/2278 1627/2393/2321 1604/2348/2276
f 1653/2394/2322 1699/2395/2323 1652/2396/2324
f 1652/2396/2324 1699/2395/2323 1676/2397/2325
f 1652/2396/2324 1676/2397/2325 1675/2398/2326
f 1675/2398/2326 1676/2397/2325 1677/2399/2327
f 1675/2398/2326 1677/2399/2327 1678/2400/2328
f 1699/2395/2323 1653/2394/2322 1698/2401/2329
f 1698/2401/2329 1653/2394/2322 1654/2402/2330
f 1698/2401/2329 1654/2402/2330 1697/2403/2331
f 1697/2403/2331 1654/2402/2330 1655/2404/2332
f 1697/2403/2331 1655/2404/2332 1696/2405/2333
f 1696/2405/2333 1655/2404/2332 1656/2406/2334
f 1696/2405/2333 1656/2406/2334 1695/2407/2335
f 1695/2407/2335 1656/2406/2334 1657/2408/2336
f 1695/2407/2335 1657/2408/2336 1694/2409/2337
f 1694/2409/2337 1657/2408/2336 1658/2410/2338
f 1694/2409/2337 1658/2410/2338 1659/2411/2339
f 1694/2409/2337 1659/2411/2339 1693/2412/2340
f 1693/2412/2340 1659/2411/2339 1660/2413/2341
f 1693/2412/2340 1660/2413/2341 1692/2414/2342
f 1692/2414/2342 1660/2413/2341 1661/2415/2343
f 1692/2414/2342 1661/2415/2343 1691/2416/2344
f 1691/2416/2344 1661/2415/2343 1662/2417/2345
f 1691/2416/2344 1662/2417/2345 1690/2418/2346
f 1690/2418/2346 1662/2417/2345 1663/2419/2347
f 1690/2418/2346 1663/2419/2347 1689/2420/2348
f 1689/2420/2348 1663/2419/2347 1664/2421/2349
f 1689/2420/2348 1664/2421/2349 1688/2422/2350
f 1688/2422/2350 1664/2421/2349 1687/2423/2351
f 1687/2423/2351 1664/2421/2349 1665/2424/2352
f 1687/2423/2351 1665/2424/2352 1686/2425/2353
f 1686/2425/2353 1665/2424/2352 1666/2426/2354
f 1686/2425/2353 1666/2426/2354 1685/2427/2355
f 1685/2427/2355 1666/2426/2354 1667/2428/2356
f 1685/2427/2355 1667/2428/2356 1684/2429/2357
f 1684/2429/2357 1667/2428/2356 1668/2430/2358
f 1684/2429/2357 1668/2430/2358 1683/2431/2359
f 1683/2431/2359 1668/2430/2358 1669/2432/2360
f 1683/2431/2359 1669/2432/2360 1682/2433/2361
f 1682/2433/2361 1669/2432/2360 1670/2434/2362
f 1682/2433/2361 1670/2434/2362 1671/2435/2363
f 1682/2433/2361 1671/2435/2363 1681/2436/2364
f 1681/2436/2364 1671/2435/2363 1672/2437/2365
f 1681/2436/2364 1672/2437/2365 1680/2438/2366
f 1680/2438/2366 1672/2437/2365 1673/2439/2367
f 1680/2438/2366 1673/2439/2367 1679/2440/2368
f 1679/2440/2368 1673/2439/2367 1674/2441/2369
f 1679/2440/2368 1674/2441/2369 1678/2400/2328
f 1678/2400/2328 1674/2441/2369 1675/2398/2326
f 1627/2442/2370 1653/2443/2371 1604/2444/2372
f 1604/2444/2372 1653/2443/2371 1652/2445/2373
f 1604/2446/2372 1652/2447/2373 1605/2448/2374
f 1605/2448/2374 1652/2447/2373 1675/2449/2375
f 1605/2448/2374 1675/2449/2375 1606/2450/2376
f 1606/2450/2376 1675/2449/2375 1674/2451/2377
f 1606/2450/2376 1674/2451/2377 1607/2452/2378
f 1607/2452/2378 1674/2451/2377 1673/2453/2379
f 1607/2452/2378 1673/2453/2379 1608/2454/2380
f 1608/2454/2380 1673/2453/2379 1672/2455/2381
f 1608/2454/2380 1672/2455/2381 1609/2456/2382
f 1609/2456/2382 1672/2455/2381 1671/2457/2383
f 1609/2456/2382 1671/2457/2383 1610/2458/2384
f 1610/2458/2384 1671/2457/2383 1670/2459/2385
f 1610/2458/2384 1670/2459/2385 1611/2460/2386
f 1611/2460/2386 1670/2459/2385 1669/2461/2387
f 1611/2460/2386 1669/2461/2387 1612/2462/2388
f 1612/2462/2388 1669/2461/2387 1668/2463/2389
f 1612/2462/2388 1668/2463/2389 1613/2464/2390
f 1613/2464/2390 1668/2463/2389 1667/2465/2391
f 1613/2464/2390 1667/2465/2391 1614/2466/2392
f 1614/2466/2392 1667/2465/2391 1666/2467/2393
f 1614/2466/2392 1666/2467/2393 1615/2468/2394
f 1615/2468/2394 1666/2467/2393 1665/2469/2395
f 1615/2468/2394 1665/2469/2395 1616/2470/2396
f 1616/2470/2396 1665/2469/2395 1664/2471/2397
f 1616/2470/2396 1664/2471/2397 1617/2472/2398
f 1617/2472/2398 1664/2471/2397 1663/2473/2399
f 1617/2472/2398 1663/2473/2399 1618/2474/2400
f 1618/2474/2400 1663/2473/2399 1662/2475/2401
f 1618/2474/2400 1662/2475/2401 1619/2476/2402
f 1619/2476/2402 1662/2475/2401 1661/2477/2403
f 1619/2476/2402 1661/2477/2403 1620/2478/2404
f 1620/2478/2404 1661/2477/2403 1660/2479/2405
f 1620/2478/2404 1660/2479/2405 1621/2480/2406
f 1621/2480/2406 1660/2479/2405 1659/2481/2407
f 1621/2480/2406 1659/2481/2407 1622/2482/2408
f 1622/2482/2408 1659/2481/2407 1658/2483/2409
f 1622/2482/2408 1658/2483/2409 1623/2484/2410
f 1623/2484/2410 1658/2483/2409 1657/2485/2411
f 1623/2484/2410 1657/2485/2411 1624/2486/2412
f 1624/2486/2412 1657/2485/2411 1656/2487/2413
f 1624/2486/2412 1656/2487/2413 1625/2488/2414
f 1625/2488/2414 1656/2487/2413 1655/2489/2415
f 1625/2488/2414 1655/2489/2415 1626/2490/2416
f 1626/2490/2416 1655/2489/2415 1654/2491/2417
f 1626/2490/2416 1654/2491/2417 1627/2442/2370
f 1627/2442/2370 1654/2491/2417 1653/2443/2371
f 1319/2492/2418 1701/2493/2419 1296/2494/2420
f 1296/2494/2420 1701/2493/2419 1700/2495/2421
f 1296/2496/2420 1700/2497/2421 1297/2498/2422
f 1297/2498/2422 1700/2497/2421 1723/2499/2423
f 1297/2498/2422 1723/2499/2423 1298/2500/2424
f 1298/2500/2424 1723/2499/2423 1722/2501/2425
f 1298/2500/2424 1722/2501/2425 1299/2502/2426
f 1299/2502/2426 1722/2501/2425 1721/2503/2427
f 1299/2502/2426 1721/2503/2427 1300/2504/2428
f 1300/2504/2428 1721/2503/2427 1720/2505/2429
f 1300/2504/2428 1720/2505/2429 1301/2506/2430
f 1301/2506/2430 1720/2505/2429 1719/2507/2431
f 1301/2506/2430 1719/2507/2431 1302/2508/2432
f 1302/2508/2432 1719/2507/2431 1718/2509/2433
f 1302/2508/2432 1718/2509/2433 1303/2510/2434
f 1303/2510/2434 1718/2509/2433 1717/2511/2435
f 1303/2510/2434 1717/2511/2435 1304/2512/2436
f 1304/2512/2436 1717/2511/2435 1716/2513/2437
f 1304/2512/2436 1716/2513/2437 1305/2514/2438
f 1305/2514/2438 1716/2513/2437 1715/2515/2439
f 1305/2514/2438 1715/2515/2439 1306/2516/2440
f 1306/2516/2440 1715/2515/2439 1714/2517/2441
f 1306/2516/2440 1714/2517/2441 1307/2518/2442
f 1307/2518/2442 1714/2517/2441 1713/2519/2443
f 1307/2518/2442 1713/2519/2443 1308/2520/2444
f 1308/2520/2444 1713/2519/2443 1712/2521/2445
f 1308/2520/2444 1712/2521/2445 1309/2522/2446
f 1309/2522/2446 1712/2521/2445 1711/2523/2447
f 1309/2522/2446 1711/2523/2447 1310/2524/2448
f 1310/2524/2448 1711/2523/2447 1710/2525/2449
f 1310/2524/2448 1710/2525/2449 1311/2526/2450
f 1311/2526/2450 1710/2525/2449 1709/2527/2451
f 1311/2526/2450 1709/2527/2451 1312/2528/2452
f 1312/2528/2452 1709/2527/2451 1708/2529/2453
f 1312/2528/2452 1708/2529/2453 1313/2530/2454
f 1313/2530/2454 1708/2529/2453 1707/2531/2455
f 1313/2530/2454 1707/2531/2455 1314/2532/2456
f 1314/2532/2456 1707/2531/2455 1706/2533/2457
f 1314/2532/2456 1706/2533/2457 1315/2534/2458
f 1315/2534/2458 1706/2533/2457 1705/2535/2459
f 1315/2534/2458 1705/2535/2459 1316/2536/2460
f 1316/2536/2460 1705/2535/2459 1704/2537/2461
f 1316/2536/2460 1704/2537/2461 1317/2538/2462
f 1317/2538/2462 1704/2537/2461 1703/2539/2463
f 1317/2538/2462 1703/2539/2463 1318/2540/2464
f 1318/2540/2464 1703/2539/2463 1702/2541/2465
f 1318/2540/2464 1702/2541/2465 1319/2492/2418
f 1319/2492/2418 1702/2541/2465 1701/2493/2419
f 1699/2542/2466 1723/2499/2423 1676/2543/2467
f 1676/2543/2467 1723/2499/2423 1700/2497/2421
f 1676/2544/2467 1700/2495/2421 1677/2545/2468
f 1677/2545/2468 1700/2495/2421 1701/2493/2419
f 1677/2545/2468 1701/2493/2419 1678/2546/2469
f 1678/2546/2469 1701/2493/2419 1702/2541/2465
f 1678/2546/2469 1702/2541/2465 1679/2547/2470
f 1679/2547/2470 1702/2541/2465 1703/2539/2463
f 1679/2547/2470 1703/2539/2463 1680/2548/2471
f 1680/2548/2471 1703/2539/2463 1704/2537/2461
f 1680/2548/2471 1704/2537/2461 1681/2549/2472
f 1681/2549/2472 1704/2537/2461 1705/2535/2459
f 1681/2549/2472 1705/2535/2459 1682/2550/2473
f 1682/2550/2473 1705/2535/2459 1706/2533/2457
f 1682/2550/2473 1706/2533/2457 1683/2551/2474
f 1683/2551/2474 1706/2533/2457 1707/2531/2455
f 1683/2551/2474 1707/2531/2455 1684/2552/2475
f 1684/2552/2475 1707/2531/2455 1708/2529/2453
f 1684/2552/2475 1708/2529/2453 1685/2553/2476
f 1685/2553/2476 1708/2529/2453 1709/2527/2451
f 1685/2553/2476 1709/2527/2451 1686/2554/2477
f 1686/2554/2477 1709/2527/2451 1710/2525/2449
f 1686/2554/2477 1710/2525/2449 1687/2555/2478
f 1687/2555/2478 1710/2525/2449 1711/2523/2447
f 1687/2555/2478 1711/2523/2447 1688/2556/2479
f 1688/2556/2479 1711/2523/2447 1712/2521/2445
f 1688/2556/2479 1712/2521/2445 1689/2557/2480
f 1689/2557/2480 1712/2521/2445 1713/2519/2443
f 1689/2557/2480 1713/2519/2443 1690/2558/2481
f 1690/2558/2481 1713/2519/2443 1714/2517/2441
f 1690/2558/2481 1714/2517/2441 1691/2559/2482
f 1691/2559/2482 1714/2517/2441 1715/2515/2439
f 1691/2559/2482 1715/2515/2439 1692/2560/2483
f 1692/2560/2483 1715/2515/2439 1716/2513/2437
f 1692/2560/2483 1716/2513/2437 1693/2561/2484
f 1693/2561/2484 1716/2513/2437 1717/2511/2435
f 1693/2561/2484 1717/2511/2435 1694/2562/2485
f 1694/2562/2485 1717/2511/2435 1718/2509/2433
f 1694/2562/2485 1718/2509/2433 1695/2563/2486
f 1695/2563/2486 1718/2509/2433 1719/2507/2431
f 1695/2563/2486 1719/2507/2431 1696/2564/2487
f 1696/2564/2487 1719/2507/2431 1720/2505/2429
f 1696/2564/2487 1720/2505/2429 1697/2565/2488
f 1697/2565/2488 1720/2505/2429 1721/2503/2427
f 1697/2565/2488 1721/2503/2427 1698/2566/2489
f 1698/2566/2489 1721/2503/2427 1722/2501/2425
f 1698/2566/2489 1722/2501/2425 1699/2542/2466
f 1699/2542/2466 1722/2501/2425 1723/2499/2423
f 1651/2567/2490 1749/2568/2491 1628/2569/2492
f 1628/2569/2492 1749/2568/2491 1748/2570/2493
f 1628/2571/2492 1748/2572/2493 1629/2573/2494
f 1629/2573/2494 1748/2572/2493 1771/2574/2495
f 1629/2573/2494 1771/2574/2495 1630/2575/2496
f 1630/2575/2496 1771/2574/2495 1770/2576/2497
f 1630/2575/2496 1770/2576/2497 1631/2577/2498
f 1631/2577/2498 1770/2576/2497 1769/2578/2499
f 1631/2577/2498 1769/2578/2499 1632/2579/2500
f 1632/2579/2500 1769/2578/2499 1768/2580/2501
f 1632/2579/2500 1768/2580/2501 1633/2581/2502
f 1633/2581/2502 1768/2580/2501 1767/2582/2503
f 1633/2581/2502 1767/2582/2503 1634/2583/2504
f 1634/2583/2504 1767/2582/2503 1766/2584/2505
f 1634/2583/2504 1766/2584/2505 1635/2585/2506
f 1635/2585/2506 1766/2584/2505 1765/2586/2507
f 1635/2585/2506 1765/2586/2507 1636/2587/2508
f 1636/2587/2508 1765/2586/2507 1764/2588/2509
f 1636/2587/2508 1764/2588/2509 1637/2589/2510
f 1637/2589/2510 1764/2588/2509 1763/2590/2511
f 1637/2589/2510 1763/2590/2511 1638/2591/2512
f 1638/2591/2512 1763/2590/2511 1762/2592/2513
f 1638/2591/2512 1762/2592/2513 1639/2593/2514
f 1639/2593/2514 1762/2592/2513 1761/2594/2515
f 1639/2593/2514 1761/2594/2515 1640/2595/2516
f 1640/2595/2516 1761/2594/2515 1760/2596/2517
f 1640/2595/2516 1760/2596/2517 1641/2597/2518
f 1641/2597/2518 1760/2596/2517 1759/2598/2519
f 1641/2597/2518 1759/2598/2519 1642/2599/2520
f 1642/2599/2520 1759/2598/2519 1758/2600/2521
f 1642/2599/2520 1758/2600/2521 1643/2601/2522
f 1643/2601/2522 1758/2600/2521 1757/2602/2523
f 1643/2601/2522 1757/2602/2523 1644/2603/2524
f 1644/2603/2524 1757/2602/2523 1756/2604/2525
f 1644/2603/2524 1756/2604/2525 1645/2605/2526
f 1645/2605/2526 1756/2604/2525 1755/2606/2527
f 1645/2605/2526 1755/2606/2527 1646/2607/2528
f 1646/2607/2528 1755/2606/2527 1754/2608/2529
f 1646/2607/2528 1754/2608/2529 1647/2609/2530
f 1647/2609/2530 1754/2608/2529 1753/2610/2531
f 1647/2609/2530 1753/2610/2531 1648/2611/2532
f 1648/2611/2532 1753/2610/2531 1752/2612/2533
f 1648/2611/2532 1752/2612/2533 1649/2613/2534
f 1649/2613/2534 1752/2612/2533 1751/2614/2535
f 1649/2613/2534 1751/2614/2535 1650/2615/2536
f 1650/2615/2536 1751/2614/2535 1750/2616/2537
f 1650/2615/2536 1750/2616/2537 1651/2567/2490
f 1651/2567/2490 1750/2616/2537 1749/2568/2491
f 1725/2617/2538 1771/2574/2495 1724/2618/2539
f 1724/2618/2539 1771/2574/2495 1748/2572/2493
f 1724/2619/2539 1748/2570/2493 1747/2620/2540
f 1747/2620/2540 1748/2570/2493 1749/2568/2491
f 1747/2620/2540 1749/2568/2491 1746/2621/2541
f 1746/2621/2541 1749/2568/2491 1750/2616/2537
f 1746/2621/2541 1750/2616/2537 1745/2622/2542
f 1745/2622/2542 1750/2616/2537 1751/2614/2535
f 1745/2622/2542 1751/2614/2535 1744/2623/2543
f 1744/2623/2543 1751/2614/2535 1752/2612/2533
f 1744/2623/2543 1752/2612/2533 1743/2624/2544
f 1743/2624/2544 1752/2612/2533 1753/2610/2531
f 1743/2624/2544 1753/2610/2531 1742/2625/2545
f 1742/2625/2545 1753/2610/2531 1754/2608/2529
f 1742/2625/2545 1754/2608/2529 1741/2626/2546
f 1741/2626/2546 1754/2608/2529 1755/2606/2527
f 1741/2626/2546 1755/2606/2527 1740/2627/2547
f 1740/2627/2547 1755/2606/2527 1756/2604/2525
f 1740/2627/2547 1756/2604/2525 1739/2628/2548
f 1739/2628/2548 1756/2604/2525 1757/2602/2523
f 1739/2628/2548 1757/2602/2523 1738/2629/2549
f 1738/2629/2549 1757/2602/2523 1758/2600/2521
f 1738/2629/2549 1758/2600/2521 1737/2630/2550
f 1737/2630/2550 1758/2600/2521 1759/2598/2519
f 1737/2630/2550 1759/2598/2519 1736/2631/2551
f 1736/2631/2551 1759/2598/2519 1760/2596/2517
f 1736/2631/2551 1760/2596/2517 1735/2632/2552
f 1735/2632/2552 1760/2596/2517 1761/2594/2515
f 1735/2632/2552 1761/2594/2515 1734/2633/2553
f 1734/2633/2553 1761/2594/2515 1762/2592/2513
f 1734/2633/2553 1762/2592/2513 1733/2634/2554
f 1733/2634/2554 1762/2592/2513 1763/2590/2511
f 1733/2634/2554 1763/2590/2511 1732/2635/2555
f 1732/2635/2555 1763/2590/2511 1764/2588/2509
f 1732/2635/2555 1764/2588/2509 1731/2636/2556
f 1731/2636/2556 1764/2588/2509 1765/2586/2507
f 1731/2636/2556 1765/2586/2507 1730/2637/2557
f 1730/2637/2557 1765/2586/2507 1766/2584/2505
f 1730/2637/2557 1766/2584/2505 1729/2638/2558
f 1729/2638/2558 1766/2584/2505 1767/2582/2503
f 1729/2638/2558 1767/2582/2503 1728/2639/2559
f 1728/2639/2559 1767/2582/2503 1768/2580/2501
f 1728/2639/2559 1768/2580/2501 1727/2640/2560
f 1727/2640/2560 1768/2580/2501 1769/2578/2499
f 1727/2640/2560 1769/2578/2499 1726/2641/2561
f 1726/2641/2561 1769/2578/2499 1770/2576/2497
f 1726/2641/2561 1770/2576/2497 1725/2617/2538
f 1725/2617/2538 1770/2576/2497 1771/2574/2495
f 1747/2642/2562 1737/2643/2563 1724/2644/2564
f 1724/2644/2564 1737/2643/2563 1736/2645/2565
f 1724/2644/2564 1736/2645/2565 1725/2646/2566
f 1725/2646/2566 1736/2645/2565 1735/2647/2567
f 1725/2646/2566 1735/2647/2567 1726/2648/2568
f 1726/2648/2568 1735/2647/2567 1734/2649/2569
f 1726/2648/2568 1734/2649/2569 1727/2650/2570
f 1727/2650/2570 1734/2649/2569 1733/2651/2571
f 1727/2650/2570 1733/2651/2571 1728/2652/2572
f 1728/2652/2572 1733/2651/2571 1732/2653/2573
f 1728/2652/2572 1732/2653/2573 1729/2654/2574
f 1729/2654/2574 1732/2653/2573 1731/2655/2575
f 1729/2654/2574 1731/2655/2575 1730/2656/2576
f 1737/2643/2563 1747/2642/2562 1738/2657/2577
f 1738/2657/2577 1747/2642/2562 1746/2658/2578
f 1738/2657/2577 1746/2658/2578 1739/2659/2579
f 1739/2659/2579 1746/2658/2578 1745/2660/2580
f 1739/2659/2579 1745/2660/2580 1740/2661/2581
f 1740/2661/2581 1745/2660/2580 1744/2662/2582
f 1740/2661/2581 1744/2662/2582 1741/2663/2583
f 1741/2663/2583 1744/2662/2582 1743/2664/2584
f 1741/2663/2583 1743/2664/2584 1742/2665/2585
f 1773/2666/2586 1819/2667/2587 1772/2668/2588
f 1772/2668/2588 1819/2667/2587 1796/2669/2589
f 1772/2668/2588 1796/2669/2589 1797/2670/2590
f 1819/2667/2587 1773/2666/2586 1818/2671/2591
f 1818/2671/2591 1773/2666/2586 1774/2672/2592
f 1818/2671/2591 1774/2672/2592 1817/2673/2593
f 1817/2673/2593 1774/2672/2592 1775/2674/2594
f 1817/2673/2593 1775/2674/2594 1816/2675/2595
f 1816/2675/2595 1775/2674/2594 1776/2676/2596
f 1816/2675/2595 1776/2676/2596 1815/2677/2597
f 1815/2677/2597 1776/2676/2596 1777/2678/2598
f 1815/2677/2597 1777/2678/2598 1814/2679/2599
f 1814/2679/2599 1777/2678/2598 1778/2680/2600
f 1814/2679/2599 1778/2680/2600 1779/2681/2601
f 1814/2679/2599 1779/2681/2601 1813/2682/2602
f 1813/2682/2602 1779/2681/2601 1780/2683/2603
f 1813/2682/2602 1780/2683/2603 1812/2684/2604
f 1812/2684/2604 1780/2683/2603 1781/2685/2605
f 1812/2684/2604 1781/2685/2605 1811/2686/2606
f 1811/2686/2606 1781/2685/2605 1782/2687/2607
f 1811/2686/2606 1782/2687/2607 1810/2688/2608
f 1810/2688/2608 1782/2687/2607 1783/2689/2609
f 1810/2688/2608 1783/2689/2609 1809/2690/2610
f 1809/2690/2610 1783/2689/2609 1808/2691/2611
f 1808/2691/2611 1783/2689/2609 1784/2692/2612
f 1808/2691/2611 1784/2692/2612 1807/2693/2613
f 1807/2693/2613 1784/2692/2612 1785/2694/2614
f 1807/2693/2613 1785/2694/2614 1806/2695/2615
f 1806/2695/2615 1785/2694/2614 1786/2696/2616
f 1806/2695/2615 1786/2696/2616 1805/2697/2617
f 1805/2697/2617 1786/2696/2616 1787/2698/2618
f 1805/2697/2617 1787/2698/2618 1804/2699/2619
f 1804/2699/2619 1787/2698/2618 1788/2700/2620
f 1804/2699/2619 1788/2700/2620 1803/2701/2621
f 1803/2701/2621 1788/2700/2620 1789/2702/2622
f 1803/2701/2621 1789/2702/2622 1802/2703/2623
f 1802/2703/2623 1789/2702/2622 1790/2704/2624
f 1802/2703/2623 1790/2704/2624 1791/2705/2625
f 1802/2703/2623 1791/2705/2625 1801/2706/2626
f 1801/2706/2626 1791/2705/2625 1792/2707/2627
f 1801/2706/2626 1792/2707/2627 1800/2708/2628
f 1800/2708/2628 1792/2707/2627 1793/2709/2629
f 1800/2708/2628 1793/2709/2629 1799/2710/2630
f 1799/2710/2630 1793/2709/2629 1794/2711/2631
f 1799/2710/2630 1794/2711/2631 1798/2712/2632
f 1798/2712/2632 1794/2711/2631 1795/2713/2633
f 1798/2712/2632 1795/2713/2633 1797/2670/2590
f 1797/2670/2590 1795/2713/2633 1772/2668/2588
f 1821/2714/2634 1867/2715/2635 1820/2716/2636
f 1820/2716/2636 1867/2715/2635 1844/2717/2637
f 1820/2716/2636 1844/2717/2637 1843/2718/2638
f 1843/2718/2638 1844/2717/2637 1845/2719/2639
f 1843/2718/2638 1845/2719/2639 1846/2720/2640
f 1867/2715/2635 1821/2714/2634 1866/2721/2641
f 1866/2721/2641 1821/2714/2634 1822/2722/2642
f 1866/2721/2641 1822/2722/2642 1865/2723/2643
f 1865/2723/2643 1822/2722/2642 1823/2724/2644
f 1865/2723/2643 1823/2724/2644 1864/2725/2645
f 1864/2725/2645 1823/2724/2644 1824/2726/2646
f 1864/2725/2645 1824/2726/2646 1863/2727/2647
f 1863/2727/2647 1824/2726/2646 1825/2728/2648
f 1863/2727/2647 1825/2728/2648 1862/2729/2649
f 1862/2729/2649 1825/2728/2648 1826/2730/2650
f 1862/2729/2649 1826/2730/2650 1827/2731/2651
f 1862/2729/2649 1827/2731/2651 1861/2732/2652
f 1861/2732/2652 1827/2731/2651 1828/2733/2653
f 1861/2732/2652 1828/2733/2653 1860/2734/2654
f 1860/2734/2654 1828/2733/2653 1829/2735/2655
f 1860/2734/2654 1829/2735/2655 1859/2736/2656
f 1859/2736/2656 1829/2735/2655 1830/2737/2657
f 1859/2736/2656 1830/2737/2657 1858/2738/2658
f 1858/2738/2658 1830/2737/2657 1831/2739/2659
f 1858/2738/2658 1831/2739/2659 1857/2740/2660
f 1857/2740/2660 1831/2739/2659 1832/2741/2661
f 1857/2740/2660 1832/2741/2661 1856/2742/2662
f 1856/2742/2662 1832/2741/2661 1855/2743/2663
f 1855/2743/2663 1832/2741/2661 1833/2744/2664
f 1855/2743/2663 1833/2744/2664 1854/2745/2665
f 1854/2745/2665 1833/2744/2664 1834/2746/2666
f 1854/2745/2665 1834/2746/2666 1853/2747/2667
f 1853/2747/2667 1834/2746/2666 1835/2748/2668
f 1853/2747/2667 1835/2748/2668 1852/2749/2669
f 1852/2749/2669 1835/2748/2668 1836/2750/2670
f 1852/2749/2669 1836/2750/2670 1851/2751/2671
f 1851/2751/2671 1836/2750/2670 1837/2752/2672
f 1851/2751/2671 1837/2752/2672 1850/2753/2673
f 1850/2753/2673 1837/2752/2672 1838/2754/2674
f 1850/2753/2673 1838/2754/2674 1839/2755/2675
f 1850/2753/2673 1839/2755/2675 1849/2756/2676
f 1849/2756/2676 1839/2755/2675 1840/2757/2677
f 1849/2756/2676 1840/2757/2677 1848/2758/2678
f 1848/2758/2678 1840/2757/2677 1841/2759/2679
f 1848/2758/2678 1841/2759/2679 1847/2760/2680
f 1847/2760/2680 1841/2759/2679 1842/2761/2681
f 1847/2760/2680 1842/2761/2681 1846/2720/2640
f 1846/2720/2640 1842/2761/2681 1843/2718/2638
f 1795/2762/2682 1821/2763/2683 1772/2764/2684
f 1772/2764/2684 1821/2763/2683 1820/2765/2685
f 1772/2766/2684 1820/2767/2685 1773/2768/2686
f 1773/2768/2686 1820/2767/2685 1843/2769/2687
f 1773/2768/2686 1843/2769/2687 1774/2770/2688
f 1774/2770/2688 1843/2769/2687 1842/2771/2689
f 1774/2770/2688 1842/2771/2689 1775/2772/2690
f 1775/2772/2690 1842/2771/2689 1841/2773/2691
f 1775/2772/2690 1841/2773/2691 1776/2774/2692
f 1776/2774/2692 1841/2773/2691 1840/2775/2693
f 1776/2774/2692 1840/2775/2693 1777/2776/2694
f 1777/2776/2694 1840/2775/2693 1839/2777/2695
f 1777/2776/2694 1839/2777/2695 1778/2778/2696
f 1778/2778/2696 1839/2777/2695 1838/2779/2697
f 1778/2778/2696 1838/2779/2697 1779/2780/2698
f 1779/2780/2698 1838/2779/2697 1837/2781/2699
f 1779/2780/2698 1837/2781/2699 1780/2782/2700
f 1780/2782/2700 1837/2781/2699 1836/2783/2701
f 1780/2782/2700 1836/2783/2701 1781/2784/2702
f 1781/2784/2702 1836/2783/2701 1835/2785/2703
f 1781/2784/2702 1835/2785/2703 1782/2786/2704
f 1782/2786/2704 1835/2785/2703 1834/2787/2705
f 1782/2786/2704 1834/2787/2705 1783/2788/2706
f 1783/2788/2706 1834/2787/2705 1833/2789/2707
f 1783/2788/2706 1833/2789/2707 1784/2790/2708
f 1784/2790/2708 1833/2789/2707 1832/2791/2709
f 1784/2790/2708 1832/2791/2709 1785/2792/2710
f 1785/2792/2710 1832/2791/2709 1831/2793/2711
f 1785/2792/2710 1831/2793/2711 1786/2794/2712
f 1786/2794/2712 1831/2793/2711 1830/2795/2713
f 1786/2794/2712 1830/2795/2713 1787/2796/2714
f 1787/2796/2714 1830/2795/2713 1829/2797/2715
f 1787/2796/2714 1829/2797/2715 1788/2798/2716
f 1788/2798/2716 1829/2797/2715 1828/2799/2717
f 1788/2798/2716 1828/2799/2717 1789/2800/2718
f 1789/2800/2718 1828/2799/2717 1827/2801/2719
f 1789/2800/2718 1827/2801/2719 1790/2802/2720
f 1790/2802/2720 1827/2801/2719 1826/2803/2721
f 1790/2802/2720 1826/2803/2721 1791/2804/2722
f 1791/2804/2722 1826/2803/2721 1825/2805/2723
f 1791/2804/2722 1825/2805/2723 1792/2806/2724
f 1792/2806/2724 1825/2805/2723 1824/2807/2725
f 1792/2806/2724 1824/2807/2725 1793/2808/2726
f 1793/2808/2726 1824/2807/2725 1823/2809/2727
f 1793/2808/2726 1823/2809/2727 1794/2810/2728
f 1794/2810/2728 1823/2809/2727 1822/2811/2729
f 1794/2810/2728 1822/2811/2729 1795/2762/2682
f 1795/2762/2682 1822/2811/2729 1821/2763/2683
f 1271/2812/2730 1869/2813/2731 1248/2814/2732
f 1248/2814/2732 1869/2813/2731 1868/2815/2733
f 1248/2816/2732 1868/2817/2733 1249/2818/2734
f 1249/2818/2734 1868/2817/2733 1891/2819/2735
f 1249/2818/2734 1891/2819/2735 1250/2820/2736
f 1250/2820/2736 1891/2819/2735 1890/2821/2737
f 1250/2820/2736 1890/2821/2737 1251/2822/2738
f 1251/2822/2738 1890/2821/2737 1889/2823/2739
f 1251/2822/2738 1889/2823/2739 1252/2824/2740
f 1252/2824/2740 1889/2823/2739 1888/2825/2741
f 1252/2824/2740 1888/2825/2741 1253/2826/2742
f 1253/2826/2742 1888/2825/2741 1887/2827/2743
f 1253/2826/2742 1887/2827/2743 1254/2828/2744
f 1254/2828/2744 1887/2827/2743 1886/2829/2745
f 1254/2828/2744 1886/2829/2745 1255/2830/2746
f 1255/2830/2746 1886/2829/2745 1885/2831/2747
f 1255/2830/2746 1885/2831/2747 1256/2832/2748
f 1256/2832/2748 1885/2831/2747 1884/2833/2749
f 1256/2832/2748 1884/2833/2749 1257/2834/2750
f 1257/2834/2750 1884/2833/2749 1883/2835/2751
f 1257/2834/2750 1883/2835/2751 1258/2836/2752
f 1258/2836/2752 1883/2835/2751 1882/2837/2753
f 1258/2836/2752 1882/2837/2753 1259/2838/2754
f 1259/2838/2754 1882/2837/2753 1881/2839/2755
f 1259/2838/2754 1881/2839/2755 1260/2840/2756
f 1260/2840/2756 1881/2839/2755 1880/2841/2757
f 1260/2840/2756 1880/2841/2757 1261/2842/2758
f 1261/2842/2758 1880/2841/2757 1879/2843/2759
f 1261/2842/2758 1879/2843/2759 1262/2844/2760
f 1262/2844/2760 1879/2843/2759 1878/2845/2761
f 1262/2844/2760 1878/2845/2761 1263/2846/2762
f 1263/2846/2762 1878/2845/2761 1877/2847/2763
f 1263/2846/2762 1877/2847/2763 1264/2848/2764
f 1264/2848/2764 1877/2847/2763 1876/2849/2765
f 1264/2848/2764 1876/2849/2765 1265/2850/2766
f 1265/2850/2766 1876/2849/2765 1875/2851/2767
f 1265/2850/2766 1875/2851/2767 1266/2852/2768
f 1266/2852/2768 1875/2851/2767 1874/2853/2769
f 1266/2852/2768 1874/2853/2769 1267/2854/2770
f 1267/2854/2770 1874/2853/2769 1873/2855/2771
f 1267/2854/2770 1873/2855/2771 1268/2856/2772
f 1268/2856/2772 1873/2855/2771 1872/2857/2773
f 1268/2856/2772 1872/2857/2773 1269/2858/2774
f 1269/2858/2774 1872/2857/2773 1871/2859/2775
f 1269/2858/2774 1871/2859/2775 1270/2860/2776
f 1270/2860/2776 1871/2859/2775 1870/2861/2777
f 1270/2860/2776 1870/2861/2777 1271/2812/2730
f 1271/2812/2730 1870/2861/2777 1869/2813/2731
f 1867/2862/2778 1891/2819/2735 1844/2863/2779
f 1844/2863/2779 1891/2819/2735 1868/2817/2733
f 1844/2864/2779 1868/2815/2733 1845/2865/2780
f 1845/2865/2780 1868/2815/2733 1869/2813/2731
f 1845/2865/2780 1869/2813/2731 1846/2866/2781
f 1846/2866/2781 1869/2813/2731 1870/2861/2777
f 1846/2866/2781 1870/2861/2777 1847/2867/2782
f 1847/2867/2782 1870/2861/2777 1871/2859/2775
f 1847/2867/2782 1871/2859/2775 1848/2868/2783
f 1848/2868/2783 1871/2859/2775 1872/2857/2773
f 1848/2868/2783 1872/2857/2773 1849/2869/2784
f 1849/2869/2784 1872/2857/2773 1873/2855/2771
f 1849/2869/2784 1873/2855/2771 1850/2870/2785
f 1850/2870/2785 1873/2855/2771 1874/2853/2769
f 1850/2870/2785 1874/2853/2769 1851/2871/2786
f 1851/2871/2786 1874/2853/2769 1875/2851/2767
f 1851/2871/2786 1875/2851/2767 1852/2872/2787
f 1852/2872/2787 1875/2851/2767 1876/2849/2765
f 1852/2872/2787 1876/2849/2765 1853/2873/2788
f 1853/2873/2788 1876/2849/2765 1877/2847/2763
f 1853/2873/2788 1877/2847/2763 1854/2874/2789
f 1854/2874/2789 1877/2847/2763 1878/2845/2761
f 1854/2874/2789 1878/2845/2761 1855/2875/2790
f 1855/2875/2790 1878/2845/2761 1879/2843/2759
f 1855/2875/2790 1879/2843/2759 1856/2876/2791
f 1856/2876/2791 1879/2843/2759 1880/2841/2757
f 1856/2876/2791 1880/2841/2757 1857/2877/2792
f 1857/2877/2792 1880/2841/2757 1881/2839/2755
f 1857/2877/2792 1881/2839/2755 1858/2878/2793
f 1858/2878/2793 1881/2839/2755 1882/2837/2753
f 1858/2878/2793 1882/2837/2753 1859/2879/2794
f 1859/2879/2794 1882/2837/2753 1883/2835/2751
f 1859/2879/2794 1883/2835/2751 1860/2880/2795
f 1860/2880/2795 1883/2835/2751 1884/2833/2749
f 1860/2880/2795 1884/2833/2749 1861/2881/2796
f 1861/2881/2796 1884/2833/2749 1885/2831/2747
f 1861/2881/2796 1885/2831/2747 1862/2882/2797
f 1862/2882/2797 1885/2831/2747 1886/2829/2745
f 1862/2882/2797 1886/2829/2745 1863/2883/2798
f 1863/2883/2798 1886/2829/2745 1887/2827/2743
f 1863/2883/2798 1887/2827/2743 1864/2884/2799
f 1864/2884/2799 1887/2827/2743 1888/2825/2741
f 1864/2884/2799 1888/2825/2741 1865/2885/2800
f 1865/2885/2800 1888/2825/2741 1889/2823/2739
f 1865/2885/2800 1889/2823/2739 1866/2886/2801
f 1866/2886/2801 1889/2823/2739 1890/2821/2737
f 1866/2886/2801 1890/2821/2737 1867/2862/2778
f 1867/2862/2778 1890/2821/2737 1891/2819/2735
f 1819/2887/2802 1917/2888/2803 1796/2889/2804
f 1796/2889/2804 1917/2888/2803 1916/2890/2805
f 1796/2891/2804 1916/2892/2805 1797/2893/2806
f 1797/2893/2806 1916/2892/2805 1939/2894/2807
f 1797/2893/2806 1939/2894/2807 1798/2895/2808
f 1798/2895/2808 1939/2894/2807 1938/2896/2809
f 1798/2895/2808 1938/2896/2809 1799/2897/2810
f 1799/2897/2810 1938/2896/2809 1937/2898/2811
f 1799/2897/2810 1937/2898/2811 1800/2899/2812
f 1800/2899/2812 1937/2898/2811 1936/2900/2813
f 1800/2899/2812 1936/2900/2813 1801/2901/2814
f 1801/2901/2814 1936/2900/2813 1935/2902/2815
f 1801/2901/2814 1935/2902/2815 1802/2903/2816
f 1802/2903/2816 1935/2902/2815 1934/2904/2817
f 1802/2903/2816 1934/2904/2817 1803/2905/2818
f 1803/2905/2818 1934/2904/2817 1933/2906/2819
f 1803/2905/2818 1933/2906/2819 1804/2907/2820
f 1804/2907/2820 1933/2906/2819 1932/2908/2821
f 1804/2907/2820 1932/2908/2821 1805/2909/2822
f 1805/2909/2822 1932/2908/2821 1931/2910/2823
f 1805/2909/2822 1931/2910/2823 1806/2911/2824
f 1806/2911/2824 1931/2910/2823 1930/2912/2825
f 1806/2911/2824 1930/2912/2825 1807/2913/2826
f 1807/2913/2826 1930/2912/2825 1929/2914/2827
f 1807/2913/2826 1929/2914/2827 1808/2915/2828
f 1808/2915/2828 1929/2914/2827 1928/2916/2829
f 1808/2915/2828 1928/2916/2829 1809/2917/2830
f 1809/2917/2830 1928/2916/2829 1927/2918/2831
f 1809/2917/2830 1927/2918/2831 1810/2919/2832
f 1810/2919/2832 1927/2918/2831 1926/2920/2833
f 1810/2919/2832 1926/2920/2833 1811/2921/2834
f 1811/2921/2834 1926/2920/2833 1925/2922/2835
f 1811/2921/2834 1925/2922/2835 1812/2923/2836
f 1812/2923/2836 1925/2922/2835 1924/2924/2837
f 1812/2923/2836 1924/2924/2837 1813/2925/2838
f 1813/2925/2838 1924/2924/2837 1923/2926/2839
f 1813/2925/2838 1923/2926/2839 1814/2927/2840
f 1814/2927/2840 1923/2926/2839 1922/2928/2841
f 1814/2927/2840 1922/2928/2841 1815/2929/2842
f 1815/2929/2842 1922/2928/2841 1921/2930/2843
f 1815/2929/2842 1921/2930/2843 1816/2931/2844
f 1816/2931/2844 1921/2930/2843 1920/2932/2845
f 1816/2931/2844 1920/2932/2845 1817/2933/2846
f 1817/2933/2846 1920/2932/2845 1919/2934/2847
f 1817/2933/2846 1919/2934/2847 1818/2935/2848
f 1818/2935/2848 1919/2934/2847 1918/2936/2849
f 1818/2935/2848 1918/2936/2849 1819/2887/2802
f 1819/2887/2802 1918/2936/2849 1917/2888/2803
f 1893/2937/2850 1939/2894/2807 1892/2938/2851
f 1892/2938/2851 1939/2894/2807 1916/2892/2805
f 1892/2939/2851 1916/2890/2805 1915/2940/2852
f 1915/2940/2852 1916/2890/2805 1917/2888/2803
f 1915/2940/2852 1917/2888/2803 1914/2941/2853
f 1914/2941/2853 1917/2888/2803 1918/2936/2849
f 1914/2941/2853 1918/2936/2849 1913/2942/2854
f 1913/2942/2854 1918/2936/2849 1919/2934/2847
f 1913/2942/2854 1919/2934/2847 1912/2943/2855
f 1912/2943/2855 1919/2934/2847 1920/2932/2845
f 1912/2943/2855 1920/2932/2845 1911/2944/2856
f 1911/2944/2856 1920/2932/2845 1921/2930/2843
f 1911/2944/2856 1921/2930/2843 1910/2945/2857
f 1910/2945/2857 1921/2930/2843 1922/2928/2841
f 1910/2945/2857 1922/2928/2841 1909/2946/2858
f 1909/2946/2858 1922/2928/2841 1923/2926/2839
f 1909/2946/2858 1923/2926/2839 1908/2947/2859
f 1908/2947/2859 1923/2926/2839 1924/2924/2837
f 1908/2947/2859 1924/2924/2837 1907/2948/2860
f 1907/2948/2860 1924/2924/2837 1925/2922/2835
f 1907/2948/2860 1925/2922/2835 1906/2949/2861
f 1906/2949/2861 1925/2922/2835 1926/2920/2833
f 1906/2949/2861 1926/2920/2833 1905/2950/2862
f 1905/2950/2862 1926/2920/2833 1927/2918/2831
f 1905/2950/2862 1927/2918/2831 1904/2951/2863
f 1904/2951/2863 1927/2918/2831 1928/2916/2829
f 1904/2951/2863 1928/2916/2829 1903/2952/2864
f 1903/2952/2864 1928/2916/2829 1929/2914/2827
f 1903/2952/2864 1929/2914/2827 1902/2953/2865
f 1902/2953/2865 1929/2914/2827 1930/2912/2825
f 1902/2953/2865 1930/2912/2825 1901/2954/2866
f 1901/2954/2866 1930/2912/2825 1931/2910/2823
f 1901/2954/2866 1931/2910/2823 1900/2955/2867
f 1900/2955/2867 1931/2910/2823 1932/2908/2821
f 1900/2955/2867 1932/2908/2821 1899/2956/2868
f 1899/2956/2868 1932/2908/2821 1933/2906/2819
f 1899/2956/2868 1933/2906/2819 1898/2957/2869
f 1898/2957/2869 1933/2906/2819 1934/2904/2817
f 1898/2957/2869 1934/2904/2817 1897/2958/2870
f 1897/2958/2870 1934/2904/2817 1935/2902/2815
f 1897/2958/2870 1935/2902/2815 1896/2959/2871
f 1896/2959/2871 1935/2902/2815 1936/2900/2813
f 1896/2959/2871 1936/2900/2813 1895/2960/2872
f 1895/2960/2872 1936/2900/2813 1937/2898/2811
f 1895/2960/2872 1937/2898/2811 1894/2961/2873
f 1894/2961/2873 1937/2898/2811 1938/2896/2809
f 1894/2961/2873 1938/2896/2809 1893/2937/2850
f 1893/2937/2850 1938/2896/2809 1939/2894/2807
f 1915/2962/2874 1905/2963/2875 1892/2964/2876
f 1892/2964/2876 1905/2963/2875 1904/2965/2877
f 1892/2964/2876 1904/2965/2877 1893/2966/2878
f 1893/2966/2878 1904/2965/2877 1903/2967/2879
f 1893/2966/2878 1903/2967/2879 1894/2968/2880
f 1894/2968/2880 1903/2967/2879 1902/2969/2881
f 1894/2968/2880 1902/2969/2881 1895/2970/2882
f 1895/2970/2882 1902/2969/2881 1901/2971/2883
f 1895/2970/2882 1901/2971/2883 1896/2972/2884
f 1896/2972/2884 1901/2971/2883 1900/2973/2885
f 1896/2972/2884 1900/2973/2885 1897/2974/2886
f 1897/2974/2886 1900/2973/2885 1899/2975/2887
f 1897/2974/2886 1899/2975/2887 1898/2976/2888
f 1905/2963/2875 1915/2962/2874 1906/2977/2889
f 1906/2977/2889 1915/2962/2874 1914/2978/2890
f 1906/2977/2889 1914/2978/2890 1907/2979/2891
f 1907/2979/2891 1914/2978/2890 1913/2980/2892
f 1907/2979/2891 1913/2980/2892 1908/2981/2893
f 1908/2981/2893 1913/2980/2892 1912/2982/2894
f 1908/2981/2893 1912/2982/2894 1909/2983/2895
f 1909/2983/2895 1912/2982/2894 1911/2984/2896
f 1909/2983/2895 1911/2984/2896 1910/2985/2897
g Body560

v -24.649999 -7.660000 -31.500000
v -24.649999 -5.660000 -29.500000
v -22.649999 -7.660000 -29.500000
v -24.649999 -5.660000 -27.500000
v -22.649999 -7.660000 -27.500000
v -24.649999 -156.500002 -31.500000
v -22.649999 -156.500002 -29.500000
v -24.649999 -158.500002 -29.500000
v -22.649999 -156.500002 -27.500000
v -24.649999 -158.500002 -27.500000
v -85.220001 -7.660000 -31.500000
v -87.220001 -7.660000 -29.500000
v -85.220001 -5.660000 -29.500000
v -87.220001 -7.660000 -27.500000
v -85.220001 -5.660000 -27.500000
v -34.744999 -7.660000 -31.500000
v -44.840000 -7.660000 -31.500000
v -54.935000 -7.660000 -31.500000
v -65.030000 -7.660000 -31.500000
v -75.125000 -7.660000 -31.500000
v -75.125000 -5.660000 -29.500000
v -65.030000 -5.660000 -29.500000
v -54.935000 -5.660000 -29.500000
v -44.840000 -5.660000 -29.500000
v -34.744999 -5.660000 -29.500000
v -85.220001 -156.500002 -31.500000
v -85.220001 -158.500002 -29.500000
v -87.220001 -156.500002 -29.500000
v -85.220001 -158.500002 -27.500000
v -87.220001 -156.500002 -27.500000
v -85.220001 -18.291428 -31.500000
v -85.220001 -28.922857 -31.500000
v -85.220001 -39.554286 -31.500000
v -85.220001 -50.185715 -31.500000
v -85.220001 -60.817143 -31.500000
v -85.220001 -71.448572 -31.500000
v -85.220001 -82.080001 -31.500000
v -85.220001 -92.711430 -31.500000
v -85.220001 -103.342858 -31.500000
v -85.220001 -113.974287 -31.500000
v -85.220001 -124.605716 -31.500000
v -85.220001 -135.237145 -31.500000
v -85.220001 -145.868573 -31.500000
v -87.220001 -145.868573 -29.500000
v -87.220001 -135.237145 -29.500000
v -87.220001 -124.605716 -29.500000
v -87.220001 -113.974287 -29.500000
v -87.220001 -103.342858 -29.500000
v -87.220001 -92.711430 -29.500000
v -87.220001 -82.080001 -29.500000
v -87.220001 -71.448572 -29.500000
v -87.220001 -60.817143 -29.500000
v -87.220001 -50.185715 -29.500000
v -87.220001 -39.554286 -29.500000
v -87.220001 -28.922857 -29.500000
v -87.220001 -18.291428 -29.500000
v -75.125000 -156.500002 -31.500000
v -65.030000 -156.500002 -31.500000
v -54.935000 -156.500002 -31.500000
v -44.840000 -156.500002 -31.500000
v -34.744999 -156.500002 -31.500000
v -34.744999 -158.500002 -29.500000
v -44.840000 -158.500002 -29.500000
v -54.935000 -158.500002 -29.500000
v -65.030000 -158.500002 -29.500000
v -75.125000 -158.500002 -29.500000
v -24.649999 -145.868573 -31.500000
v -24.649999 -135.237145 -31.500000
v -24.649999 -124.605716 -31.500000
v -24.649999 -113.974287 -31.500000
v -24.649999 -103.342858 -31.500000
v -24.649999 -92.711430 -31.500000
v -24.649999 -82.080001 -31.500000
v -24.649999 -71.448572 -31.500000
v -24.649999 -60.817143 -31.500000
v -24.649999 -50.185715 -31.500000
v -24.649999 -39.554286 -31.500000
v -24.649999 -28.922857 -31.500000
v -24.649999 -18.291428 -31.500000
v -22.649999 -18.291428 -29.500000
v -22.649999 -28.922857 -29.500000
v -22.649999 -39.554286 -29.500000
v -22.649999 -50.185715 -29.500000
v -22.649999 -60.817143 -29.500000
v -22.649999 -71.448572 -29.500000
v -22.649999 -82.080001 -29.500000
v -22.649999 -92.711430 -29.500000
v -22.649999 -103.342858 -29.500000
v -22.649999 -113.974287 -29.500000
v -22.649999 -124.605716 -29.500000
v -22.649999 -135.237145 -29.500000
v -22.649999 -145.868573 -29.500000
v -75.125000 -5.660000 -27.500000
v -65.030000 -5.660000 -27.500000
v -54.935000 -5.660000 -27.500000
v -44.840000 -5.660000 -27.500000
v -34.744999 -5.660000 -27.500000
v -87.220001 -145.868573 -27.500000
v -87.220001 -135.237145 -27.500000
v -87.220001 -124.605716 -27.500000
v -87.220001 -113.974287 -27.500000
v -87.220001 -103.342858 -27.500000
v -87.220001 -92.711430 -27.500000
v -87.220001 -82.080001 -27.500000
v -87.220001 -71.448572 -27.500000
v -87.220001 -60.817143 -27.500000
v -87.220001 -50.185715 -27.500000
v -87.220001 -39.554286 -27.500000
v -87.220001 -28.922857 -27.500000
v -87.220001 -18.291428 -27.500000
v -41.343277 -80.913710 -31.500000
v -41.343277 -69.716612 -31.500000
v -41.343277 -58.519514 -31.500000
v -41.343277 -47.322416 -31.500000
v -41.343277 -36.125318 -31.500000
v -41.343277 -24.928220 -31.500000
v -50.160885 -24.928220 -31.500000
v -58.978493 -24.928220 -31.500000
v -67.796100 -24.928220 -31.500000
v -76.613708 -24.928220 -31.500000
v -76.613708 -36.125318 -31.500000
v -76.613708 -47.322416 -31.500000
v -76.613708 -58.519514 -31.500000
v -76.613708 -69.716612 -31.500000
v -76.613708 -80.913710 -31.500000
v -67.796100 -80.913710 -31.500000
v -58.978493 -80.913710 -31.500000
v -50.160885 -80.913710 -31.500000
v -63.650265 -85.900001 -31.500000
v -63.490108 -87.116520 -31.500000
v -63.020549 -88.250134 -31.500000
v -62.273589 -89.223591 -31.500000
v -61.300132 -89.970551 -31.500000
v -60.166518 -90.440110 -31.500000
v -58.949999 -90.600267 -31.500000
v -57.733481 -90.440110 -31.500000
v -56.599866 -89.970551 -31.500000
v -55.626409 -89.223591 -31.500000
v -54.879450 -88.250134 -31.500000
v -54.409891 -87.116520 -31.500000
v -54.249733 -85.900001 -31.500000
v -54.409891 -84.683483 -31.500000
v -54.879450 -83.549868 -31.500000
v -55.626409 -82.576411 -31.500000
v -56.599866 -81.829452 -31.500000
v -57.733481 -81.359893 -31.500000
v -58.949999 -81.199735 -31.500000
v -60.166518 -81.359893 -31.500000
v -61.300132 -81.829452 -31.500000
v -62.273589 -82.576411 -31.500000
v -63.020549 -83.549868 -31.500000
v -63.490108 -84.683483 -31.500000
v -34.744999 -71.448572 -31.500000
v -34.744999 -82.080001 -31.500000
v -44.840000 -92.711430 -31.500000
v -44.840000 -82.080001 -31.500000
v -44.840000 -80.970515 -31.500000
v -54.935000 -82.080001 -31.500000
v -54.935000 -81.134511 -31.500000
v -34.744999 -60.817143 -31.500000
v -34.744999 -50.185715 -31.500000
v -34.744999 -39.554286 -31.500000
v -34.744999 -28.922857 -31.500000
v -75.125000 -18.291428 -31.500000
v -65.030000 -18.291428 -31.500000
v -54.935000 -18.291428 -31.500000
v -44.840000 -18.291428 -31.500000
v -34.744999 -18.291428 -31.500000
v -75.125000 -82.080001 -31.500000
v -65.030000 -82.080001 -31.500000
v -34.744999 -92.711430 -31.500000
v -54.935000 -92.711430 -31.500000
v -65.030000 -92.711430 -31.500000
v -65.030000 -103.342858 -31.500000
v -75.125000 -92.711430 -31.500000
v -34.744999 -103.342858 -31.500000
v -44.840000 -103.342858 -31.500000
v -54.935000 -103.342858 -31.500000
v -75.125000 -103.342858 -31.500000
v -34.744999 -113.974287 -31.500000
v -44.840000 -113.974287 -31.500000
v -54.935000 -113.974287 -31.500000
v -65.030000 -113.974287 -31.500000
v -75.125000 -113.974287 -31.500000
v -34.744999 -124.605716 -31.500000
v -44.840000 -124.605716 -31.500000
v -54.935000 -124.605716 -31.500000
v -65.030000 -124.605716 -31.500000
v -75.125000 -124.605716 -31.500000
v -34.744999 -135.237145 -31.500000
v -44.840000 -135.237145 -31.500000
v -54.935000 -135.237145 -31.500000
v -65.030000 -135.237145 -31.500000
v -75.125000 -135.237145 -31.500000
v -34.744999 -145.868573 -31.500000
v -44.840000 -145.868573 -31.500000
v -54.935000 -145.868573 -31.500000
v -65.030000 -145.868573 -31.500000
v -75.125000 -145.868573 -31.500000
v -75.125000 -158.500002 -27.500000
v -65.030000 -158.500002 -27.500000
v -54.935000 -158.500002 -27.500000
v -44.840000 -158.500002 -27.500000
v -34.744999 -158.500002 -27.500000
v -22.649999 -145.868573 -27.500000
v -22.649999 -135.237145 -27.500000
v -22.649999 -124.605716 -27.500000
v -22.649999 -113.974287 -27.500000
v -22.649999 -103.342858 -27.500000
v -22.649999 -92.711430 -27.500000
v -22.649999 -82.080001 -27.500000
v -22.649999 -71.448572 -27.500000
v -22.649999 -60.817143 -27.500000
v -22.649999 -50.185715 -27.500000
v -22.649999 -39.554286 -27.500000
v -22.649999 -28.922857 -27.500000
v -22.649999 -18.291428 -27.500000
v -82.220001 -8.660000 -27.500000
v -71.306000 -8.660000 -27.500000
v -60.392000 -8.660000 -27.500000
v -49.478000 -8.660000 -27.500000
v -38.563999 -8.660000 -27.500000
v -27.649999 -8.660000 -27.500000
v -27.649999 -19.955384 -27.500000
v -27.649999 -31.250769 -27.500000
v -27.649999 -42.546154 -27.500000
v -27.649999 -53.841539 -27.500000
v -27.649999 -65.136924 -27.500000
v -27.649999 -76.432309 -27.500000
v -27.649999 -87.727693 -27.500000
v -27.649999 -99.023078 -27.500000
v -27.649999 -110.318463 -27.500000
v -27.649999 -121.613848 -27.500000
v -27.649999 -132.909233 -27.500000
v -27.649999 -144.204617 -27.500000
v -27.649999 -155.500002 -27.500000
v -38.563999 -155.500002 -27.500000
v -49.478000 -155.500002 -27.500000
v -60.392000 -155.500002 -27.500000
v -71.306000 -155.500002 -27.500000
v -82.220001 -155.500002 -27.500000
v -82.220001 -144.204617 -27.500000
v -82.220001 -132.909233 -27.500000
v -82.220001 -121.613848 -27.500000
v -82.220001 -110.318463 -27.500000
v -82.220001 -99.023078 -27.500000
v -82.220001 -87.727693 -27.500000
v -82.220001 -76.432309 -27.500000
v -82.220001 -65.136924 -27.500000
v -82.220001 -53.841539 -27.500000
v -82.220001 -42.546154 -27.500000
v -82.220001 -31.250769 -27.500000
v -82.220001 -19.955384 -27.500000
v -44.387113 -77.869874 -31.240774
v -47.343277 -74.913710 -30.470563
v -50.126625 -72.130362 -29.211550
v -52.656986 -69.600001 -27.500000
v -52.656986 -58.480644 -27.500000
v -52.656986 -47.361286 -27.500000
v -52.656986 -36.241929 -27.500000
v -50.126625 -33.711567 -29.211550
v -47.343277 -30.928220 -30.470563
v -44.387113 -27.972056 -31.240774
v -45.386523 -69.716612 -31.040016
v -45.386523 -58.519514 -31.040016
v -45.386523 -47.322416 -31.040016
v -45.386523 -36.125318 -31.040016
v -49.223121 -69.716612 -29.683574
v -49.223121 -58.519514 -29.683574
v -49.223121 -47.322416 -29.683574
v -49.223121 -36.125318 -29.683574
v -73.569872 -77.869874 -31.240774
v -70.613708 -74.913710 -30.470563
v -67.830361 -72.130362 -29.211550
v -65.299999 -69.600001 -27.500000
v -58.978493 -69.600001 -27.500000
v -67.796100 -76.870464 -31.040016
v -58.978493 -76.870464 -31.040016
v -50.160885 -76.870464 -31.040016
v -67.796100 -73.033866 -29.683574
v -58.978493 -73.033866 -29.683574
v -50.160885 -73.033866 -29.683574
v -73.569872 -27.972056 -31.240774
v -70.613708 -30.928220 -30.470563
v -67.830361 -33.711567 -29.211550
v -65.299999 -36.241929 -27.500000
v -65.299999 -47.361286 -27.500000
v -65.299999 -58.480644 -27.500000
v -72.570462 -36.125318 -31.040016
v -72.570462 -47.322416 -31.040016
v -72.570462 -58.519514 -31.040016
v -72.570462 -69.716612 -31.040016
v -68.733864 -36.125318 -29.683574
v -68.733864 -47.322416 -29.683574
v -68.733864 -58.519514 -29.683574
v -68.733864 -69.716612 -29.683574
v -58.978493 -36.241929 -27.500000
v -67.796100 -32.808064 -29.683574
v -58.978493 -32.808064 -29.683574
v -50.160885 -32.808064 -29.683574
v -67.796100 -28.971466 -31.040016
v -58.978493 -28.971466 -31.040016
v -50.160885 -28.971466 -31.040016
v -50.656986 -71.600001 -25.500000
v -50.656986 -62.260483 -25.500000
v -50.656986 -52.920965 -25.500000
v -50.656986 -43.581447 -25.500000
v -50.656986 -34.241929 -25.500000
v -51.047167 -34.632110 -25.538429
v -51.422353 -35.007296 -25.652241
v -51.768126 -35.353069 -25.837061
v -52.071200 -35.656142 -26.085786
v -52.319925 -35.904868 -26.388860
v -52.504745 -36.089688 -26.734633
v -52.618557 -36.203499 -27.109819
v -52.647355 -36.232298 -27.303966
v -52.647355 -69.609632 -27.303966
v -52.618557 -69.638430 -27.109819
v -52.504745 -69.752242 -26.734633
v -52.319925 -69.937062 -26.388860
v -52.071200 -70.185787 -26.085786
v -51.768126 -70.488861 -25.837061
v -51.422353 -70.834634 -25.652241
v -51.047167 -71.209820 -25.538429
v -51.174624 -43.581447 -25.568148
v -51.174624 -52.920965 -25.568148
v -51.174624 -62.260483 -25.568148
v -51.656986 -43.581447 -25.767949
v -51.656986 -52.920965 -25.767949
v -51.656986 -62.260483 -25.767949
v -52.071200 -43.581447 -26.085786
v -52.071200 -52.920965 -26.085786
v -52.071200 -62.260483 -26.085786
v -52.389037 -43.581447 -26.500000
v -52.389037 -52.920965 -26.500000
v -52.389037 -62.260483 -26.500000
v -52.588838 -43.581447 -26.982362
v -52.588838 -52.920965 -26.982362
v -52.588838 -62.260483 -26.982362
v -65.309630 -69.609632 -27.303966
v -65.338429 -69.638430 -27.109819
v -65.452240 -69.752242 -26.734633
v -65.637060 -69.937062 -26.388860
v -65.885786 -70.185787 -26.085786
v -66.188859 -70.488861 -25.837061
v -66.534633 -70.834634 -25.652241
v -66.909819 -71.209820 -25.538429
v -67.299999 -71.600001 -25.500000
v -58.978493 -71.600001 -25.500000
v -58.978493 -69.668149 -26.982362
v -58.978493 -69.867950 -26.500000
v -58.978493 -70.185787 -26.085786
v -58.978493 -70.600001 -25.767949
v -58.978493 -71.082363 -25.568148
v -67.299999 -34.241929 -25.500000
v -67.299999 -43.581447 -25.500000
v -67.299999 -52.920965 -25.500000
v -67.299999 -62.260483 -25.500000
v -65.309630 -36.232298 -27.303966
v -65.338429 -36.203499 -27.109819
v -65.452240 -36.089688 -26.734633
v -65.637060 -35.904868 -26.388860
v -65.885786 -35.656142 -26.085786
v -66.188859 -35.353069 -25.837061
v -66.534633 -35.007296 -25.652241
v -66.909819 -34.632110 -25.538429
v -66.782361 -62.260483 -25.568148
v -66.782361 -52.920965 -25.568148
v -66.782361 -43.581447 -25.568148
v -66.299999 -62.260483 -25.767949
v -66.299999 -52.920965 -25.767949
v -66.299999 -43.581447 -25.767949
v -65.885786 -62.260483 -26.085786
v -65.885786 -52.920965 -26.085786
v -65.885786 -43.581447 -26.085786
v -65.567949 -62.260483 -26.500000
v -65.567949 -52.920965 -26.500000
v -65.567949 -43.581447 -26.500000
v -65.368148 -62.260483 -26.982362
v -65.368148 -52.920965 -26.982362
v -65.368148 -43.581447 -26.982362
v -58.978493 -34.241929 -25.500000
v -58.978493 -34.759567 -25.568148
v -58.978493 -35.241929 -25.767949
v -58.978493 -35.656142 -26.085786
v -58.978493 -35.973980 -26.500000
v -58.978493 -36.173781 -26.982362
v -29.649999 -155.500002 -25.500000
v -29.649999 -144.204617 -25.500000
v -29.649999 -132.909233 -25.500000
v -29.649999 -121.613848 -25.500000
v -29.649999 -110.318463 -25.500000
v -29.649999 -99.023078 -25.500000
v -29.649999 -87.727693 -25.500000
v -29.649999 -76.432309 -25.500000
v -29.649999 -65.136924 -25.500000
v -29.649999 -53.841539 -25.500000
v -29.649999 -42.546154 -25.500000
v -29.649999 -31.250769 -25.500000
v -29.649999 -19.955384 -25.500000
v -29.649999 -8.660000 -25.500000
v -39.763999 -8.660000 -25.500000
v -49.878000 -8.660000 -25.500000
v -59.992000 -8.660000 -25.500000
v -70.106000 -8.660000 -25.500000
v -80.220001 -8.660000 -25.500000
v -80.220001 -19.955384 -25.500000
v -80.220001 -31.250769 -25.500000
v -80.220001 -42.546154 -25.500000
v -80.220001 -53.841539 -25.500000
v -80.220001 -65.136924 -25.500000
v -80.220001 -76.432309 -25.500000
v -80.220001 -87.727693 -25.500000
v -80.220001 -99.023078 -25.500000
v -80.220001 -110.318463 -25.500000
v -80.220001 -121.613848 -25.500000
v -80.220001 -132.909233 -25.500000
v -80.220001 -144.204617 -25.500000
v -80.220001 -155.500002 -25.500000
v -70.106000 -155.500002 -25.500000
v -59.992000 -155.500002 -25.500000
v -49.878000 -155.500002 -25.500000
v -39.763999 -155.500002 -25.500000
v -63.650265 -85.900001 -25.500000
v -63.490108 -84.683483 -25.500000
v -63.020549 -83.549868 -25.500000
v -62.273589 -82.576411 -25.500000
v -61.300132 -81.829452 -25.500000
v -60.166518 -81.359893 -25.500000
v -58.949999 -81.199735 -25.500000
v -57.733481 -81.359893 -25.500000
v -56.599866 -81.829452 -25.500000
v -55.626409 -82.576411 -25.500000
v -54.879450 -83.549868 -25.500000
v -54.409891 -84.683483 -25.500000
v -54.249733 -85.900001 -25.500000
v -54.409891 -87.116520 -25.500000
v -54.879450 -88.250134 -25.500000
v -55.626409 -89.223591 -25.500000
v -56.599866 -89.970551 -25.500000
v -57.733481 -90.440110 -25.500000
v -58.949999 -90.600267 -25.500000
v -60.166518 -90.440110 -25.500000
v -61.300132 -89.970551 -25.500000
v -62.273589 -89.223591 -25.500000
v -63.020549 -88.250134 -25.500000
v -63.490108 -87.116520 -25.500000
v -39.763999 -144.204617 -25.500000
v -49.878000 -144.204617 -25.500000
v -59.992000 -144.204617 -25.500000
v -70.106000 -144.204617 -25.500000
v -39.763999 -132.909233 -25.500000
v -49.878000 -132.909233 -25.500000
v -59.992000 -132.909233 -25.500000
v -70.106000 -132.909233 -25.500000
v -39.763999 -121.613848 -25.500000
v -49.878000 -121.613848 -25.500000
v -59.992000 -121.613848 -25.500000
v -70.106000 -121.613848 -25.500000
v -39.763999 -110.318463 -25.500000
v -49.878000 -110.318463 -25.500000
v -59.992000 -110.318463 -25.500000
v -70.106000 -110.318463 -25.500000
v -39.763999 -99.023078 -25.500000
v -49.878000 -99.023078 -25.500000
v -59.992000 -99.023078 -25.500000
v -70.106000 -99.023078 -25.500000
v -39.763999 -87.727693 -25.500000
v -49.878000 -87.727693 -25.500000
v -70.106000 -87.727693 -25.500000
v -39.763999 -76.432309 -25.500000
v -49.878000 -76.432309 -25.500000
v -59.992000 -76.432309 -25.500000
v -70.106000 -76.432309 -25.500000
v -70.106000 -78.699246 -25.500000
v -59.992000 -80.966183 -25.500000
v -39.763999 -65.136924 -25.500000
v -49.878000 -65.136924 -25.500000
v -70.106000 -65.136924 -25.500000
v -39.763999 -53.841539 -25.500000
v -49.878000 -53.841539 -25.500000
v -39.763999 -42.546154 -25.500000
v -49.878000 -42.546154 -25.500000
v -39.763999 -32.690890 -25.500000
v -49.878000 -34.131010 -25.500000
v -39.763999 -19.955384 -25.500000
v -49.878000 -19.955384 -25.500000
v -59.992000 -19.955384 -25.500000
v -70.106000 -19.955384 -25.500000
v -70.106000 -31.250769 -25.500000
v -59.992000 -31.250769 -25.500000
v -49.878000 -31.250769 -25.500000
v -39.763999 -31.250769 -25.500000
v -70.106000 -42.546154 -25.500000
v -70.106000 -53.841539 -25.500000
v -27.049999 -8.660000 -23.500000
v -26.149999 -8.660000 -22.600000
v -26.149999 -19.955384 -22.600000
v -26.149999 -31.250769 -22.600000
v -26.149999 -42.546154 -22.600000
v -26.149999 -53.841539 -22.600000
v -26.149999 -65.136924 -22.600000
v -26.149999 -76.432309 -22.600000
v -26.149999 -87.727693 -22.600000
v -26.149999 -99.023078 -22.600000
v -26.149999 -110.318463 -22.600000
v -26.149999 -121.613848 -22.600000
v -26.149999 -132.909233 -22.600000
v -26.149999 -144.204617 -22.600000
v -26.149999 -155.500002 -22.600000
v -27.049999 -155.500002 -23.500000
v -27.049999 -144.204617 -23.500000
v -27.049999 -132.909233 -23.500000
v -27.049999 -121.613848 -23.500000
v -27.049999 -110.318463 -23.500000
v -27.049999 -99.023078 -23.500000
v -27.049999 -87.727693 -23.500000
v -27.049999 -76.432309 -23.500000
v -27.049999 -65.136924 -23.500000
v -27.049999 -53.841539 -23.500000
v -27.049999 -42.546154 -23.500000
v -27.049999 -31.250769 -23.500000
v -27.049999 -19.955384 -23.500000
v -26.149999 -8.660000 -22.400000
v -26.149999 -19.955384 -22.400000
v -26.149999 -31.250769 -22.400000
v -26.149999 -42.546154 -22.400000
v -26.149999 -53.841539 -22.400000
v -26.149999 -65.136924 -22.400000
v -26.149999 -76.432309 -22.400000
v -26.149999 -87.727693 -22.400000
v -26.149999 -99.023078 -22.400000
v -26.149999 -110.318463 -22.400000
v -26.149999 -121.613848 -22.400000
v -26.149999 -132.909233 -22.400000
v -26.149999 -144.204617 -22.400000
v -26.149999 -155.500002 -22.400000
v -27.649999 -8.660000 -23.500000
v -82.220001 -8.660000 -23.500000
v -82.820001 -8.660000 -23.500000
v -83.720001 -8.660000 -22.600000
v -83.720001 -8.660000 -22.400000
v -82.820001 -8.660000 -21.500000
v -80.220001 -8.660000 -21.500000
v -29.649999 -8.660000 -21.500000
v -27.049999 -8.660000 -21.500000
v -27.049999 -155.500002 -21.500000
v -27.049999 -19.955384 -21.500000
v -27.049999 -31.250769 -21.500000
v -27.049999 -42.546154 -21.500000
v -27.049999 -53.841539 -21.500000
v -27.049999 -65.136924 -21.500000
v -27.049999 -76.432309 -21.500000
v -27.049999 -87.727693 -21.500000
v -27.049999 -99.023078 -21.500000
v -27.049999 -110.318463 -21.500000
v -27.049999 -121.613848 -21.500000
v -27.049999 -132.909233 -21.500000
v -27.049999 -144.204617 -21.500000
v -29.649999 -19.955384 -21.500000
v -29.649999 -31.250769 -21.500000
v -29.649999 -42.546154 -21.500000
v -29.649999 -53.841539 -21.500000
v -29.649999 -65.136924 -21.500000
v -29.649999 -76.432309 -21.500000
v -29.649999 -87.727693 -21.500000
v -29.649999 -99.023078 -21.500000
v -29.649999 -110.318463 -21.500000
v -29.649999 -121.613848 -21.500000
v -29.649999 -132.909233 -21.500000
v -29.649999 -144.204617 -21.500000
v -29.649999 -155.500002 -21.500000
v -82.820001 -155.500002 -23.500000
v -83.720001 -155.500002 -22.600000
v -83.720001 -144.204617 -22.600000
v -83.720001 -132.909233 -22.600000
v -83.720001 -121.613848 -22.600000
v -83.720001 -110.318463 -22.600000
v -83.720001 -99.023078 -22.600000
v -83.720001 -87.727693 -22.600000
v -83.720001 -76.432309 -22.600000
v -83.720001 -65.136924 -22.600000
v -83.720001 -53.841539 -22.600000
v -83.720001 -42.546154 -22.600000
v -83.720001 -31.250769 -22.600000
v -83.720001 -19.955384 -22.600000
v -82.820001 -19.955384 -23.500000
v -82.820001 -31.250769 -23.500000
v -82.820001 -42.546154 -23.500000
v -82.820001 -53.841539 -23.500000
v -82.820001 -65.136924 -23.500000
v -82.820001 -76.432309 -23.500000
v -82.820001 -87.727693 -23.500000
v -82.820001 -99.023078 -23.500000
v -82.820001 -110.318463 -23.500000
v -82.820001 -121.613848 -23.500000
v -82.820001 -132.909233 -23.500000
v -82.820001 -144.204617 -23.500000
v -82.220001 -19.955384 -23.500000
v -82.220001 -31.250769 -23.500000
v -82.220001 -42.546154 -23.500000
v -82.220001 -53.841539 -23.500000
v -82.220001 -65.136924 -23.500000
v -82.220001 -76.432309 -23.500000
v -82.220001 -87.727693 -23.500000
v -82.220001 -99.023078 -23.500000
v -82.220001 -110.318463 -23.500000
v -82.220001 -121.613848 -23.500000
v -82.220001 -132.909233 -23.500000
v -82.220001 -144.204617 -23.500000
v -82.220001 -155.500002 -23.500000
v -83.720001 -19.955384 -22.400000
v -83.720001 -31.250769 -22.400000
v -83.720001 -42.546154 -22.400000
v -83.720001 -53.841539 -22.400000
v -83.720001 -65.136924 -22.400000
v -83.720001 -76.432309 -22.400000
v -83.720001 -87.727693 -22.400000
v -83.720001 -99.023078 -22.400000
v -83.720001 -110.318463 -22.400000
v -83.720001 -121.613848 -22.400000
v -83.720001 -132.909233 -22.400000
v -83.720001 -144.204617 -22.400000
v -83.720001 -155.500002 -22.400000
v -82.820001 -155.500002 -21.500000
v -82.820001 -144.204617 -21.500000
v -82.820001 -132.909233 -21.500000
v -82.820001 -121.613848 -21.500000
v -82.820001 -110.318463 -21.500000
v -82.820001 -99.023078 -21.500000
v -82.820001 -87.727693 -21.500000
v -82.820001 -76.432309 -21.500000
v -82.820001 -65.136924 -21.500000
v -82.820001 -53.841539 -21.500000
v -82.820001 -42.546154 -21.500000
v -82.820001 -31.250769 -21.500000
v -82.820001 -19.955384 -21.500000
v -80.220001 -155.500002 -21.500000
v -80.220001 -144.204617 -21.500000
v -80.220001 -132.909233 -21.500000
v -80.220001 -121.613848 -21.500000
v -80.220001 -110.318463 -21.500000
v -80.220001 -99.023078 -21.500000
v -80.220001 -87.727693 -21.500000
v -80.220001 -76.432309 -21.500000
v -80.220001 -65.136924 -21.500000
v -80.220001 -53.841539 -21.500000
v -80.220001 -42.546154 -21.500000
v -80.220001 -31.250769 -21.500000
v -80.220001 -19.955384 -21.500000
v -27.649999 -155.500002 -23.500000
v -27.649999 -144.204617 -23.500000
v -27.649999 -132.909233 -23.500000
v -27.649999 -121.613848 -23.500000
v -27.649999 -110.318463 -23.500000
v -27.649999 -99.023078 -23.500000
v -27.649999 -87.727693 -23.500000
v -27.649999 -76.432309 -23.500000
v -27.649999 -65.136924 -23.500000
v -27.649999 -53.841539 -23.500000
v -27.649999 -42.546154 -23.500000
v -27.649999 -31.250769 -23.500000
v -27.649999 -19.955384 -23.500000
vt 2.828427 0.000000 0.000000
vt 1.414214 2.449490 0.000000
vt 0.000000 0.000000 0.000000
vt 0.000000 -1.414214 0.000000
vt 2.000000 -1.414214 0.000000
vt 0.000000 1.414214 0.000000
vt 2.000000 1.414214 0.000000
vt 1.414214 2.449490 0.000000
vt -1.414214 2.449490 0.000000
vt 0.000000 0.000000 0.000000
vt -0.000000 -1.414214 0.000000
vt 2.000000 -1.414214 0.000000
vt 0.000000 1.414214 0.000000
vt 2.000000 1.414214 0.000000
vt -1.414214 -2.449490 0.000000
vt 1.414214 -2.449490 0.000000
vt 0.000000 0.000000 0.000000
vt 0.000000 1.414214 0.000000
vt -2.000000 1.414214 0.000000
vt 0.000000 -1.414214 0.000000
vt -2.000000 -1.414214 0.000000
vt -46.427501 -1.414214 0.000000
vt -36.332501 -1.414214 0.000000
vt -46.427501 1.414214 0.000000
vt -36.332501 1.414214 0.000000
vt -26.237501 -1.414214 0.000000
vt -26.237501 1.414214 0.000000
vt -16.142500 -1.414214 0.000000
vt -16.142500 1.414214 0.000000
vt -6.047500 -1.414214 0.000000
vt -6.047500 1.414214 0.000000
vt 4.047500 -1.414214 0.000000
vt 4.047500 1.414214 0.000000
vt 14.142500 -1.414214 0.000000
vt 14.142500 1.414214 0.000000
vt -2.828427 0.000000 0.000000
vt -1.414214 -2.449490 0.000000
vt 0.000000 0.000000 0.000000
vt 0.000000 1.414214 0.000000
vt -2.000000 1.414214 0.000000
vt 0.000000 -1.414214 0.000000
vt -2.000000 -1.414214 0.000000
vt 1.414214 112.630002 0.000000
vt -1.414214 112.630002 0.000000
vt 1.414214 101.998573 0.000000
vt -1.414214 101.998573 0.000000
vt 1.414214 91.367144 0.000000
vt -1.414214 91.367144 0.000000
vt 1.414214 80.735716 0.000000
vt -1.414214 80.735716 0.000000
vt 1.414214 70.104287 0.000000
vt -1.414214 70.104287 0.000000
vt 1.414214 59.472858 0.000000
vt -1.414214 59.472858 0.000000
vt 1.414214 48.841429 0.000000
vt -1.414214 48.841429 0.000000
vt 1.414214 38.210001 0.000000
vt -1.414214 38.210001 0.000000
vt 1.414214 27.578572 0.000000
vt -1.414214 27.578572 0.000000
vt 1.414214 16.947143 0.000000
vt -1.414214 16.947143 0.000000
vt 1.414214 6.315714 0.000000
vt -1.414214 6.315714 0.000000
vt 1.414214 -4.315714 0.000000
vt -1.414214 -4.315714 0.000000
vt 1.414214 -14.947143 0.000000
vt -1.414214 -14.947143 0.000000
vt 1.414214 -25.578572 0.000000
vt -1.414214 -25.578572 0.000000
vt 1.414214 -36.210001 0.000000
vt -1.414214 -36.210001 0.000000
vt 46.427501 1.414214 0.000000
vt 36.332501 1.414214 0.000000
vt 46.427501 -1.414214 0.000000
vt 36.332501 -1.414214 0.000000
vt 26.237501 1.414214 0.000000
vt 26.237501 -1.414214 0.000000
vt 16.142500 1.414214 0.000000
vt 16.142500 -1.414214 0.000000
vt 6.047500 1.414214 0.000000
vt 6.047500 -1.414214 0.000000
vt -4.047500 1.414214 0.000000
vt -4.047500 -1.414214 0.000000
vt -14.142500 1.414214 0.000000
vt -14.142500 -1.414214 0.000000
vt -1.414214 -112.630002 0.000000
vt 1.414214 -112.630002 0.000000
vt -1.414214 -101.998573 0.000000
vt 1.414214 -101.998573 0.000000
vt -1.414214 -91.367144 0.000000
vt 1.414214 -91.367144 0.000000
vt -1.414214 -80.735716 0.000000
vt 1.414214 -80.735716 0.000000
vt -1.414214 -70.104287 0.000000
vt 1.414214 -70.104287 0.000000
vt -1.414214 -59.472858 0.000000
vt 1.414214 -59.472858 0.000000
vt -1.414214 -48.841429 0.000000
vt 1.414214 -48.841429 0.000000
vt -1.414214 -38.210001 0.000000
vt 1.414214 -38.210001 0.000000
vt -1.414214 -27.578572 0.000000
vt 1.414214 -27.578572 0.000000
vt -1.414214 -16.947143 0.000000
vt 1.414214 -16.947143 0.000000
vt -1.414214 -6.315714 0.000000
vt 1.414214 -6.315714 0.000000
vt -1.414214 4.315714 0.000000
vt 1.414214 4.315714 0.000000
vt -1.414214 14.947143 0.000000
vt 1.414214 14.947143 0.000000
vt -1.414214 25.578572 0.000000
vt 1.414214 25.578572 0.000000
vt -1.414214 36.210001 0.000000
vt 1.414214 36.210001 0.000000
vt 62.570002 2.000000 0.000000
vt 52.475001 2.000000 0.000000
vt 62.570002 0.000000 0.000000
vt 52.475001 0.000000 0.000000
vt 42.380001 2.000000 0.000000
vt 42.380001 0.000000 0.000000
vt 32.285001 2.000000 0.000000
vt 32.285001 0.000000 0.000000
vt 22.190001 2.000000 0.000000
vt 22.190001 0.000000 0.000000
vt 12.095000 2.000000 0.000000
vt 12.095000 0.000000 0.000000
vt 2.000000 2.000000 0.000000
vt 2.000000 0.000000 0.000000
vt 150.840003 2.000000 0.000000
vt 140.208574 2.000000 0.000000
vt 150.840003 0.000000 0.000000
vt 140.208574 0.000000 0.000000
vt 129.577145 2.000000 0.000000
vt 129.577145 0.000000 0.000000
vt 118.945716 2.000000 0.000000
vt 118.945716 0.000000 0.000000
vt 108.314288 2.000000 0.000000
vt 108.314288 0.000000 0.000000
vt 97.682859 2.000000 0.000000
vt 97.682859 0.000000 0.000000
vt 87.051430 2.000000 0.000000
vt 87.051430 0.000000 0.000000
vt 76.420001 2.000000 0.000000
vt 76.420001 0.000000 0.000000
vt 65.788573 2.000000 0.000000
vt 65.788573 0.000000 0.000000
vt 55.157144 2.000000 0.000000
vt 55.157144 0.000000 0.000000
vt 44.525715 2.000000 0.000000
vt 44.525715 0.000000 0.000000
vt 33.894286 2.000000 0.000000
vt 33.894286 0.000000 0.000000
vt 23.262858 2.000000 0.000000
vt 23.262858 0.000000 0.000000
vt 12.631429 2.000000 0.000000
vt 12.631429 0.000000 0.000000
vt 2.000000 2.000000 0.000000
vt 2.000000 0.000000 0.000000
vt 13.591722 -12.363389 0.000000
vt 20.190001 -10.631429 0.000000
vt 13.591722 -1.166291 0.000000
vt 20.190001 0.000000 0.000000
vt 20.190001 10.631429 0.000000
vt 30.285001 0.000000 0.000000
vt 30.285001 10.631429 0.000000
vt 20.190001 -21.262858 0.000000
vt 13.591722 -23.560487 0.000000
vt 20.190001 -31.894286 0.000000
vt 13.591722 -34.757585 0.000000
vt 20.190001 -42.525715 0.000000
vt 13.591722 -45.954683 0.000000
vt 20.190001 -53.157144 0.000000
vt 13.591722 -57.151781 0.000000
vt 20.190001 -63.788573 0.000000
vt 10.095000 -63.788573 0.000000
vt 20.190001 -74.420001 0.000000
vt 10.095000 -74.420001 0.000000
vt 0.000000 -63.788573 0.000000
vt 0.000000 -74.420001 0.000000
vt -10.095000 -63.788573 0.000000
vt -10.095000 -74.420001 0.000000
vt -20.190001 -63.788573 0.000000
vt -20.190001 -74.420001 0.000000
vt -30.285001 -63.788573 0.000000
vt -30.285001 -74.420001 0.000000
vt 4.774115 -57.151781 0.000000
vt -4.043493 -57.151781 0.000000
vt -12.861101 -57.151781 0.000000
vt -21.678708 -57.151781 0.000000
vt -30.285001 -53.157144 0.000000
vt -21.678708 -45.954683 0.000000
vt -30.285001 -42.525715 0.000000
vt -21.678708 -34.757585 0.000000
vt -30.285001 -31.894286 0.000000
vt -21.678708 -23.560487 0.000000
vt -30.285001 -21.262858 0.000000
vt -21.678708 -12.363389 0.000000
vt -30.285001 -10.631429 0.000000
vt -21.678708 -1.166291 0.000000
vt -30.285001 0.000000 0.000000
vt -20.190001 0.000000 0.000000
vt -30.285001 10.631429 0.000000
vt -20.190001 10.631429 0.000000
vt -30.285001 21.262858 0.000000
vt -20.190001 21.262858 0.000000
vt -30.285001 31.894286 0.000000
vt -20.190001 31.894286 0.000000
vt -30.285001 42.525715 0.000000
vt -20.190001 42.525715 0.000000
vt -30.285001 53.157144 0.000000
vt -20.190001 53.157144 0.000000
vt -30.285001 63.788573 0.000000
vt -20.190001 63.788573 0.000000
vt -30.285001 74.420001 0.000000
vt -20.190001 74.420001 0.000000
vt -10.095000 63.788573 0.000000
vt -10.095000 74.420001 0.000000
vt 0.000000 63.788573 0.000000
vt 0.000000 74.420001 0.000000
vt 10.095000 63.788573 0.000000
vt 10.095000 74.420001 0.000000
vt 20.190001 63.788573 0.000000
vt 20.190001 74.420001 0.000000
vt 30.285001 63.788573 0.000000
vt 30.285001 74.420001 0.000000
vt -12.861101 -1.166291 0.000000
vt -4.043493 -1.166291 0.000000
vt -5.231518 -0.720108 0.000000
vt -6.365133 -0.250549 0.000000
vt -10.095000 0.000000 0.000000
vt -7.338590 0.496410 0.000000
vt -8.085549 1.469867 0.000000
vt 4.774115 -1.166291 0.000000
vt 0.000000 -0.945490 0.000000
vt -2.798481 -0.720108 0.000000
vt -4.015000 -0.880266 0.000000
vt 10.095000 -1.109486 0.000000
vt 10.095000 0.000000 0.000000
vt 10.095000 10.631429 0.000000
vt -8.555108 5.036519 0.000000
vt -8.715266 3.820000 0.000000
vt -8.555108 2.603482 0.000000
vt -8.085549 6.170133 0.000000
vt -10.095000 10.631429 0.000000
vt -7.338590 7.143590 0.000000
vt -6.365133 7.890550 0.000000
vt -5.231518 8.360109 0.000000
vt -4.015000 8.520266 0.000000
vt -10.095000 21.262858 0.000000
vt 0.000000 10.631429 0.000000
vt -2.798481 8.360109 0.000000
vt -1.664867 7.890550 0.000000
vt -0.691410 7.143590 0.000000
vt 0.055550 6.170133 0.000000
vt 0.525109 5.036519 0.000000
vt 0.685266 3.820000 0.000000
vt 0.525109 2.603482 0.000000
vt 0.055550 1.469867 0.000000
vt 0.000000 0.000000 0.000000
vt -0.691410 0.496410 0.000000
vt -1.664867 -0.250549 0.000000
vt 30.285001 -74.420001 0.000000
vt 30.285001 -63.788573 0.000000
vt 30.285001 -53.157144 0.000000
vt 30.285001 -42.525715 0.000000
vt 30.285001 -31.894286 0.000000
vt 30.285001 -21.262858 0.000000
vt 30.285001 -10.631429 0.000000
vt 20.190001 21.262858 0.000000
vt 30.285001 21.262858 0.000000
vt 20.190001 31.894286 0.000000
vt 30.285001 31.894286 0.000000
vt 20.190001 42.525715 0.000000
vt 30.285001 42.525715 0.000000
vt 20.190001 53.157144 0.000000
vt 30.285001 53.157144 0.000000
vt 10.095000 21.262858 0.000000
vt 10.095000 31.894286 0.000000
vt 10.095000 42.525715 0.000000
vt 10.095000 53.157144 0.000000
vt 0.000000 21.262858 0.000000
vt 0.000000 31.894286 0.000000
vt 0.000000 42.525715 0.000000
vt 0.000000 53.157144 0.000000
vt -10.095000 31.894286 0.000000
vt -10.095000 42.525715 0.000000
vt -10.095000 53.157144 0.000000
vt -32.285001 -63.788573 0.000000
vt -32.285001 -74.420001 0.000000
vt -27.285001 -73.420001 0.000000
vt -30.285001 -76.420001 0.000000
vt -20.190001 -76.420001 0.000000
vt -16.371000 -73.420001 0.000000
vt -10.095000 -76.420001 0.000000
vt -5.457000 -73.420001 0.000000
vt -0.000000 -76.420001 0.000000
vt 5.457000 -73.420001 0.000000
vt 10.095000 -76.420001 0.000000
vt 16.371000 -73.420001 0.000000
vt 20.190001 -76.420001 0.000000
vt 27.285001 -73.420001 0.000000
vt 30.285001 -76.420001 0.000000
vt 32.285001 -74.420001 0.000000
vt 32.285001 -63.788573 0.000000
vt 27.285001 -62.124616 0.000000
vt 32.285001 -53.157144 0.000000
vt 27.285001 -50.829232 0.000000
vt 32.285001 -42.525715 0.000000
vt 27.285001 -39.533847 0.000000
vt 32.285001 -31.894286 0.000000
vt 27.285001 -28.238462 0.000000
vt 32.285001 -21.262858 0.000000
vt 27.285001 -16.943077 0.000000
vt 32.285001 -10.631429 0.000000
vt 27.285001 -5.647692 0.000000
vt 32.285001 0.000000 0.000000
vt 27.285001 5.647692 0.000000
vt 32.285001 10.631429 0.000000
vt 27.285001 16.943077 0.000000
vt 32.285001 21.262858 0.000000
vt 27.285001 28.238462 0.000000
vt 32.285001 31.894286 0.000000
vt 27.285001 39.533847 0.000000
vt 32.285001 42.525715 0.000000
vt 27.285001 50.829232 0.000000
vt 32.285001 53.157144 0.000000
vt 27.285001 62.124616 0.000000
vt 32.285001 63.788573 0.000000
vt 27.285001 73.420001 0.000000
vt 32.285001 74.420001 0.000000
vt 30.285001 76.420001 0.000000
vt 20.190001 76.420001 0.000000
vt 16.371000 73.420001 0.000000
vt 10.095000 76.420001 0.000000
vt 5.457000 73.420001 0.000000
vt -0.000000 76.420001 0.000000
vt -5.457000 73.420001 0.000000
vt -10.095000 76.420001 0.000000
vt -16.371000 73.420001 0.000000
vt -20.190001 76.420001 0.000000
vt -27.285001 73.420001 0.000000
vt -30.285001 76.420001 0.000000
vt -32.285001 74.420001 0.000000
vt -32.285001 63.788573 0.000000
vt -27.285001 62.124616 0.000000
vt -32.285001 53.157144 0.000000
vt -27.285001 50.829232 0.000000
vt -32.285001 42.525715 0.000000
vt -27.285001 39.533847 0.000000
vt -32.285001 31.894286 0.000000
vt -27.285001 28.238462 0.000000
vt -32.285001 21.262858 0.000000
vt -27.285001 16.943077 0.000000
vt -32.285001 10.631429 0.000000
vt -27.285001 5.647692 0.000000
vt -32.285001 0.000000 0.000000
vt -27.285001 -5.647692 0.000000
vt -32.285001 -10.631429 0.000000
vt -27.285001 -16.943077 0.000000
vt -32.285001 -21.262858 0.000000
vt -27.285001 -28.238462 0.000000
vt -32.285001 -31.894286 0.000000
vt -27.285001 -39.533847 0.000000
vt -32.285001 -42.525715 0.000000
vt -27.285001 -50.829232 0.000000
vt -32.285001 -53.157144 0.000000
vt -27.285001 -62.124616 0.000000
vt 50.911781 12.234129 0.000000
vt 39.714683 12.234129 0.000000
vt 47.867945 9.175597 0.000000
vt 39.714683 8.156086 0.000000
vt 44.911781 6.117064 0.000000
vt 39.714683 4.078043 0.000000
vt 42.128433 3.058532 0.000000
vt 28.517585 4.078043 0.000000
vt 28.478715 0.000000 0.000000
vt 17.320487 4.078043 0.000000
vt 17.359357 0.000000 0.000000
vt 6.240000 0.000000 0.000000
vt 6.123389 4.078043 0.000000
vt 3.709639 3.058532 0.000000
vt 0.926291 6.117064 0.000000
vt 6.123389 8.156086 0.000000
vt -2.029873 9.175597 0.000000
vt 6.123389 12.234129 0.000000
vt -5.073709 12.234129 0.000000
vt 28.517585 12.234129 0.000000
vt 28.517585 8.156086 0.000000
vt 17.320487 12.234129 0.000000
vt 17.320487 8.156086 0.000000
vt 39.598072 0.000000 0.000000
vt 18.774222 12.234129 0.000000
vt 9.956615 12.234129 0.000000
vt 15.730387 9.175597 0.000000
vt 9.956615 8.156086 0.000000
vt 12.774222 6.117064 0.000000
vt 9.956615 4.078043 0.000000
vt 9.990875 3.058532 0.000000
vt 1.139007 4.078043 0.000000
vt 1.139007 0.000000 0.000000
vt -7.712861 3.058532 0.000000
vt -5.182500 0.000000 0.000000
vt 1.139007 12.234129 0.000000
vt 1.139007 8.156086 0.000000
vt -7.678601 12.234129 0.000000
vt -7.678601 8.156086 0.000000
vt -7.678601 4.078043 0.000000
vt -10.496208 6.117064 0.000000
vt -13.452373 9.175597 0.000000
vt -16.496208 12.234129 0.000000
vt 7.460514 0.000000 0.000000
vt 21.752745 12.234129 0.000000
vt 10.555647 12.234129 0.000000
vt 18.708909 9.175597 0.000000
vt 10.555647 8.156086 0.000000
vt 15.752745 6.117064 0.000000
vt 10.555647 4.078043 0.000000
vt 12.969398 3.058532 0.000000
vt -0.641451 4.078043 0.000000
vt -0.680321 -0.000000 0.000000
vt -11.838549 4.078043 0.000000
vt -11.799679 -0.000000 0.000000
vt -22.919036 -0.000000 0.000000
vt -23.035647 4.078043 0.000000
vt -25.449397 3.058532 0.000000
vt -28.232745 6.117064 0.000000
vt -23.035647 8.156086 0.000000
vt -31.188909 9.175597 0.000000
vt -23.035647 12.234129 0.000000
vt -34.232745 12.234129 0.000000
vt -0.641451 12.234129 0.000000
vt -0.641451 8.156086 0.000000
vt -11.838549 12.234129 0.000000
vt -11.838549 8.156086 0.000000
vt 10.439036 -0.000000 0.000000
vt -1.139007 0.000000 0.000000
vt 5.182500 0.000000 0.000000
vt -3.669368 3.058532 0.000000
vt 5.182500 4.078043 0.000000
vt -3.635108 4.078043 0.000000
vt -3.635108 8.156086 0.000000
vt -6.452715 6.117064 0.000000
vt -9.408880 9.175597 0.000000
vt -3.635108 12.234129 0.000000
vt -12.452715 12.234129 0.000000
vt 11.504007 0.000000 0.000000
vt 14.034368 3.058532 0.000000
vt 14.000107 4.078043 0.000000
vt 16.817715 6.117064 0.000000
vt 14.000107 8.156086 0.000000
vt 19.773879 9.175597 0.000000
vt 14.000107 12.234129 0.000000
vt 22.817715 12.234129 0.000000
vt 5.182500 12.234129 0.000000
vt 5.182500 8.156086 0.000000
vt 2.000000 0.000000 0.000000
vt 12.095000 0.000000 0.000000
vt 2.000000 2.000000 0.000000
vt 12.095000 2.000000 0.000000
vt 22.190001 0.000000 0.000000
vt 22.190001 2.000000 0.000000
vt 32.285001 0.000000 0.000000
vt 32.285001 2.000000 0.000000
vt 42.380001 0.000000 0.000000
vt 42.380001 2.000000 0.000000
vt 52.475001 0.000000 0.000000
vt 52.475001 2.000000 0.000000
vt 62.570002 0.000000 0.000000
vt 62.570002 2.000000 0.000000
vt 2.000000 0.000000 0.000000
vt 12.631429 0.000000 0.000000
vt 2.000000 2.000000 0.000000
vt 12.631429 2.000000 0.000000
vt 23.262858 0.000000 0.000000
vt 23.262858 2.000000 0.000000
vt 33.894286 0.000000 0.000000
vt 33.894286 2.000000 0.000000
vt 44.525715 0.000000 0.000000
vt 44.525715 2.000000 0.000000
vt 55.157144 0.000000 0.000000
vt 55.157144 2.000000 0.000000
vt 65.788573 0.000000 0.000000
vt 65.788573 2.000000 0.000000
vt 76.420001 0.000000 0.000000
vt 76.420001 2.000000 0.000000
vt 87.051430 0.000000 0.000000
vt 87.051430 2.000000 0.000000
vt 97.682859 0.000000 0.000000
vt 97.682859 2.000000 0.000000
vt 108.314288 0.000000 0.000000
vt 108.314288 2.000000 0.000000
vt 118.945716 0.000000 0.000000
vt 118.945716 2.000000 0.000000
vt 129.577145 0.000000 0.000000
vt 129.577145 2.000000 0.000000
vt 140.208574 0.000000 0.000000
vt 140.208574 2.000000 0.000000
vt 150.840003 0.000000 0.000000
vt 150.840003 2.000000 0.000000
vt 4.240000 -1.570796 0.000000
vt 13.579518 -1.570796 0.000000
vt 4.630181 -1.178097 0.000000
vt 13.579518 -1.047198 0.000000
vt 5.005367 -0.785398 0.000000
vt 13.579518 -0.523599 0.000000
vt 5.351140 -0.392699 0.000000
vt 13.579518 -0.000000 0.000000
vt 5.654214 -0.000000 0.000000
vt 5.902939 0.392699 0.000000
vt 13.579518 0.523599 0.000000
vt 6.087759 0.785398 0.000000
vt 13.579518 1.047198 0.000000
vt 6.201571 1.178097 0.000000
vt 6.230369 1.374447 0.000000
vt 17.359357 1.570796 0.000000
vt 6.240000 1.570796 0.000000
vt 22.919036 -1.570796 0.000000
vt 22.919036 -1.047198 0.000000
vt 22.919036 -0.523599 0.000000
vt 22.919036 -0.000000 0.000000
vt 22.919036 0.523599 0.000000
vt 22.919036 1.047198 0.000000
vt 28.478715 1.570796 0.000000
vt 32.258554 1.047198 0.000000
vt 39.607703 1.374447 0.000000
vt 39.636502 1.178097 0.000000
vt 39.750313 0.785398 0.000000
vt 32.258554 0.523599 0.000000
vt 39.935133 0.392699 0.000000
vt 32.258554 -0.000000 0.000000
vt 40.183859 -0.000000 0.000000
vt 40.486932 -0.392699 0.000000
vt 32.258554 -0.523599 0.000000
vt 40.832705 -0.785398 0.000000
vt 32.258554 -1.047198 0.000000
vt 41.207891 -1.178097 0.000000
vt 32.258554 -1.570796 0.000000
vt 41.598072 -1.570796 0.000000
vt 39.598072 1.570796 0.000000
vt 7.460514 1.570796 0.000000
vt 1.139007 1.570796 0.000000
vt 7.470144 1.374447 0.000000
vt 1.139007 1.047198 0.000000
vt 7.498943 1.178097 0.000000
vt 7.612755 0.785398 0.000000
vt 1.139007 0.523599 0.000000
vt 7.797574 0.392699 0.000000
vt 1.139007 -0.000000 0.000000
vt 8.046300 -0.000000 0.000000
vt 8.349373 -0.392699 0.000000
vt 1.139007 -0.523599 0.000000
vt 8.695147 -0.785398 0.000000
vt 1.139007 -1.047198 0.000000
vt 9.070333 -1.178097 0.000000
vt 1.139007 -1.570796 0.000000
vt 9.460514 -1.570796 0.000000
vt -5.182500 1.570796 0.000000
vt -5.192130 1.374447 0.000000
vt -5.220929 1.178097 0.000000
vt -5.334741 0.785398 0.000000
vt -5.519561 0.392699 0.000000
vt -5.768286 -0.000000 0.000000
vt -6.071359 -0.392699 0.000000
vt -6.417133 -0.785398 0.000000
vt -6.792319 -1.178097 0.000000
vt -7.182500 -1.570796 0.000000
vt -24.919036 -1.570796 0.000000
vt -15.579518 -1.570796 0.000000
vt -24.528855 -1.178097 0.000000
vt -15.579518 -1.047198 0.000000
vt -24.153669 -0.785398 0.000000
vt -15.579518 -0.523599 0.000000
vt -23.807896 -0.392699 0.000000
vt -15.579518 -0.000000 0.000000
vt -23.504822 -0.000000 0.000000
vt -23.256097 0.392699 0.000000
vt -15.579518 0.523599 0.000000
vt -23.071277 0.785398 0.000000
vt -15.579518 1.047198 0.000000
vt -22.957465 1.178097 0.000000
vt -22.928667 1.374447 0.000000
vt -11.799679 1.570796 0.000000
vt -22.919036 1.570796 0.000000
vt -6.240000 -1.570796 0.000000
vt -6.240000 -1.047198 0.000000
vt -6.240000 -0.523599 0.000000
vt -6.240000 -0.000000 0.000000
vt -6.240000 0.523599 0.000000
vt -6.240000 1.047198 0.000000
vt -0.680321 1.570796 0.000000
vt 3.099518 1.047198 0.000000
vt 10.448667 1.374447 0.000000
vt 10.477466 1.178097 0.000000
vt 10.591277 0.785398 0.000000
vt 3.099518 0.523599 0.000000
vt 10.776097 0.392699 0.000000
vt 3.099518 -0.000000 0.000000
vt 11.024823 -0.000000 0.000000
vt 11.327896 -0.392699 0.000000
vt 3.099518 -0.523599 0.000000
vt 11.673669 -0.785398 0.000000
vt 3.099518 -1.047198 0.000000
vt 12.048855 -1.178097 0.000000
vt 3.099518 -1.570796 0.000000
vt 12.439036 -1.570796 0.000000
vt 10.439036 1.570796 0.000000
vt -3.139007 -1.570796 0.000000
vt 5.182500 -1.570796 0.000000
vt -2.748826 -1.178097 0.000000
vt 5.182500 -1.047198 0.000000
vt -2.373640 -0.785398 0.000000
vt 5.182500 -0.523599 0.000000
vt -2.027866 -0.392699 0.000000
vt 5.182500 -0.000000 0.000000
vt -1.724793 -0.000000 0.000000
vt -1.476068 0.392699 0.000000
vt 5.182500 0.523599 0.000000
vt -1.291248 0.785398 0.000000
vt 5.182500 1.047198 0.000000
vt -1.177436 1.178097 0.000000
vt -1.148637 1.374447 0.000000
vt 5.182500 1.570796 0.000000
vt -1.139007 1.570796 0.000000
vt 13.504007 -1.570796 0.000000
vt 13.113826 -1.178097 0.000000
vt 12.738640 -0.785398 0.000000
vt 12.392866 -0.392699 0.000000
vt 12.089793 -0.000000 0.000000
vt 11.841067 0.392699 0.000000
vt 11.656248 0.785398 0.000000
vt 11.542436 1.178097 0.000000
vt 11.513637 1.374447 0.000000
vt 11.504007 1.570796 0.000000
vt -15.171000 73.420001 0.000000
vt -25.285001 73.420001 0.000000
vt -15.171000 62.124616 0.000000
vt -25.285001 62.124616 0.000000
vt -15.171000 50.829232 0.000000
vt -25.285001 50.829232 0.000000
vt -15.171000 39.533847 0.000000
vt -25.285001 39.533847 0.000000
vt -15.171000 28.238462 0.000000
vt -25.285001 28.238462 0.000000
vt -15.171000 16.943077 0.000000
vt -25.285001 16.943077 0.000000
vt -15.171000 5.647692 0.000000
vt -25.285001 5.647692 0.000000
vt -15.171000 -5.647692 0.000000
vt -25.285001 -5.647692 0.000000
vt -15.171000 -16.943077 0.000000
vt -25.285001 -16.943077 0.000000
vt -15.171000 -28.238462 0.000000
vt -25.285001 -28.238462 0.000000
vt -15.171000 -39.533847 0.000000
vt -25.285001 -39.533847 0.000000
vt -15.171000 -49.389111 0.000000
vt -25.285001 -50.829232 0.000000
vt -15.171000 -50.829232 0.000000
vt -15.171000 -62.124616 0.000000
vt -5.057000 -62.124616 0.000000
vt -5.057000 -73.420001 0.000000
vt 5.057000 -73.420001 0.000000
vt -25.285001 -62.124616 0.000000
vt -15.171000 -73.420001 0.000000
vt -25.285001 -73.420001 0.000000
vt 5.057000 -62.124616 0.000000
vt 15.171000 -73.420001 0.000000
vt 15.171000 -62.124616 0.000000
vt 25.285001 -73.420001 0.000000
vt 25.285001 -62.124616 0.000000
vt 15.171000 -50.829232 0.000000
vt 25.285001 -50.829232 0.000000
vt 15.171000 -39.533847 0.000000
vt 25.285001 -39.533847 0.000000
vt 15.171000 -28.238462 0.000000
vt 25.285001 -28.238462 0.000000
vt 15.171000 -16.943077 0.000000
vt 25.285001 -16.943077 0.000000
vt 12.365000 -10.480000 0.000000
vt 15.171000 -5.647692 0.000000
vt 5.057000 -5.647692 0.000000
vt 15.171000 -3.380755 0.000000
vt 7.338590 0.496410 0.000000
vt 8.085549 1.469867 0.000000
vt 8.555108 2.603482 0.000000
vt 15.171000 5.647692 0.000000
vt 8.715266 3.820000 0.000000
vt 8.555108 5.036519 0.000000
vt 8.085549 6.170133 0.000000
vt 7.338590 7.143590 0.000000
vt 15.171000 16.943077 0.000000
vt 6.365133 7.890550 0.000000
vt 5.057000 16.943077 0.000000
vt 5.231518 8.360109 0.000000
vt 4.015000 8.520266 0.000000
vt 2.798481 8.360109 0.000000
vt 1.664867 7.890550 0.000000
vt -5.057000 16.943077 0.000000
vt 0.691410 7.143590 0.000000
vt -5.057000 5.647692 0.000000
vt -0.055550 6.170133 0.000000
vt -0.525109 5.036519 0.000000
vt -0.685266 3.820000 0.000000
vt -0.525109 2.603482 0.000000
vt -5.057000 -5.647692 0.000000
vt -0.055550 1.469867 0.000000
vt 0.691410 0.496410 0.000000
vt 1.664867 -0.250549 0.000000
vt 2.798481 -0.720108 0.000000
vt 4.015000 -0.880266 0.000000
vt 5.057000 -1.113818 0.000000
vt 5.231518 -0.720108 0.000000
vt 6.365133 -0.250549 0.000000
vt 25.285001 -5.647692 0.000000
vt 25.285001 5.647692 0.000000
vt 25.285001 16.943077 0.000000
vt 15.171000 28.238462 0.000000
vt 25.285001 28.238462 0.000000
vt 15.171000 39.533847 0.000000
vt 25.285001 39.533847 0.000000
vt 15.171000 50.829232 0.000000
vt 25.285001 50.829232 0.000000
vt 15.171000 62.124616 0.000000
vt 25.285001 62.124616 0.000000
vt 15.171000 73.420001 0.000000
vt 25.285001 73.420001 0.000000
vt 5.057000 73.420001 0.000000
vt 5.057000 62.124616 0.000000
vt 5.057000 50.829232 0.000000
vt 5.057000 39.533847 0.000000
vt 5.057000 28.238462 0.000000
vt -5.057000 73.420001 0.000000
vt -5.057000 62.124616 0.000000
vt -5.057000 50.829232 0.000000
vt -5.057000 39.533847 0.000000
vt -5.057000 28.238462 0.000000
vt -4.278014 -10.480000 0.000000
vt -5.057000 -16.943077 0.000000
vt -4.278014 -19.819518 0.000000
vt -4.278014 -38.498554 0.000000
vt -5.057000 -39.533847 0.000000
vt -4.278014 -47.838072 0.000000
vt -5.057000 -47.948991 0.000000
vt -5.057000 -50.829232 0.000000
vt -4.278014 -29.159036 0.000000
vt -5.057000 -28.238462 0.000000
vt 4.043493 -10.480000 0.000000
vt 12.365000 -19.819518 0.000000
vt 12.365000 -29.159036 0.000000
vt 12.365000 -38.498554 0.000000
vt 12.365000 -47.838072 0.000000
vt 5.057000 -50.829232 0.000000
vt 4.043493 -47.838072 0.000000
vt 0.636396 110.130002 0.000000
vt -0.636396 110.130002 0.000000
vt 0.636396 98.834617 0.000000
vt -0.636396 98.834617 0.000000
vt 0.636396 87.539232 0.000000
vt -0.636396 87.539232 0.000000
vt 0.636396 76.243847 0.000000
vt -0.636396 76.243847 0.000000
vt 0.636396 64.948463 0.000000
vt -0.636396 64.948463 0.000000
vt 0.636396 53.653078 0.000000
vt -0.636396 53.653078 0.000000
vt 0.636396 42.357693 0.000000
vt -0.636396 42.357693 0.000000
vt 0.636396 31.062308 0.000000
vt -0.636396 31.062308 0.000000
vt 0.636396 19.766923 0.000000
vt -0.636396 19.766923 0.000000
vt 0.636396 8.471539 0.000000
vt -0.636396 8.471539 0.000000
vt 0.636396 -2.823846 0.000000
vt -0.636396 -2.823846 0.000000
vt 0.636396 -14.119231 0.000000
vt -0.636396 -14.119231 0.000000
vt 0.636396 -25.414616 0.000000
vt -0.636396 -25.414616 0.000000
vt 0.636396 -36.710001 0.000000
vt -0.636396 -36.710001 0.000000
vt 0.100000 -73.420001 0.000000
vt 0.100000 -62.124616 0.000000
vt -0.100000 -73.420001 0.000000
vt -0.100000 -62.124616 0.000000
vt 0.100000 -50.829232 0.000000
vt -0.100000 -50.829232 0.000000
vt 0.100000 -39.533847 0.000000
vt -0.100000 -39.533847 0.000000
vt 0.100000 -28.238462 0.000000
vt -0.100000 -28.238462 0.000000
vt 0.100000 -16.943077 0.000000
vt -0.100000 -16.943077 0.000000
vt 0.100000 -5.647692 0.000000
vt -0.100000 -5.647692 0.000000
vt 0.100000 5.647692 0.000000
vt -0.100000 5.647692 0.000000
vt 0.100000 16.943077 0.000000
vt -0.100000 16.943077 0.000000
vt 0.100000 28.238462 0.000000
vt -0.100000 28.238462 0.000000
vt 0.100000 39.533847 0.000000
vt -0.100000 39.533847 0.000000
vt 0.100000 50.829232 0.000000
vt -0.100000 50.829232 0.000000
vt 0.100000 62.124616 0.000000
vt -0.100000 62.124616 0.000000
vt 0.100000 73.420001 0.000000
vt -0.100000 73.420001 0.000000
vt -0.600000 4.000000 0.000000
vt 0.000000 4.000000 0.000000
vt -1.500000 4.900000 0.000000
vt -1.500000 5.100000 0.000000
vt -0.600000 6.000000 0.000000
vt 2.000000 6.000000 0.000000
vt 2.000000 2.000000 0.000000
vt 0.000000 0.000000 0.000000
vt 10.914000 0.000000 0.000000
vt 12.114000 2.000000 0.000000
vt 21.828001 0.000000 0.000000
vt 22.228001 2.000000 0.000000
vt 32.742001 0.000000 0.000000
vt 32.342001 2.000000 0.000000
vt 42.456001 2.000000 0.000000
vt 43.656001 0.000000 0.000000
vt 52.570002 2.000000 0.000000
vt 54.570002 0.000000 0.000000
vt 54.570002 4.000000 0.000000
vt 55.170002 4.000000 0.000000
vt 56.070002 4.900000 0.000000
vt 56.070002 5.100000 0.000000
vt 55.170002 6.000000 0.000000
vt 52.570002 6.000000 0.000000
vt -0.636396 -73.420001 0.000000
vt 0.636396 -73.420001 0.000000
vt -0.636396 -62.124616 0.000000
vt 0.636396 -62.124616 0.000000
vt -0.636396 -50.829232 0.000000
vt 0.636396 -50.829232 0.000000
vt -0.636396 -39.533847 0.000000
vt 0.636396 -39.533847 0.000000
vt -0.636396 -28.238462 0.000000
vt 0.636396 -28.238462 0.000000
vt -0.636396 -16.943077 0.000000
vt 0.636396 -16.943077 0.000000
vt -0.636396 -5.647692 0.000000
vt 0.636396 -5.647692 0.000000
vt -0.636396 5.647692 0.000000
vt 0.636396 5.647692 0.000000
vt -0.636396 16.943077 0.000000
vt 0.636396 16.943077 0.000000
vt -0.636396 28.238462 0.000000
vt 0.636396 28.238462 0.000000
vt -0.636396 39.533847 0.000000
vt 0.636396 39.533847 0.000000
vt -0.636396 50.829232 0.000000
vt 0.636396 50.829232 0.000000
vt -0.636396 62.124616 0.000000
vt 0.636396 62.124616 0.000000
vt -0.636396 73.420001 0.000000
vt 0.636396 73.420001 0.000000
vt -1.000000 -73.420001 0.000000
vt 1.600000 -73.420001 0.000000
vt -1.000000 -62.124616 0.000000
vt 1.600000 -62.124616 0.000000
vt -1.000000 -50.829232 0.000000
vt 1.600000 -50.829232 0.000000
vt -1.000000 -39.533847 0.000000
vt 1.600000 -39.533847 0.000000
vt -1.000000 -28.238462 0.000000
vt 1.600000 -28.238462 0.000000
vt -1.000000 -16.943077 0.000000
vt 1.600000 -16.943077 0.000000
vt -1.000000 -5.647692 0.000000
vt 1.600000 -5.647692 0.000000
vt -1.000000 5.647692 0.000000
vt 1.600000 5.647692 0.000000
vt -1.000000 16.943077 0.000000
vt 1.600000 16.943077 0.000000
vt -1.000000 28.238462 0.000000
vt 1.600000 28.238462 0.000000
vt -1.000000 39.533847 0.000000
vt 1.600000 39.533847 0.000000
vt -1.000000 50.829232 0.000000
vt 1.600000 50.829232 0.000000
vt -1.000000 62.124616 0.000000
vt 1.600000 62.124616 0.000000
vt -1.000000 73.420001 0.000000
vt 1.600000 73.420001 0.000000
vt -0.636396 -110.130002 0.000000
vt 0.636396 -110.130002 0.000000
vt -0.636396 -98.834617 0.000000
vt 0.636396 -98.834617 0.000000
vt -0.636396 -87.539232 0.000000
vt 0.636396 -87.539232 0.000000
vt -0.636396 -76.243847 0.000000
vt 0.636396 -76.243847 0.000000
vt -0.636396 -64.948463 0.000000
vt 0.636396 -64.948463 0.000000
vt -0.636396 -53.653078 0.000000
vt 0.636396 -53.653078 0.000000
vt -0.636396 -42.357693 0.000000
vt 0.636396 -42.357693 0.000000
vt -0.636396 -31.062308 0.000000
vt 0.636396 -31.062308 0.000000
vt -0.636396 -19.766923 0.000000
vt 0.636396 -19.766923 0.000000
vt -0.636396 -8.471539 0.000000
vt 0.636396 -8.471539 0.000000
vt -0.636396 2.823846 0.000000
vt 0.636396 2.823846 0.000000
vt -0.636396 14.119231 0.000000
vt 0.636396 14.119231 0.000000
vt -0.636396 25.414616 0.000000
vt 0.636396 25.414616 0.000000
vt -0.636396 36.710001 0.000000
vt 0.636396 36.710001 0.000000
vt 146.840003 0.600000 0.000000
vt 135.544618 0.600000 0.000000
vt 146.840003 0.000000 0.000000
vt 135.544618 0.000000 0.000000
vt 124.249233 0.600000 0.000000
vt 124.249233 0.000000 0.000000
vt 112.953848 0.600000 0.000000
vt 112.953848 0.000000 0.000000
vt 101.658463 0.600000 0.000000
vt 101.658463 0.000000 0.000000
vt 90.363079 0.600000 0.000000
vt 90.363079 0.000000 0.000000
vt 79.067694 0.600000 0.000000
vt 79.067694 0.000000 0.000000
vt 67.772309 0.600000 0.000000
vt 67.772309 0.000000 0.000000
vt 56.476924 0.600000 0.000000
vt 56.476924 0.000000 0.000000
vt 45.181539 0.600000 0.000000
vt 45.181539 0.000000 0.000000
vt 33.886154 0.600000 0.000000
vt 33.886154 0.000000 0.000000
vt 22.590770 0.600000 0.000000
vt 22.590770 0.000000 0.000000
vt 11.295385 0.600000 0.000000
vt 11.295385 0.000000 0.000000
vt 0.000000 0.600000 0.000000
vt 0.000000 0.000000 0.000000
vt 0.636396 73.420001 0.000000
vt -0.636396 73.420001 0.000000
vt 0.636396 62.124616 0.000000
vt -0.636396 62.124616 0.000000
vt 0.636396 50.829232 0.000000
vt -0.636396 50.829232 0.000000
vt 0.636396 39.533847 0.000000
vt -0.636396 39.533847 0.000000
vt 0.636396 28.238462 0.000000
vt -0.636396 28.238462 0.000000
vt 0.636396 16.943077 0.000000
vt -0.636396 16.943077 0.000000
vt 0.636396 5.647692 0.000000
vt -0.636396 5.647692 0.000000
vt 0.636396 -5.647692 0.000000
vt -0.636396 -5.647692 0.000000
vt 0.636396 -16.943077 0.000000
vt -0.636396 -16.943077 0.000000
vt 0.636396 -28.238462 0.000000
vt -0.636396 -28.238462 0.000000
vt 0.636396 -39.533847 0.000000
vt -0.636396 -39.533847 0.000000
vt 0.636396 -50.829232 0.000000
vt -0.636396 -50.829232 0.000000
vt 0.636396 -62.124616 0.000000
vt -0.636396 -62.124616 0.000000
vt 0.636396 -73.420001 0.000000
vt -0.636396 -73.420001 0.000000
vt 1.000000 73.420001 0.000000
vt -1.600000 73.420001 0.000000
vt 1.000000 62.124616 0.000000
vt -1.600000 62.124616 0.000000
vt 1.000000 50.829232 0.000000
vt -1.600000 50.829232 0.000000
vt 1.000000 39.533847 0.000000
vt -1.600000 39.533847 0.000000
vt 1.000000 28.238462 0.000000
vt -1.600000 28.238462 0.000000
vt 1.000000 16.943077 0.000000
vt -1.600000 16.943077 0.000000
vt 1.000000 5.647692 0.000000
vt -1.600000 5.647692 0.000000
vt 1.000000 -5.647692 0.000000
vt -1.600000 -5.647692 0.000000
vt 1.000000 -16.943077 0.000000
vt -1.600000 -16.943077 0.000000
vt 1.000000 -28.238462 0.000000
vt -1.600000 -28.238462 0.000000
vt 1.000000 -39.533847 0.000000
vt -1.600000 -39.533847 0.000000
vt 1.000000 -50.829232 0.000000
vt -1.600000 -50.829232 0.000000
vt 1.000000 -62.124616 0.000000
vt -1.600000 -62.124616 0.000000
vt 1.000000 -73.420001 0.000000
vt -1.600000 -73.420001 0.000000
vt -0.100000 73.420001 0.000000
vt -0.100000 62.124616 0.000000
vt 0.100000 73.420001 0.000000
vt 0.100000 62.124616 0.000000
vt -0.100000 50.829232 0.000000
vt 0.100000 50.829232 0.000000
vt -0.100000 39.533847 0.000000
vt 0.100000 39.533847 0.000000
vt -0.100000 28.238462 0.000000
vt 0.100000 28.238462 0.000000
vt -0.100000 16.943077 0.000000
vt 0.100000 16.943077 0.000000
vt -0.100000 5.647692 0.000000
vt 0.100000 5.647692 0.000000
vt -0.100000 -5.647692 0.000000
vt 0.100000 -5.647692 0.000000
vt -0.100000 -16.943077 0.000000
vt 0.100000 -16.943077 0.000000
vt -0.100000 -28.238462 0.000000
vt 0.100000 -28.238462 0.000000
vt -0.100000 -39.533847 0.000000
vt 0.100000 -39.533847 0.000000
vt -0.100000 -50.829232 0.000000
vt 0.100000 -50.829232 0.000000
vt -0.100000 -62.124616 0.000000
vt 0.100000 -62.124616 0.000000
vt -0.100000 -73.420001 0.000000
vt 0.100000 -73.420001 0.000000
vt 146.840003 0.600000 0.000000
vt 135.544618 0.600000 0.000000
vt 146.840003 0.000000 0.000000
vt 135.544618 0.000000 0.000000
vt 124.249233 0.600000 0.000000
vt 124.249233 0.000000 0.000000
vt 112.953848 0.600000 0.000000
vt 112.953848 0.000000 0.000000
vt 101.658463 0.600000 0.000000
vt 101.658463 0.000000 0.000000
vt 90.363079 0.600000 0.000000
vt 90.363079 0.000000 0.000000
vt 79.067694 0.600000 0.000000
vt 79.067694 0.000000 0.000000
vt 67.772309 0.600000 0.000000
vt 67.772309 0.000000 0.000000
vt 56.476924 0.600000 0.000000
vt 56.476924 0.000000 0.000000
vt 45.181539 0.600000 0.000000
vt 45.181539 0.000000 0.000000
vt 33.886154 0.600000 0.000000
vt 33.886154 0.000000 0.000000
vt 22.590770 0.600000 0.000000
vt 22.590770 0.000000 0.000000
vt 11.295385 0.600000 0.000000
vt 11.295385 0.000000 0.000000
vt 0.000000 0.600000 0.000000
vt 0.000000 0.000000 0.000000
vt -0.000000 0.000000 0.000000
vt 11.295385 0.000000 0.000000
vt -0.000000 4.000000 0.000000
vt 11.295385 4.000000 0.000000
vt 22.590770 0.000000 0.000000
vt 22.590770 4.000000 0.000000
vt 33.886154 0.000000 0.000000
vt 33.886154 4.000000 0.000000
vt 45.181539 0.000000 0.000000
vt 45.181539 4.000000 0.000000
vt 56.476924 0.000000 0.000000
vt 56.476924 4.000000 0.000000
vt 67.772309 0.000000 0.000000
vt 67.772309 4.000000 0.000000
vt 79.067694 0.000000 0.000000
vt 79.067694 4.000000 0.000000
vt 90.363079 0.000000 0.000000
vt 90.363079 4.000000 0.000000
vt 101.658463 0.000000 0.000000
vt 101.658463 4.000000 0.000000
vt 112.953848 0.000000 0.000000
vt 112.953848 4.000000 0.000000
vt 124.249233 0.000000 0.000000
vt 124.249233 4.000000 0.000000
vt 135.544618 0.000000 0.000000
vt 135.544618 4.000000 0.000000
vt 146.840003 0.000000 0.000000
vt 146.840003 4.000000 0.000000
vt 0.000000 0.000000 0.000000
vt 11.295385 0.000000 0.000000
vt 0.000000 4.000000 0.000000
vt 11.295385 4.000000 0.000000
vt 22.590770 0.000000 0.000000
vt 22.590770 4.000000 0.000000
vt 33.886154 0.000000 0.000000
vt 33.886154 4.000000 0.000000
vt 45.181539 0.000000 0.000000
vt 45.181539 4.000000 0.000000
vt 56.476924 0.000000 0.000000
vt 56.476924 4.000000 0.000000
vt 67.772309 0.000000 0.000000
vt 67.772309 4.000000 0.000000
vt 79.067694 0.000000 0.000000
vt 79.067694 4.000000 0.000000
vt 90.363079 0.000000 0.000000
vt 90.363079 4.000000 0.000000
vt 101.658463 0.000000 0.000000
vt 101.658463 4.000000 0.000000
vt 112.953848 0.000000 0.000000
vt 112.953848 4.000000 0.000000
vt 124.249233 0.000000 0.000000
vt 124.249233 4.000000 0.000000
vt 135.544618 0.000000 0.000000
vt 135.544618 4.000000 0.000000
vt 146.840003 0.000000 0.000000
vt 146.840003 4.000000 0.000000
vt -4.000000 13.535794 0.000000
vt 2.000000 13.535794 0.000000
vt -4.000000 14.766321 0.000000
vt 2.000000 14.766321 0.000000
vt -4.000000 -14.766321 0.000000
vt 2.000000 -14.766321 0.000000
vt -4.000000 -13.535794 0.000000
vt 2.000000 -13.535794 0.000000
vt -4.000000 -12.305268 0.000000
vt 2.000000 -12.305268 0.000000
vt -4.000000 -11.074741 0.000000
vt 2.000000 -11.074741 0.000000
vt -4.000000 -9.844214 0.000000
vt 2.000000 -9.844214 0.000000
vt -4.000000 -8.613687 0.000000
vt 2.000000 -8.613687 0.000000
vt -4.000000 -7.383161 0.000000
vt 2.000000 -7.383161 0.000000
vt -4.000000 -6.152634 0.000000
vt 2.000000 -6.152634 0.000000
vt -4.000000 -4.922107 0.000000
vt 2.000000 -4.922107 0.000000
vt -4.000000 -3.691580 0.000000
vt 2.000000 -3.691580 0.000000
vt -4.000000 -2.461054 0.000000
vt 2.000000 -2.461054 0.000000
vt -4.000000 -1.230527 0.000000
vt 2.000000 -1.230527 0.000000
vt -4.000000 0.000000 0.000000
vt 2.000000 0.000000 0.000000
vt -4.000000 1.230527 0.000000
vt 2.000000 1.230527 0.000000
vt -4.000000 2.461054 0.000000
vt 2.000000 2.461054 0.000000
vt -4.000000 3.691580 0.000000
vt 2.000000 3.691580 0.000000
vt -4.000000 4.922107 0.000000
vt 2.000000 4.922107 0.000000
vt -4.000000 6.152634 0.000000
vt 2.000000 6.152634 0.000000
vt -4.000000 7.383161 0.000000
vt 2.000000 7.383161 0.000000
vt -4.000000 8.613687 0.000000
vt 2.000000 8.613687 0.000000
vt -4.000000 9.844214 0.000000
vt 2.000000 9.844214 0.000000
vt -4.000000 11.074741 0.000000
vt 2.000000 11.074741 0.000000
vt -4.000000 12.305268 0.000000
vt 2.000000 12.305268 0.000000
vt 146.840003 4.000000 0.000000
vt 135.544618 4.000000 0.000000
vt 146.840003 0.000000 0.000000
vt 135.544618 0.000000 0.000000
vt 124.249233 4.000000 0.000000
vt 124.249233 0.000000 0.000000
vt 112.953848 4.000000 0.000000
vt 112.953848 0.000000 0.000000
vt 101.658463 4.000000 0.000000
vt 101.658463 0.000000 0.000000
vt 90.363079 4.000000 0.000000
vt 90.363079 0.000000 0.000000
vt 79.067694 4.000000 0.000000
vt 79.067694 0.000000 0.000000
vt 67.772309 4.000000 0.000000
vt 67.772309 0.000000 0.000000
vt 56.476924 4.000000 0.000000
vt 56.476924 0.000000 0.000000
vt 45.181539 4.000000 0.000000
vt 45.181539 0.000000 0.000000
vt 33.886154 4.000000 0.000000
vt 33.886154 0.000000 0.000000
vt 22.590770 4.000000 0.000000
vt 22.590770 0.000000 0.000000
vt 11.295385 4.000000 0.000000
vt 11.295385 0.000000 0.000000
vt 0.000000 4.000000 0.000000
vt 0.000000 0.000000 0.000000
vt 55.170002 4.000000 0.000000
vt 56.070002 4.900000 0.000000
vt 54.570002 4.000000 0.000000
vt 56.070002 5.100000 0.000000
vt 55.170002 6.000000 0.000000
vt 52.570002 6.000000 0.000000
vt 52.570002 2.000000 0.000000
vt 54.570002 0.000000 0.000000
vt 43.656001 0.000000 0.000000
vt 42.456001 2.000000 0.000000
vt 32.742001 0.000000 0.000000
vt 32.342001 2.000000 0.000000
vt 22.228001 2.000000 0.000000
vt 21.828001 0.000000 0.000000
vt 12.114000 2.000000 0.000000
vt 10.914000 0.000000 0.000000
vt 2.000000 2.000000 0.000000
vt 0.000000 0.000000 0.000000
vt 0.000000 4.000000 0.000000
vt 2.000000 6.000000 0.000000
vt -0.600000 6.000000 0.000000
vt -1.500000 5.100000 0.000000
vt -1.500000 4.900000 0.000000
vt -0.600000 4.000000 0.000000
vt 146.840003 4.000000 0.000000
vt 135.544618 4.000000 0.000000
vt 146.840003 0.000000 0.000000
vt 135.544618 0.000000 0.000000
vt 124.249233 4.000000 0.000000
vt 124.249233 0.000000 0.000000
vt 112.953848 4.000000 0.000000
vt 112.953848 0.000000 0.000000
vt 101.658463 4.000000 0.000000
vt 101.658463 0.000000 0.000000
vt 90.363079 4.000000 0.000000
vt 90.363079 0.000000 0.000000
vt 79.067694 4.000000 0.000000
vt 79.067694 0.000000 0.000000
vt 67.772309 4.000000 0.000000
vt 67.772309 0.000000 0.000000
vt 56.476924 4.000000 0.000000
vt 56.476924 0.000000 0.000000
vt 45.181539 4.000000 0.000000
vt 45.181539 0.000000 0.000000
vt 33.886154 4.000000 0.000000
vt 33.886154 0.000000 0.000000
vt 22.590770 4.000000 0.000000
vt 22.590770 0.000000 0.000000
vt 11.295385 4.000000 0.000000
vt 11.295385 0.000000 0.000000
vt 0.000000 4.000000 0.000000
vt 0.000000 0.000000 0.000000
vn 0.577350 0.577350 -0.577350
vn 0.577350 0.577350 -0.577350
vn 0.577350 0.577350 -0.577350
vn 0.707107 0.707107 0.000000
vn 0.707107 0.707107 0.000000
vn 0.707107 0.707107 0.000000
vn 0.707107 0.707107 0.000000
vn 0.577350 -0.577350 -0.577350
vn 0.577350 -0.577350 -0.577350
vn 0.577350 -0.577350 -0.577350
vn 0.707107 -0.707107 0.000000
vn 0.707107 -0.707107 0.000000
vn 0.707107 -0.707107 0.000000
vn 0.707107 -0.707107 0.000000
vn -0.577350 0.577350 -0.577350
vn -0.577350 0.577350 -0.577350
vn -0.577350 0.577350 -0.577350
vn -0.707107 0.707107 0.000000
vn -0.707107 0.707107 0.000000
vn -0.707107 0.707107 0.000000
vn -0.707107 0.707107 0.000000
vn 0.000000 0.707107 -0.707107
vn 0.000000 0.707107 -0.707107
vn 0.000000 0.707107 -0.707107
vn 0.000000 0.707107 -0.707107
vn 0.000000 0.707107 -0.707107
vn 0.000000 0.707107 -0.707107
vn 0.000000 0.707107 -0.707107
vn 0.000000 0.707107 -0.707107
vn 0.000000 0.707107 -0.707107
vn 0.000000 0.707107 -0.707107
vn 0.000000 0.707107 -0.707107
vn 0.000000 0.707107 -0.707107
vn 0.000000 0.707107 -0.707107
vn 0.000000 0.707107 -0.707107
vn -0.577350 -0.577350 -0.577350
vn -0.577350 -0.577350 -0.577350
vn -0.577350 -0.577350 -0.577350
vn -0.707107 -0.707107 -0.000000
vn -0.707107 -0.707107 -0.000000
vn -0.707107 -0.707107 -0.000000
vn -0.707107 -0.707107 -0.000000
vn -0.707107 0.000000 -0.707107
vn -0.707107 0.000000 -0.707107
vn -0.707107 0.000000 -0.707107
vn -0.707107 0.000000 -0.707107
vn -0.707107 0.000000 -0.707107
vn -0.707107 0.000000 -0.707107
vn -0.707107 0.000000 -0.707107
vn -0.707107 0.000000 -0.707107
vn -0.707107 0.000000 -0.707107
vn -0.707107 0.000000 -0.707107
vn -0.707107 0.000000 -0.707107
vn -0.707107 0.000000 -0.707107
vn -0.707107 0.000000 -0.707107
vn -0.707107 0.000000 -0.707107
vn -0.707107 0.000000 -0.707107
vn -0.707107 0.000000 -0.707107
vn -0.707107 0.000000 -0.707107
vn -0.707107 0.000000 -0.707107
vn -0.707107 0.000000 -0.707107
vn -0.707107 0.000000 -0.707107
vn -0.707107 0.000000 -0.707107
vn -0.707107 0.000000 -0.707107
vn -0.707107 0.000000 -0.707107
vn -0.707107 0.000000 -0.707107
vn -0.707107 0.000000 -0.707107
vn -0.707107 0.000000 -0.707107
vn -0.707107 0.000000 -0.707107
vn -0.707107 0.000000 -0.707107
vn -0.707107 0.000000 -0.707107
vn -0.707107 0.000000 -0.707107
vn -0.000000 -0.707107 -0.707107
vn -0.000000 -0.707107 -0.707107
vn -0.000000 -0.707107 -0.707107
vn -0.000000 -0.707107 -0.707107
vn -0.000000 -0.707107 -0.707107
vn -0.000000 -0.707107 -0.707107
vn -0.000000 -0.707107 -0.707107
vn -0.000000 -0.707107 -0.707107
vn -0.000000 -0.707107 -0.707107
vn -0.000000 -0.707107 -0.707107
vn -0.000000 -0.707107 -0.707107
vn -0.000000 -0.707107 -0.707107
vn -0.000000 -0.707107 -0.707107
vn -0.000000 -0.707107 -0.707107
vn 0.707107 0.000000 -0.707107
vn 0.707107 0.000000 -0.707107
vn 0.707107 0.000000 -0.707107
vn 0.707107 0.000000 -0.707107
vn 0.707107 0.000000 -0.707107
vn 0.707107 0.000000 -0.707107
vn 0.707107 0.000000 -0.707107
vn 0.707107 0.000000 -0.707107
vn 0.707107 0.000000 -0.707107
vn 0.707107 0.000000 -0.707107
vn 0.707107 0.000000 -0.707107
vn 0.707107 0.000000 -0.707107
vn 0.707107 0.000000 -0.707107
vn 0.707107 0.000000 -0.707107
vn 0.707107 0.000000 -0.707107
vn 0.707107 0.000000 -0.707107
vn 0.707107 0.000000 -0.707107
vn 0.707107 0.000000 -0.707107
vn 0.707107 0.000000 -0.707107
vn 0.707107 0.000000 -0.707107
vn 0.707107 0.000000 -0.707107
vn 0.707107 0.000000 -0.707107
vn 0.707107 0.000000 -0.707107
vn 0.707107 0.000000 -0.707107
vn 0.707107 0.000000 -0.707107
vn 0.707107 0.000000 -0.707107
vn 0.707107 0.000000 -0.707107
vn 0.707107 0.000000 -0.707107
vn 0.707107 0.000000 -0.707107
vn 0.707107 0.000000 -0.707107
vn 0.000000 1.000000 0.000000
vn 0.000000 1.000000 0.000000
vn 0.000000 1.000000 0.000000
vn 0.000000 1.000000 0.000000
vn 0.000000 1.000000 0.000000
vn 0.000000 1.000000 0.000000
vn 0.000000 1.000000 0.000000
vn 0.000000 1.000000 0.000000
vn 0.000000 1.000000 0.000000
vn 0.000000 1.000000 0.000000
vn 0.000000 1.000000 0.000000
vn 0.000000 1.000000 0.000000
vn 0.000000 1.000000 0.000000
vn 0.000000 1.000000 0.000000
vn -1.000000 0.000000 0.000000
vn -1.000000 0.000000 0.000000
vn -1.000000 0.000000 0.000000
vn -1.000000 0.000000 0.000000
vn -1.000000 0.000000 0.000000
vn -1.000000 0.000000 0.000000
vn -1.000000 0.000000 0.000000
vn -1.000000 0.000000 0.000000
vn -1.000000 0.000000 0.000000
vn -1.000000 0.000000 0.000000
vn -1.000000 0.000000 0.000000
vn -1.000000 0.000000 0.000000
vn -1.000000 0.000000 0.000000
vn -1.000000 0.000000 0.000000
vn -1.000000 0.000000 0.000000
vn -1.000000 0.000000 0.000000
vn -1.000000 0.000000 0.000000
vn -1.000000 0.000000 0.000000
vn -1.000000 0.000000 0.000000
vn -1.000000 0.000000 0.000000
vn -1.000000 0.000000 0.000000
vn -1.000000 0.000000 0.000000
vn -1.000000 0.000000 0.000000
vn -1.000000 0.000000 0.000000
vn -1.000000 0.000000 0.000000
vn -1.000000 0.000000 0.000000
vn -1.000000 0.000000 0.000000
vn -1.000000 0.000000 0.000000
vn -1.000000 0.000000 0.000000
vn -1.000000 0.000000 0.000000
vn 0.000000 0.000000 -1.000000
vn 0.000000 0.000000 -1.000000
vn 0.000000 0.000000 -1.000000
vn 0.000000 0.000000 -1.000000
vn 0.000000 0.000000 -1.000000
vn 0.000000 0.000000 -1.000000
vn 0.000000 0.000000 -1.000000
vn 0.000000 0.000000 -1.000000
vn 0.000000 0.000000 -1.000000
vn 0.000000 0.000000 -1.000000
vn 0.000000 0.000000 -1.000000
vn 0.000000 0.000000 -1.000000
vn 0.000000 0.000000 -1.000000
vn 0.000000 0.000000 -1.000000
vn 0.000000 0.000000 -1.000000
vn 0.000000 0.000000 -1.000000
vn 0.000000 0.000000 -1.000000
vn 0.000000 0.000000 -1.000000
vn 0.000000 0.000000 -1.000000
vn 0.000000 0.000000 -1.000000
vn 0.000000 0.000000 -1.000000
vn 0.000000 0.000000 -1.000000
vn 0.000000 0.000000 -1.000000
vn 0.000000 0.000000 -1.000000
vn 0.000000 0.000000 -1.000000
vn 0.000000 0.000000 -1.000000
vn 0.000000 0.000000 -1.000000
vn 0.000000 0.000000 -1.000000
vn 0.000000 0.000000 -1.000000
vn 0.000000 0.000000 -1.000000
vn 0.000000 0.000000 -1.000000
vn 0.000000 0.000000 -1.000000
vn 0.000000 0.000000 -1.000000
vn 0.000000 0.000000 -1.000000
vn 0.000000 0.000000 -1.000000
vn 0.000000 0.000000 -1.000000
vn 0.000000 0.000000 -1.000000
vn 0.000000 0.000000 -1.000000
vn 0.000000 0.000000 -1.000000
vn 0.000000 0.000000 -1.000000
vn 0.000000 0.000000 -1.000000
vn 0.000000 0.000000 -1.000000
vn 0.000000 0.000000 -1.000000
vn 0.000000 0.000000 -1.000000
vn 0.000000 0.000000 -1.000000
vn 0.000000 0.000000 -1.000000
vn 0.000000 0.000000 -1.000000
vn 0.000000 0.000000 -1.000000
vn 0.000000 0.000000 -1.000000
vn 0.000000 0.000000 -1.000000
vn 0.000000 0.000000 -1.000000
vn 0.000000 0.000000 -1.000000
vn 0.000000 0.000000 -1.000000
vn 0.000000 0.000000 -1.000000
vn 0.000000 0.000000 -1.000000
vn 0.000000 0.000000 -1.000000
vn 0.000000 0.000000 -1.000000
vn 0.000000 0.000000 -1.000000
vn 0.000000 0.000000 -1.000000
vn 0.000000 0.000000 -1.000000
vn 0.000000 0.000000 -1.000000
vn 0.000000 0.000000 -1.000000
vn 0.000000 0.000000 -1.000000
vn 0.000000 0.000000 -1.000000
vn 0.000000 0.000000 -1.000000
vn 0.000000 0.000000 -1.000000
vn 0.000000 0.000000 -1.000000
vn 0.000000 0.000000 -1.000000
vn 0.000000 0.000000 -1.000000
vn 0.000000 0.000000 -1.000000
vn 0.000000 0.000000 -1.000000
vn 0.000000 0.000000 -1.000000
vn 0.000000 0.000000 -1.000000
vn 0.000000 0.000000 -1.000000
vn 0.000000 0.000000 -1.000000
vn 0.000000 0.000000 -1.000000
vn 0.000000 0.000000 -1.000000
vn 0.000000 0.000000 -1.000000
vn 0.000000 0.000000 -1.000000
vn 0.000000 0.000000 -1.000000
vn 0.000000 0.000000 -1.000000
vn 0.000000 0.000000 -1.000000
vn 0.000000 0.000000 -1.000000
vn 0.000000 0.000000 -1.000000
vn 0.000000 0.000000 -1.000000
vn 0.000000 0.000000 -1.000000
vn 0.000000 0.000000 -1.000000
vn 0.000000 0.000000 -1.000000
vn 0.000000 0.000000 -1.000000
vn 0.000000 0.000000 -1.000000
vn 0.000000 0.000000 -1.000000
vn 0.000000 0.000000 -1.000000
vn 0.000000 0.000000 -1.000000
vn 0.000000 0.000000 -1.000000
vn 0.000000 0.000000 -1.000000
vn 0.000000 0.000000 -1.000000
vn 0.000000 0.000000 -1.000000
vn 0.000000 0.000000 -1.000000
vn 0.000000 0.000000 -1.000000
vn 0.000000 0.000000 -1.000000
vn 0.000000 0.000000 -1.000000
vn 0.000000 0.000000 -1.000000
vn 0.000000 0.000000 -1.000000
vn 0.000000 0.000000 -1.000000
vn 0.000000 0.000000 -1.000000
vn 0.000000 0.000000 -1.000000
vn 0.000000 0.000000 -1.000000
vn 0.000000 0.000000 -1.000000
vn 0.000000 0.000000 -1.000000
vn 0.000000 0.000000 -1.000000
vn 0.000000 0.000000 -1.000000
vn 0.000000 0.000000 -1.000000
vn 0.000000 0.000000 -1.000000
vn 0.000000 0.000000 -1.000000
vn 0.000000 0.000000 -1.000000
vn 0.000000 0.000000 -1.000000
vn 0.000000 0.000000 -1.000000
vn 0.000000 0.000000 -1.000000
vn 0.000000 0.000000 -1.000000
vn 0.000000 0.000000 -1.000000
vn 0.000000 0.000000 -1.000000
vn 0.000000 0.000000 -1.000000
vn 0.000000 0.000000 -1.000000
vn 0.000000 0.000000 -1.000000
vn 0.000000 0.000000 -1.000000
vn 0.000000 0.000000 -1.000000
vn 0.000000 0.000000 -1.000000
vn 0.000000 0.000000 -1.000000
vn 0.000000 0.000000 -1.000000
vn -0.000000 -0.000000 1.000000
vn -0.000000 -0.000000 1.000000
vn -0.000000 -0.000000 1.000000
vn -0.000000 -0.000000 1.000000
vn -0.000000 -0.000000 1.000000
vn -0.000000 -0.000000 1.000000
vn -0.000000 -0.000000 1.000000
vn -0.000000 -0.000000 1.000000
vn -0.000000 -0.000000 1.000000
vn -0.000000 -0.000000 1.000000
vn -0.000000 -0.000000 1.000000
vn -0.000000 -0.000000 1.000000
vn -0.000000 -0.000000 1.000000
vn -0.000000 -0.000000 1.000000
vn -0.000000 -0.000000 1.000000
vn -0.000000 -0.000000 1.000000
vn -0.000000 -0.000000 1.000000
vn -0.000000 -0.000000 1.000000
vn -0.000000 -0.000000 1.000000
vn -0.000000 -0.000000 1.000000
vn -0.000000 -0.000000 1.000000
vn -0.000000 -0.000000 1.000000
vn -0.000000 -0.000000 1.000000
vn -0.000000 -0.000000 1.000000
vn -0.000000 -0.000000 1.000000
vn -0.000000 -0.000000 1.000000
vn -0.000000 -0.000000 1.000000
vn -0.000000 -0.000000 1.000000
vn -0.000000 -0.000000 1.000000
vn -0.000000 -0.000000 1.000000
vn -0.000000 -0.000000 1.000000
vn -0.000000 -0.000000 1.000000
vn -0.000000 -0.000000 1.000000
vn -0.000000 -0.000000 1.000000
vn -0.000000 -0.000000 1.000000
vn -0.000000 -0.000000 1.000000
vn -0.000000 -0.000000 1.000000
vn -0.000000 -0.000000 1.000000
vn -0.000000 -0.000000 1.000000
vn -0.000000 -0.000000 1.000000
vn -0.000000 -0.000000 1.000000
vn -0.000000 -0.000000 1.000000
vn -0.000000 -0.000000 1.000000
vn -0.000000 -0.000000 1.000000
vn -0.000000 -0.000000 1.000000
vn -0.000000 -0.000000 1.000000
vn -0.000000 -0.000000 1.000000
vn -0.000000 -0.000000 1.000000
vn -0.000000 -0.000000 1.000000
vn -0.000000 -0.000000 1.000000
vn -0.000000 -0.000000 1.000000
vn -0.000000 -0.000000 1.000000
vn -0.000000 -0.000000 1.000000
vn -0.000000 -0.000000 1.000000
vn -0.000000 -0.000000 1.000000
vn -0.000000 -0.000000 1.000000
vn -0.000000 -0.000000 1.000000
vn -0.000000 -0.000000 1.000000
vn -0.000000 -0.000000 1.000000
vn -0.000000 -0.000000 1.000000
vn -0.000000 -0.000000 1.000000
vn -0.000000 -0.000000 1.000000
vn -0.000000 -0.000000 1.000000
vn -0.000000 -0.000000 1.000000
vn -0.000000 -0.000000 1.000000
vn -0.000000 -0.000000 1.000000
vn -0.000000 -0.000000 1.000000
vn -0.000000 -0.000000 1.000000
vn -0.000000 -0.000000 1.000000
vn -0.000000 -0.000000 1.000000
vn -0.000000 -0.000000 1.000000
vn -0.000000 -0.000000 1.000000
vn -0.000000 -0.000000 1.000000
vn -0.000000 -0.000000 1.000000
vn -0.000000 -0.000000 1.000000
vn -0.000000 -0.000000 1.000000
vn -0.000000 -0.000000 1.000000
vn -0.000000 -0.000000 1.000000
vn -0.000000 -0.000000 1.000000
vn -0.000000 -0.000000 1.000000
vn -0.169102 0.000000 -0.985599
vn -0.224625 0.000000 -0.974445
vn -0.333333 0.000000 -0.942809
vn -0.437769 0.000000 -0.899087
vn -0.487964 0.000000 -0.872864
vn -0.437769 0.000000 -0.899087
vn -0.628539 0.000000 -0.777778
vn -0.437769 0.000000 -0.899087
vn -0.628539 0.000000 -0.777778
vn -0.628539 0.000000 -0.777778
vn -0.437769 0.000000 -0.899087
vn -0.487964 0.000000 -0.872864
vn -0.333333 0.000000 -0.942809
vn -0.224625 0.000000 -0.974445
vn -0.169102 0.000000 -0.985599
vn -0.224625 0.000000 -0.974445
vn -0.224625 0.000000 -0.974445
vn -0.628539 0.000000 -0.777778
vn 0.000000 0.169102 -0.985599
vn 0.000000 0.224625 -0.974445
vn 0.000000 0.333333 -0.942809
vn 0.000000 0.437769 -0.899087
vn 0.000000 0.487964 -0.872864
vn 0.000000 0.437769 -0.899087
vn 0.000000 0.628539 -0.777778
vn 0.000000 0.487964 -0.872864
vn 0.000000 0.628539 -0.777778
vn 0.000000 0.224625 -0.974445
vn 0.000000 0.224625 -0.974445
vn 0.000000 0.437769 -0.899087
vn 0.000000 0.333333 -0.942809
vn 0.000000 0.169102 -0.985599
vn 0.000000 0.628539 -0.777778
vn 0.169102 -0.000000 -0.985599
vn 0.224625 -0.000000 -0.974445
vn 0.333333 -0.000000 -0.942809
vn 0.437769 -0.000000 -0.899087
vn 0.487964 -0.000000 -0.872864
vn 0.437769 -0.000000 -0.899087
vn 0.628539 -0.000000 -0.777778
vn 0.437769 -0.000000 -0.899087
vn 0.628539 -0.000000 -0.777778
vn 0.628539 -0.000000 -0.777778
vn 0.437769 -0.000000 -0.899087
vn 0.487964 -0.000000 -0.872864
vn 0.333333 -0.000000 -0.942809
vn 0.224625 -0.000000 -0.974445
vn 0.169102 -0.000000 -0.985599
vn 0.224625 -0.000000 -0.974445
vn 0.224625 -0.000000 -0.974445
vn 0.628539 -0.000000 -0.777778
vn -0.000000 -0.628539 -0.777778
vn -0.000000 -0.628539 -0.777778
vn -0.000000 -0.487964 -0.872864
vn -0.000000 -0.437769 -0.899087
vn -0.000000 -0.437769 -0.899087
vn -0.000000 -0.224625 -0.974445
vn -0.000000 -0.333333 -0.942809
vn -0.000000 -0.169102 -0.985599
vn -0.000000 -0.628539 -0.777778
vn -0.000000 -0.487964 -0.872864
vn -0.000000 -0.437769 -0.899087
vn -0.000000 -0.333333 -0.942809
vn -0.000000 -0.224625 -0.974445
vn -0.000000 -0.169102 -0.985599
vn -0.000000 -0.224625 -0.974445
vn -0.000000 -1.000000 -0.000000
vn -0.000000 -1.000000 -0.000000
vn -0.000000 -1.000000 -0.000000
vn -0.000000 -1.000000 -0.000000
vn -0.000000 -1.000000 -0.000000
vn -0.000000 -1.000000 -0.000000
vn -0.000000 -1.000000 -0.000000
vn -0.000000 -1.000000 -0.000000
vn -0.000000 -1.000000 -0.000000
vn -0.000000 -1.000000 -0.000000
vn -0.000000 -1.000000 -0.000000
vn -0.000000 -1.000000 -0.000000
vn -0.000000 -1.000000 -0.000000
vn -0.000000 -1.000000 -0.000000
vn 1.000000 0.000000 0.000000
vn 1.000000 0.000000 0.000000
vn 1.000000 0.000000 0.000000
vn 1.000000 0.000000 0.000000
vn 1.000000 0.000000 0.000000
vn 1.000000 0.000000 0.000000
vn 1.000000 0.000000 0.000000
vn 1.000000 0.000000 0.000000
vn 1.000000 0.000000 0.000000
vn 1.000000 0.000000 0.000000
vn 1.000000 0.000000 0.000000
vn 1.000000 0.000000 0.000000
vn 1.000000 0.000000 0.000000
vn 1.000000 0.000000 0.000000
vn 1.000000 0.000000 0.000000
vn 1.000000 0.000000 0.000000
vn 1.000000 0.000000 0.000000
vn 1.000000 0.000000 0.000000
vn 1.000000 0.000000 0.000000
vn 1.000000 0.000000 0.000000
vn 1.000000 0.000000 0.000000
vn 1.000000 0.000000 0.000000
vn 1.000000 0.000000 0.000000
vn 1.000000 0.000000 0.000000
vn 1.000000 0.000000 0.000000
vn 1.000000 0.000000 0.000000
vn 1.000000 0.000000 0.000000
vn 1.000000 0.000000 0.000000
vn 1.000000 0.000000 0.000000
vn 1.000000 0.000000 0.000000
vn 0.000000 0.000000 1.000000
vn 0.000000 0.000000 1.000000
vn -0.195090 -0.000000 0.980785
vn -0.258819 -0.000000 0.965926
vn -0.382683 -0.000000 0.923880
vn -0.500000 -0.000000 0.866025
vn -0.555570 -0.000000 0.831470
vn -0.707107 -0.000000 0.707107
vn -0.707107 -0.000000 0.707107
vn -0.831470 -0.000000 0.555570
vn -0.866025 -0.000000 0.500000
vn -0.923880 -0.000000 0.382683
vn -0.965926 -0.000000 0.258819
vn -0.980785 -0.000000 0.195090
vn -0.995185 -0.000000 0.098017
vn -1.000000 -0.000000 -0.000000
vn -1.000000 -0.000000 -0.000000
vn 0.000000 0.000000 1.000000
vn -0.258819 -0.000000 0.965926
vn -0.500000 -0.000000 0.866025
vn -0.707107 -0.000000 0.707107
vn -0.866025 -0.000000 0.500000
vn -0.965926 -0.000000 0.258819
vn -1.000000 -0.000000 -0.000000
vn -0.965926 -0.000000 0.258819
vn -0.995185 -0.000000 0.098017
vn -0.980785 -0.000000 0.195090
vn -0.923880 -0.000000 0.382683
vn -0.866025 -0.000000 0.500000
vn -0.831470 -0.000000 0.555570
vn -0.707107 -0.000000 0.707107
vn -0.707107 -0.000000 0.707107
vn -0.555570 -0.000000 0.831470
vn -0.500000 -0.000000 0.866025
vn -0.382683 -0.000000 0.923880
vn -0.258819 -0.000000 0.965926
vn -0.195090 -0.000000 0.980785
vn 0.000000 0.000000 1.000000
vn 0.000000 0.000000 1.000000
vn -1.000000 -0.000000 -0.000000
vn 0.000000 1.000000 0.000000
vn 0.000000 1.000000 0.000000
vn 0.000000 0.995185 0.098017
vn 0.000000 0.965926 0.258819
vn 0.000000 0.980785 0.195090
vn 0.000000 0.923880 0.382683
vn 0.000000 0.866025 0.500000
vn 0.000000 0.831470 0.555570
vn 0.000000 0.707107 0.707107
vn 0.000000 0.707107 0.707107
vn 0.000000 0.555570 0.831470
vn 0.000000 0.500000 0.866025
vn 0.000000 0.382683 0.923880
vn 0.000000 0.258819 0.965926
vn 0.000000 0.195090 0.980785
vn -0.000000 -0.000000 1.000000
vn 0.000000 1.000000 0.000000
vn 0.000000 0.995185 0.098017
vn 0.000000 0.980785 0.195090
vn 0.000000 0.923880 0.382683
vn 0.000000 0.831470 0.555570
vn 0.000000 0.707107 0.707107
vn 0.000000 0.555570 0.831470
vn 0.000000 0.382683 0.923880
vn 0.000000 0.195090 0.980785
vn -0.000000 -0.000000 1.000000
vn -0.000000 -0.000000 1.000000
vn -0.000000 -0.000000 1.000000
vn 0.195090 -0.000000 0.980785
vn 0.258819 -0.000000 0.965926
vn 0.382683 -0.000000 0.923880
vn 0.500000 -0.000000 0.866025
vn 0.555570 -0.000000 0.831470
vn 0.707107 -0.000000 0.707107
vn 0.707107 -0.000000 0.707107
vn 0.831470 -0.000000 0.555570
vn 0.866025 -0.000000 0.500000
vn 0.923880 -0.000000 0.382683
vn 0.965926 -0.000000 0.258819
vn 0.980785 -0.000000 0.195090
vn 0.995185 -0.000000 0.098017
vn 1.000000 -0.000000 -0.000000
vn 1.000000 -0.000000 -0.000000
vn -0.000000 -0.000000 1.000000
vn 0.258819 -0.000000 0.965926
vn 0.500000 -0.000000 0.866025
vn 0.707107 -0.000000 0.707107
vn 0.866025 -0.000000 0.500000
vn 0.965926 -0.000000 0.258819
vn 1.000000 -0.000000 -0.000000
vn 0.965926 -0.000000 0.258819
vn 0.995185 -0.000000 0.098017
vn 0.980785 -0.000000 0.195090
vn 0.923880 -0.000000 0.382683
vn 0.866025 -0.000000 0.500000
vn 0.831470 -0.000000 0.555570
vn 0.707107 -0.000000 0.707107
vn 0.707107 -0.000000 0.707107
vn 0.555570 -0.000000 0.831470
vn 0.500000 -0.000000 0.866025
vn 0.382683 -0.000000 0.923880
vn 0.258819 -0.000000 0.965926
vn 0.195090 -0.000000 0.980785
vn -0.000000 -0.000000 1.000000
vn 1.000000 -0.000000 -0.000000
vn -0.000000 -0.000000 1.000000
vn -0.000000 -0.195090 0.980785
vn -0.000000 -0.258819 0.965926
vn -0.000000 -0.382683 0.923880
vn -0.000000 -0.500000 0.866025
vn -0.000000 -0.555570 0.831470
vn -0.000000 -0.707107 0.707107
vn -0.000000 -0.707107 0.707107
vn -0.000000 -0.831470 0.555570
vn -0.000000 -0.866025 0.500000
vn -0.000000 -0.923880 0.382683
vn -0.000000 -0.965926 0.258819
vn -0.000000 -0.980785 0.195090
vn -0.000000 -0.995185 0.098017
vn 0.000000 -1.000000 -0.000000
vn 0.000000 -1.000000 -0.000000
vn -0.000000 -0.195090 0.980785
vn -0.000000 -0.382683 0.923880
vn -0.000000 -0.555570 0.831470
vn -0.000000 -0.707107 0.707107
vn -0.000000 -0.831470 0.555570
vn -0.000000 -0.923880 0.382683
vn -0.000000 -0.980785 0.195090
vn -0.000000 -0.995185 0.098017
vn 0.000000 -1.000000 -0.000000
vn -0.000000 -0.000000 1.000000
vn -0.000000 -0.000000 1.000000
vn -0.000000 -0.000000 1.000000
vn -0.000000 -0.000000 1.000000
vn -0.000000 -0.000000 1.000000
vn -0.000000 -0.000000 1.000000
vn -0.000000 -0.000000 1.000000
vn -0.000000 -0.000000 1.000000
vn -0.000000 -0.000000 1.000000
vn -0.000000 -0.000000 1.000000
vn -0.000000 -0.000000 1.000000
vn -0.000000 -0.000000 1.000000
vn -0.000000 -0.000000 1.000000
vn -0.000000 -0.000000 1.000000
vn -0.000000 -0.000000 1.000000
vn -0.000000 -0.000000 1.000000
vn -0.000000 -0.000000 1.000000
vn -0.000000 -0.000000 1.000000
vn -0.000000 -0.000000 1.000000
vn -0.000000 -0.000000 1.000000
vn -0.000000 -0.000000 1.000000
vn -0.000000 -0.000000 1.000000
vn -0.000000 -0.000000 1.000000
vn -0.000000 -0.000000 1.000000
vn -0.000000 -0.000000 1.000000
vn -0.000000 -0.000000 1.000000
vn -0.000000 -0.000000 1.000000
vn -0.000000 -0.000000 1.000000
vn -0.000000 -0.000000 1.000000
vn -0.000000 -0.000000 1.000000
vn -0.000000 -0.000000 1.000000
vn -0.000000 -0.000000 1.000000
vn -0.000000 -0.000000 1.000000
vn -0.000000 -0.000000 1.000000
vn -0.000000 -0.000000 1.000000
vn -0.000000 -0.000000 1.000000
vn -0.000000 -0.000000 1.000000
vn -0.000000 -0.000000 1.000000
vn -0.000000 -0.000000 1.000000
vn -0.000000 -0.000000 1.000000
vn -0.000000 -0.000000 1.000000
vn -0.000000 -0.000000 1.000000
vn -0.000000 -0.000000 1.000000
vn -0.000000 -0.000000 1.000000
vn -0.000000 -0.000000 1.000000
vn -0.000000 -0.000000 1.000000
vn -0.000000 -0.000000 1.000000
vn -0.000000 -0.000000 1.000000
vn -0.000000 -0.000000 1.000000
vn -0.000000 -0.000000 1.000000
vn -0.000000 -0.000000 1.000000
vn -0.000000 -0.000000 1.000000
vn -0.000000 -0.000000 1.000000
vn -0.000000 -0.000000 1.000000
vn -0.000000 -0.000000 1.000000
vn -0.000000 -0.000000 1.000000
vn -0.000000 -0.000000 1.000000
vn -0.000000 -0.000000 1.000000
vn -0.000000 -0.000000 1.000000
vn -0.000000 -0.000000 1.000000
vn -0.000000 -0.000000 1.000000
vn -0.000000 -0.000000 1.000000
vn -0.000000 -0.000000 1.000000
vn -0.000000 -0.000000 1.000000
vn -0.000000 -0.000000 1.000000
vn -0.000000 -0.000000 1.000000
vn -0.000000 -0.000000 1.000000
vn -0.000000 -0.000000 1.000000
vn -0.000000 -0.000000 1.000000
vn -0.000000 -0.000000 1.000000
vn -0.000000 -0.000000 1.000000
vn -0.000000 -0.000000 1.000000
vn -0.000000 -0.000000 1.000000
vn -0.000000 -0.000000 1.000000
vn -0.000000 -0.000000 1.000000
vn -0.000000 -0.000000 1.000000
vn -0.000000 -0.000000 1.000000
vn -0.000000 -0.000000 1.000000
vn -0.000000 -0.000000 1.000000
vn -0.000000 -0.000000 1.000000
vn -0.000000 -0.000000 1.000000
vn -0.000000 -0.000000 1.000000
vn -0.000000 -0.000000 1.000000
vn -0.000000 -0.000000 1.000000
vn -0.000000 -0.000000 1.000000
vn -0.000000 -0.000000 1.000000
vn -0.000000 -0.000000 1.000000
vn -0.000000 -0.000000 1.000000
vn -0.000000 -0.000000 1.000000
vn -0.000000 -0.000000 1.000000
vn -0.000000 -0.000000 1.000000
vn -0.000000 -0.000000 1.000000
vn -0.000000 -0.000000 1.000000
vn -0.000000 -0.000000 1.000000
vn -0.000000 -0.000000 1.000000
vn -0.000000 -0.000000 1.000000
vn -0.000000 -0.000000 1.000000
vn -0.000000 -0.000000 1.000000
vn -0.000000 -0.000000 1.000000
vn -0.000000 -0.000000 1.000000
vn -0.000000 -0.000000 1.000000
vn -0.000000 -0.000000 1.000000
vn -0.000000 -0.000000 1.000000
vn -0.000000 -0.000000 1.000000
vn -0.000000 -0.000000 1.000000
vn -0.000000 -0.000000 1.000000
vn -0.000000 -0.000000 1.000000
vn -0.000000 -0.000000 1.000000
vn 0.707107 0.000000 -0.707107
vn 0.707107 0.000000 -0.707107
vn 0.707107 0.000000 -0.707107
vn 0.707107 0.000000 -0.707107
vn 0.707107 0.000000 -0.707107
vn 0.707107 0.000000 -0.707107
vn 0.707107 0.000000 -0.707107
vn 0.707107 0.000000 -0.707107
vn 0.707107 0.000000 -0.707107
vn 0.707107 0.000000 -0.707107
vn 0.707107 0.000000 -0.707107
vn 0.707107 0.000000 -0.707107
vn 0.707107 0.000000 -0.707107
vn 0.707107 0.000000 -0.707107
vn 0.707107 0.000000 -0.707107
vn 0.707107 0.000000 -0.707107
vn 0.707107 0.000000 -0.707107
vn 0.707107 0.000000 -0.707107
vn 0.707107 0.000000 -0.707107
vn 0.707107 0.000000 -0.707107
vn 0.707107 0.000000 -0.707107
vn 0.707107 0.000000 -0.707107
vn 0.707107 0.000000 -0.707107
vn 0.707107 0.000000 -0.707107
vn 0.707107 0.000000 -0.707107
vn 0.707107 0.000000 -0.707107
vn 0.707107 0.000000 -0.707107
vn 0.707107 0.000000 -0.707107
vn 1.000000 0.000000 0.000000
vn 1.000000 0.000000 0.000000
vn 1.000000 0.000000 0.000000
vn 1.000000 0.000000 0.000000
vn 1.000000 0.000000 0.000000
vn 1.000000 0.000000 0.000000
vn 1.000000 0.000000 0.000000
vn 1.000000 0.000000 0.000000
vn 1.000000 0.000000 0.000000
vn 1.000000 0.000000 0.000000
vn 1.000000 0.000000 0.000000
vn 1.000000 0.000000 0.000000
vn 1.000000 0.000000 0.000000
vn 1.000000 0.000000 0.000000
vn 1.000000 0.000000 0.000000
vn 1.000000 0.000000 0.000000
vn 1.000000 0.000000 0.000000
vn 1.000000 0.000000 0.000000
vn 1.000000 0.000000 0.000000
vn 1.000000 0.000000 0.000000
vn 1.000000 0.000000 0.000000
vn 1.000000 0.000000 0.000000
vn 1.000000 0.000000 0.000000
vn 1.000000 0.000000 0.000000
vn 1.000000 0.000000 0.000000
vn 1.000000 0.000000 0.000000
vn 1.000000 0.000000 0.000000
vn 1.000000 0.000000 0.000000
vn 0.000000 1.000000 0.000000
vn 0.000000 1.000000 0.000000
vn 0.000000 1.000000 0.000000
vn 0.000000 1.000000 0.000000
vn 0.000000 1.000000 0.000000
vn 0.000000 1.000000 0.000000
vn 0.000000 1.000000 0.000000
vn 0.000000 1.000000 0.000000
vn 0.000000 1.000000 0.000000
vn 0.000000 1.000000 0.000000
vn 0.000000 1.000000 0.000000
vn 0.000000 1.000000 0.000000
vn 0.000000 1.000000 0.000000
vn 0.000000 1.000000 0.000000
vn 0.000000 1.000000 0.000000
vn 0.000000 1.000000 0.000000
vn 0.000000 1.000000 0.000000
vn 0.000000 1.000000 0.000000
vn 0.000000 1.000000 0.000000
vn 0.000000 1.000000 0.000000
vn 0.000000 1.000000 0.000000
vn 0.000000 1.000000 0.000000
vn 0.000000 1.000000 0.000000
vn 0.000000 1.000000 0.000000
vn 0.707107 0.000000 0.707107
vn 0.707107 0.000000 0.707107
vn 0.707107 0.000000 0.707107
vn 0.707107 0.000000 0.707107
vn 0.707107 0.000000 0.707107
vn 0.707107 0.000000 0.707107
vn 0.707107 0.000000 0.707107
vn 0.707107 0.000000 0.707107
vn 0.707107 0.000000 0.707107
vn 0.707107 0.000000 0.707107
vn 0.707107 0.000000 0.707107
vn 0.707107 0.000000 0.707107
vn 0.707107 0.000000 0.707107
vn 0.707107 0.000000 0.707107
vn 0.707107 0.000000 0.707107
vn 0.707107 0.000000 0.707107
vn 0.707107 0.000000 0.707107
vn 0.707107 0.000000 0.707107
vn 0.707107 0.000000 0.707107
vn 0.707107 0.000000 0.707107
vn 0.707107 0.000000 0.707107
vn 0.707107 0.000000 0.707107
vn 0.707107 0.000000 0.707107
vn 0.707107 0.000000 0.707107
vn 0.707107 0.000000 0.707107
vn 0.707107 0.000000 0.707107
vn 0.707107 0.000000 0.707107
vn 0.707107 0.000000 0.707107
vn 0.000000 0.000000 1.000000
vn 0.000000 0.000000 1.000000
vn 0.000000 0.000000 1.000000
vn 0.000000 0.000000 1.000000
vn 0.000000 0.000000 1.000000
vn 0.000000 0.000000 1.000000
vn 0.000000 0.000000 1.000000
vn 0.000000 0.000000 1.000000
vn 0.000000 0.000000 1.000000
vn 0.000000 0.000000 1.000000
vn 0.000000 0.000000 1.000000
vn 0.000000 0.000000 1.000000
vn 0.000000 0.000000 1.000000
vn 0.000000 0.000000 1.000000
vn 0.000000 0.000000 1.000000
vn 0.000000 0.000000 1.000000
vn 0.000000 0.000000 1.000000
vn 0.000000 0.000000 1.000000
vn 0.000000 0.000000 1.000000
vn 0.000000 0.000000 1.000000
vn 0.000000 0.000000 1.000000
vn 0.000000 0.000000 1.000000
vn 0.000000 0.000000 1.000000
vn 0.000000 0.000000 1.000000
vn 0.000000 0.000000 1.000000
vn 0.000000 0.000000 1.000000
vn 0.000000 0.000000 1.000000
vn 0.000000 0.000000 1.000000
vn -0.707107 -0.000000 -0.707107
vn -0.707107 -0.000000 -0.707107
vn -0.707107 -0.000000 -0.707107
vn -0.707107 -0.000000 -0.707107
vn -0.707107 -0.000000 -0.707107
vn -0.707107 -0.000000 -0.707107
vn -0.707107 -0.000000 -0.707107
vn -0.707107 -0.000000 -0.707107
vn -0.707107 -0.000000 -0.707107
vn -0.707107 -0.000000 -0.707107
vn -0.707107 -0.000000 -0.707107
vn -0.707107 -0.000000 -0.707107
vn -0.707107 -0.000000 -0.707107
vn -0.707107 -0.000000 -0.707107
vn -0.707107 -0.000000 -0.707107
vn -0.707107 -0.000000 -0.707107
vn -0.707107 -0.000000 -0.707107
vn -0.707107 -0.000000 -0.707107
vn -0.707107 -0.000000 -0.707107
vn -0.707107 -0.000000 -0.707107
vn -0.707107 -0.000000 -0.707107
vn -0.707107 -0.000000 -0.707107
vn -0.707107 -0.000000 -0.707107
vn -0.707107 -0.000000 -0.707107
vn -0.707107 -0.000000 -0.707107
vn -0.707107 -0.000000 -0.707107
vn -0.707107 -0.000000 -0.707107
vn -0.707107 -0.000000 -0.707107
vn -0.000000 -0.000000 -1.000000
vn -0.000000 -0.000000 -1.000000
vn -0.000000 -0.000000 -1.000000
vn -0.000000 -0.000000 -1.000000
vn -0.000000 -0.000000 -1.000000
vn -0.000000 -0.000000 -1.000000
vn -0.000000 -0.000000 -1.000000
vn -0.000000 -0.000000 -1.000000
vn -0.000000 -0.000000 -1.000000
vn -0.000000 -0.000000 -1.000000
vn -0.000000 -0.000000 -1.000000
vn -0.000000 -0.000000 -1.000000
vn -0.000000 -0.000000 -1.000000
vn -0.000000 -0.000000 -1.000000
vn -0.000000 -0.000000 -1.000000
vn -0.000000 -0.000000 -1.000000
vn -0.000000 -0.000000 -1.000000
vn -0.000000 -0.000000 -1.000000
vn -0.000000 -0.000000 -1.000000
vn -0.000000 -0.000000 -1.000000
vn -0.000000 -0.000000 -1.000000
vn -0.000000 -0.000000 -1.000000
vn -0.000000 -0.000000 -1.000000
vn -0.000000 -0.000000 -1.000000
vn -0.000000 -0.000000 -1.000000
vn -0.000000 -0.000000 -1.000000
vn -0.000000 -0.000000 -1.000000
vn -0.000000 -0.000000 -1.000000
vn -0.707107 0.000000 0.707107
vn -0.707107 0.000000 0.707107
vn -0.707107 0.000000 0.707107
vn -0.707107 0.000000 0.707107
vn -0.707107 0.000000 0.707107
vn -0.707107 0.000000 0.707107
vn -0.707107 0.000000 0.707107
vn -0.707107 0.000000 0.707107
vn -0.707107 0.000000 0.707107
vn -0.707107 0.000000 0.707107
vn -0.707107 0.000000 0.707107
vn -0.707107 0.000000 0.707107
vn -0.707107 0.000000 0.707107
vn -0.707107 0.000000 0.707107
vn -0.707107 0.000000 0.707107
vn -0.707107 0.000000 0.707107
vn -0.707107 0.000000 0.707107
vn -0.707107 0.000000 0.707107
vn -0.707107 0.000000 0.707107
vn -0.707107 0.000000 0.707107
vn -0.707107 0.000000 0.707107
vn -0.707107 0.000000 0.707107
vn -0.707107 0.000000 0.707107
vn -0.707107 0.000000 0.707107
vn -0.707107 0.000000 0.707107
vn -0.707107 0.000000 0.707107
vn -0.707107 0.000000 0.707107
vn -0.707107 0.000000 0.707107
vn 0.000000 0.000000 1.000000
vn 0.000000 0.000000 1.000000
vn 0.000000 0.000000 1.000000
vn 0.000000 0.000000 1.000000
vn 0.000000 0.000000 1.000000
vn 0.000000 0.000000 1.000000
vn 0.000000 0.000000 1.000000
vn 0.000000 0.000000 1.000000
vn 0.000000 0.000000 1.000000
vn 0.000000 0.000000 1.000000
vn 0.000000 0.000000 1.000000
vn 0.000000 0.000000 1.000000
vn 0.000000 0.000000 1.000000
vn 0.000000 0.000000 1.000000
vn 0.000000 0.000000 1.000000
vn 0.000000 0.000000 1.000000
vn 0.000000 0.000000 1.000000
vn 0.000000 0.000000 1.000000
vn 0.000000 0.000000 1.000000
vn 0.000000 0.000000 1.000000
vn 0.000000 0.000000 1.000000
vn 0.000000 0.000000 1.000000
vn 0.000000 0.000000 1.000000
vn 0.000000 0.000000 1.000000
vn 0.000000 0.000000 1.000000
vn 0.000000 0.000000 1.000000
vn 0.000000 0.000000 1.000000
vn 0.000000 0.000000 1.000000
vn -1.000000 0.000000 0.000000
vn -1.000000 0.000000 0.000000
vn -1.000000 0.000000 0.000000
vn -1.000000 0.000000 0.000000
vn -1.000000 0.000000 0.000000
vn -1.000000 0.000000 0.000000
vn -1.000000 0.000000 0.000000
vn -1.000000 0.000000 0.000000
vn -1.000000 0.000000 0.000000
vn -1.000000 0.000000 0.000000
vn -1.000000 0.000000 0.000000
vn -1.000000 0.000000 0.000000
vn -1.000000 0.000000 0.000000
vn -1.000000 0.000000 0.000000
vn -1.000000 0.000000 0.000000
vn -1.000000 0.000000 0.000000
vn -1.000000 0.000000 0.000000
vn -1.000000 0.000000 0.000000
vn -1.000000 0.000000 0.000000
vn -1.000000 0.000000 0.000000
vn -1.000000 0.000000 0.000000
vn -1.000000 0.000000 0.000000
vn -1.000000 0.000000 0.000000
vn -1.000000 0.000000 0.000000
vn -1.000000 0.000000 0.000000
vn -1.000000 0.000000 0.000000
vn -1.000000 0.000000 0.000000
vn -1.000000 0.000000 0.000000
vn 0.000000 0.000000 -1.000000
vn 0.000000 0.000000 -1.000000
vn 0.000000 0.000000 -1.000000
vn 0.000000 0.000000 -1.000000
vn 0.000000 0.000000 -1.000000
vn 0.000000 0.000000 -1.000000
vn 0.000000 0.000000 -1.000000
vn 0.000000 0.000000 -1.000000
vn 0.000000 0.000000 -1.000000
vn 0.000000 0.000000 -1.000000
vn 0.000000 0.000000 -1.000000
vn 0.000000 0.000000 -1.000000
vn 0.000000 0.000000 -1.000000
vn 0.000000 0.000000 -1.000000
vn 0.000000 0.000000 -1.000000
vn 0.000000 0.000000 -1.000000
vn 0.000000 0.000000 -1.000000
vn 0.000000 0.000000 -1.000000
vn 0.000000 0.000000 -1.000000
vn 0.000000 0.000000 -1.000000
vn 0.000000 0.000000 -1.000000
vn 0.000000 0.000000 -1.000000
vn 0.000000 0.000000 -1.000000
vn 0.000000 0.000000 -1.000000
vn 0.000000 0.000000 -1.000000
vn 0.000000 0.000000 -1.000000
vn 0.000000 0.000000 -1.000000
vn 0.000000 0.000000 -1.000000
vn -1.000000 0.000000 0.000000
vn -1.000000 0.000000 0.000000
vn -1.000000 0.000000 0.000000
vn -1.000000 0.000000 0.000000
vn -1.000000 0.000000 0.000000
vn -1.000000 0.000000 0.000000
vn -1.000000 0.000000 0.000000
vn -1.000000 0.000000 0.000000
vn -1.000000 0.000000 0.000000
vn -1.000000 0.000000 0.000000
vn -1.000000 0.000000 0.000000
vn -1.000000 0.000000 0.000000
vn -1.000000 0.000000 0.000000
vn -1.000000 0.000000 0.000000
vn -1.000000 0.000000 0.000000
vn -1.000000 0.000000 0.000000
vn -1.000000 0.000000 0.000000
vn -1.000000 0.000000 0.000000
vn -1.000000 0.000000 0.000000
vn -1.000000 0.000000 0.000000
vn -1.000000 0.000000 0.000000
vn -1.000000 0.000000 0.000000
vn -1.000000 0.000000 0.000000
vn -1.000000 0.000000 0.000000
vn -1.000000 0.000000 0.000000
vn -1.000000 0.000000 0.000000
vn -1.000000 0.000000 0.000000
vn -1.000000 0.000000 0.000000
vn 1.000000 0.000000 0.000000
vn 1.000000 0.000000 0.000000
vn 1.000000 0.000000 0.000000
vn 1.000000 0.000000 0.000000
vn 1.000000 0.000000 0.000000
vn 1.000000 0.000000 0.000000
vn 1.000000 0.000000 0.000000
vn 1.000000 0.000000 0.000000
vn 1.000000 0.000000 0.000000
vn 1.000000 0.000000 0.000000
vn 1.000000 0.000000 0.000000
vn 1.000000 0.000000 0.000000
vn 1.000000 0.000000 0.000000
vn 1.000000 0.000000 0.000000
vn 1.000000 0.000000 0.000000
vn 1.000000 0.000000 0.000000
vn 1.000000 0.000000 0.000000
vn 1.000000 0.000000 0.000000
vn 1.000000 0.000000 0.000000
vn 1.000000 0.000000 0.000000
vn 1.000000 0.000000 0.000000
vn 1.000000 0.000000 0.000000
vn 1.000000 0.000000 0.000000
vn 1.000000 0.000000 0.000000
vn 1.000000 0.000000 0.000000
vn 1.000000 0.000000 0.000000
vn 1.000000 0.000000 0.000000
vn 1.000000 0.000000 0.000000
vn 0.965926 -0.258819 0.000000
vn 0.965926 -0.258819 0.000000
vn 1.000000 -0.000000 0.000000
vn 1.000000 -0.000000 0.000000
vn 0.965926 0.258819 -0.000000
vn 0.965926 0.258819 -0.000000
vn 0.866025 0.500000 -0.000000
vn 0.866025 0.500000 -0.000000
vn 0.707107 0.707107 -0.000000
vn 0.707107 0.707107 -0.000000
vn 0.500000 0.866025 -0.000000
vn 0.500000 0.866025 -0.000000
vn 0.258819 0.965926 -0.000000
vn 0.258819 0.965926 -0.000000
vn -0.000000 1.000000 0.000000
vn -0.000000 1.000000 0.000000
vn -0.258819 0.965926 0.000000
vn -0.258819 0.965926 0.000000
vn -0.500000 0.866025 0.000000
vn -0.500000 0.866025 0.000000
vn -0.707107 0.707107 0.000000
vn -0.707107 0.707107 0.000000
vn -0.866025 0.500000 0.000000
vn -0.866025 0.500000 0.000000
vn -0.965926 0.258819 0.000000
vn -0.965926 0.258819 0.000000
vn -1.000000 0.000000 0.000000
vn -1.000000 0.000000 0.000000
vn -0.965926 -0.258819 0.000000
vn -0.965926 -0.258819 0.000000
vn -0.866025 -0.500000 0.000000
vn -0.866025 -0.500000 0.000000
vn -0.707107 -0.707107 0.000000
vn -0.707107 -0.707107 0.000000
vn -0.500000 -0.866025 0.000000
vn -0.500000 -0.866025 0.000000
vn -0.258819 -0.965926 0.000000
vn -0.258819 -0.965926 0.000000
vn -0.000000 -1.000000 0.000000
vn -0.000000 -1.000000 0.000000
vn 0.258819 -0.965926 0.000000
vn 0.258819 -0.965926 0.000000
vn 0.500000 -0.866025 0.000000
vn 0.500000 -0.866025 0.000000
vn 0.707107 -0.707107 0.000000
vn 0.707107 -0.707107 0.000000
vn 0.866025 -0.500000 0.000000
vn 0.866025 -0.500000 0.000000
vn 1.000000 0.000000 0.000000
vn 1.000000 0.000000 0.000000
vn 1.000000 0.000000 0.000000
vn 1.000000 0.000000 0.000000
vn 1.000000 0.000000 0.000000
vn 1.000000 0.000000 0.000000
vn 1.000000 0.000000 0.000000
vn 1.000000 0.000000 0.000000
vn 1.000000 0.000000 0.000000
vn 1.000000 0.000000 0.000000
vn 1.000000 0.000000 0.000000
vn 1.000000 0.000000 0.000000
vn 1.000000 0.000000 0.000000
vn 1.000000 0.000000 0.000000
vn 1.000000 0.000000 0.000000
vn 1.000000 0.000000 0.000000
vn 1.000000 0.000000 0.000000
vn 1.000000 0.000000 0.000000
vn 1.000000 0.000000 0.000000
vn 1.000000 0.000000 0.000000
vn 1.000000 0.000000 0.000000
vn 1.000000 0.000000 0.000000
vn 1.000000 0.000000 0.000000
vn 1.000000 0.000000 0.000000
vn 1.000000 0.000000 0.000000
vn 1.000000 0.000000 0.000000
vn 1.000000 0.000000 0.000000
vn 1.000000 0.000000 0.000000
vn 0.000000 -1.000000 0.000000
vn 0.000000 -1.000000 0.000000
vn 0.000000 -1.000000 0.000000
vn 0.000000 -1.000000 0.000000
vn 0.000000 -1.000000 0.000000
vn 0.000000 -1.000000 0.000000
vn 0.000000 -1.000000 0.000000
vn 0.000000 -1.000000 0.000000
vn 0.000000 -1.000000 0.000000
vn 0.000000 -1.000000 0.000000
vn 0.000000 -1.000000 0.000000
vn 0.000000 -1.000000 0.000000
vn 0.000000 -1.000000 0.000000
vn 0.000000 -1.000000 0.000000
vn 0.000000 -1.000000 0.000000
vn 0.000000 -1.000000 0.000000
vn 0.000000 -1.000000 0.000000
vn 0.000000 -1.000000 0.000000
vn 0.000000 -1.000000 0.000000
vn 0.000000 -1.000000 0.000000
vn 0.000000 -1.000000 0.000000
vn 0.000000 -1.000000 0.000000
vn 0.000000 -1.000000 0.000000
vn 0.000000 -1.000000 0.000000
vn -1.000000 0.000000 0.000000
vn -1.000000 0.000000 0.000000
vn -1.000000 0.000000 0.000000
vn -1.000000 0.000000 0.000000
vn -1.000000 0.000000 0.000000
vn -1.000000 0.000000 0.000000
vn -1.000000 0.000000 0.000000
vn -1.000000 0.000000 0.000000
vn -1.000000 0.000000 0.000000
vn -1.000000 0.000000 0.000000
vn -1.000000 0.000000 0.000000
vn -1.000000 0.000000 0.000000
vn -1.000000 0.000000 0.000000
vn -1.000000 0.000000 0.000000
vn -1.000000 0.000000 0.000000
vn -1.000000 0.000000 0.000000
vn -1.000000 0.000000 0.000000
vn -1.000000 0.000000 0.000000
vn -1.000000 0.000000 0.000000
vn -1.000000 0.000000 0.000000
vn -1.000000 0.000000 0.000000
vn -1.000000 0.000000 0.000000
vn -1.000000 0.000000 0.000000
vn -1.000000 0.000000 0.000000
vn -1.000000 0.000000 0.000000
vn -1.000000 0.000000 0.000000
vn -1.000000 0.000000 0.000000
vn -1.000000 0.000000 0.000000
f 1940/2986/2898 1941/2987/2899 1942/2988/2900
f 1944/2989/2901 1942/2990/2902 1943/2991/2903
f 1943/2991/2903 1942/2990/2902 1941/2992/2904
f 1945/2993/2905 1946/2994/2906 1947/2995/2907
f 1949/2996/2908 1947/2997/2909 1948/2998/2910
f 1948/2998/2910 1947/2997/2909 1946/2999/2911
f 1950/3000/2912 1951/3001/2913 1952/3002/2914
f 1954/3003/2915 1952/3004/2916 1953/3005/2917
f 1953/3005/2917 1952/3004/2916 1951/3006/2918
f 1940/3007/2919 1955/3008/2920 1941/3009/2921
f 1941/3009/2921 1955/3008/2920 1964/3010/2922
f 1964/3010/2922 1955/3008/2920 1956/3011/2923
f 1964/3010/2922 1956/3011/2923 1963/3012/2924
f 1963/3012/2924 1956/3011/2923 1957/3013/2925
f 1963/3012/2924 1957/3013/2925 1962/3014/2926
f 1962/3014/2926 1957/3013/2925 1958/3015/2927
f 1962/3014/2926 1958/3015/2927 1961/3016/2928
f 1961/3016/2928 1958/3015/2927 1959/3017/2929
f 1961/3016/2928 1959/3017/2929 1960/3018/2930
f 1960/3018/2930 1959/3017/2929 1950/3019/2931
f 1960/3018/2930 1950/3019/2931 1952/3020/2932
f 1965/3021/2933 1966/3022/2934 1967/3023/2935
f 1969/3024/2936 1967/3025/2937 1968/3026/2938
f 1968/3026/2938 1967/3025/2937 1966/3027/2939
f 1951/3028/2940 1950/3029/2941 1995/3030/2942
f 1995/3030/2942 1950/3029/2941 1970/3031/2943
f 1995/3030/2942 1970/3031/2943 1994/3032/2944
f 1994/3032/2944 1970/3031/2943 1971/3033/2945
f 1994/3032/2944 1971/3033/2945 1993/3034/2946
f 1993/3034/2946 1971/3033/2945 1972/3035/2947
f 1993/3034/2946 1972/3035/2947 1992/3036/2948
f 1992/3036/2948 1972/3035/2947 1973/3037/2949
f 1992/3036/2948 1973/3037/2949 1991/3038/2950
f 1991/3038/2950 1973/3037/2949 1974/3039/2951
f 1991/3038/2950 1974/3039/2951 1990/3040/2952
f 1990/3040/2952 1974/3039/2951 1975/3041/2953
f 1990/3040/2952 1975/3041/2953 1989/3042/2954
f 1989/3042/2954 1975/3041/2953 1976/3043/2955
f 1989/3042/2954 1976/3043/2955 1988/3044/2956
f 1988/3044/2956 1976/3043/2955 1977/3045/2957
f 1988/3044/2956 1977/3045/2957 1987/3046/2958
f 1987/3046/2958 1977/3045/2957 1978/3047/2959
f 1987/3046/2958 1978/3047/2959 1986/3048/2960
f 1986/3048/2960 1978/3047/2959 1979/3049/2961
f 1986/3048/2960 1979/3049/2961 1985/3050/2962
f 1985/3050/2962 1979/3049/2961 1980/3051/2963
f 1985/3050/2962 1980/3051/2963 1984/3052/2964
f 1984/3052/2964 1980/3051/2963 1981/3053/2965
f 1984/3052/2964 1981/3053/2965 1983/3054/2966
f 1983/3054/2966 1981/3053/2965 1982/3055/2967
f 1983/3054/2966 1982/3055/2967 1967/3056/2968
f 1967/3056/2968 1982/3055/2967 1965/3057/2969
f 1965/3058/2970 1996/3059/2971 1966/3060/2972
f 1966/3060/2972 1996/3059/2971 2005/3061/2973
f 2005/3061/2973 1996/3059/2971 1997/3062/2974
f 2005/3061/2973 1997/3062/2974 2004/3063/2975
f 2004/3063/2975 1997/3062/2974 1998/3064/2976
f 2004/3063/2975 1998/3064/2976 2003/3065/2977
f 2003/3065/2977 1998/3064/2976 1999/3066/2978
f 2003/3065/2977 1999/3066/2978 2002/3067/2979
f 2002/3067/2979 1999/3066/2978 2000/3068/2980
f 2002/3067/2979 2000/3068/2980 2001/3069/2981
f 2001/3069/2981 2000/3068/2980 1945/3070/2982
f 2001/3069/2981 1945/3070/2982 1947/3071/2983
f 1946/3072/2984 1945/3073/2985 2031/3074/2986
f 2031/3074/2986 1945/3073/2985 2006/3075/2987
f 2031/3074/2986 2006/3075/2987 2030/3076/2988
f 2030/3076/2988 2006/3075/2987 2007/3077/2989
f 2030/3076/2988 2007/3077/2989 2029/3078/2990
f 2029/3078/2990 2007/3077/2989 2008/3079/2991
f 2029/3078/2990 2008/3079/2991 2028/3080/2992
f 2028/3080/2992 2008/3079/2991 2009/3081/2993
f 2028/3080/2992 2009/3081/2993 2027/3082/2994
f 2027/3082/2994 2009/3081/2993 2010/3083/2995
f 2027/3082/2994 2010/3083/2995 2026/3084/2996
f 2026/3084/2996 2010/3083/2995 2011/3085/2997
f 2026/3084/2996 2011/3085/2997 2025/3086/2998
f 2025/3086/2998 2011/3085/2997 2012/3087/2999
f 2025/3086/2998 2012/3087/2999 2024/3088/3000
f 2024/3088/3000 2012/3087/2999 2013/3089/3001
f 2024/3088/3000 2013/3089/3001 2023/3090/3002
f 2023/3090/3002 2013/3089/3001 2014/3091/3003
f 2023/3090/3002 2014/3091/3003 2022/3092/3004
f 2022/3092/3004 2014/3091/3003 2015/3093/3005
f 2022/3092/3004 2015/3093/3005 2021/3094/3006
f 2021/3094/3006 2015/3093/3005 2016/3095/3007
f 2021/3094/3006 2016/3095/3007 2020/3096/3008
f 2020/3096/3008 2016/3095/3007 2017/3097/3009
f 2020/3096/3008 2017/3097/3009 2019/3098/3010
f 2019/3098/3010 2017/3097/3009 2018/3099/3011
f 2019/3098/3010 2018/3099/3011 1942/3100/3012
f 1942/3100/3012 2018/3099/3011 1940/3101/3013
f 1941/3102/3014 1964/3103/3015 1943/3104/3016
f 1943/3104/3016 1964/3103/3015 2036/3105/3017
f 2036/3105/3017 1964/3103/3015 1963/3106/3018
f 2036/3105/3017 1963/3106/3018 2035/3107/3019
f 2035/3107/3019 1963/3106/3018 1962/3108/3020
f 2035/3107/3019 1962/3108/3020 2034/3109/3021
f 2034/3109/3021 1962/3108/3020 1961/3110/3022
f 2034/3109/3021 1961/3110/3022 2033/3111/3023
f 2033/3111/3023 1961/3110/3022 1960/3112/3024
f 2033/3111/3023 1960/3112/3024 2032/3113/3025
f 2032/3113/3025 1960/3112/3024 1952/3114/3026
f 2032/3113/3025 1952/3114/3026 1954/3115/3027
f 1951/3116/3028 1995/3117/3029 1953/3118/3030
f 1953/3118/3030 1995/3117/3029 2049/3119/3031
f 2049/3119/3031 1995/3117/3029 1994/3120/3032
f 2049/3119/3031 1994/3120/3032 2048/3121/3033
f 2048/3121/3033 1994/3120/3032 1993/3122/3034
f 2048/3121/3033 1993/3122/3034 2047/3123/3035
f 2047/3123/3035 1993/3122/3034 1992/3124/3036
f 2047/3123/3035 1992/3124/3036 2046/3125/3037
f 2046/3125/3037 1992/3124/3036 1991/3126/3038
f 2046/3125/3037 1991/3126/3038 2045/3127/3039
f 2045/3127/3039 1991/3126/3038 1990/3128/3040
f 2045/3127/3039 1990/3128/3040 2044/3129/3041
f 2044/3129/3041 1990/3128/3040 1989/3130/3042
f 2044/3129/3041 1989/3130/3042 2043/3131/3043
f 2043/3131/3043 1989/3130/3042 1988/3132/3044
f 2043/3131/3043 1988/3132/3044 2042/3133/3045
f 2042/3133/3045 1988/3132/3044 1987/3134/3046
f 2042/3133/3045 1987/3134/3046 2041/3135/3047
f 2041/3135/3047 1987/3134/3046 1986/3136/3048
f 2041/3135/3047 1986/3136/3048 2040/3137/3049
f 2040/3137/3049 1986/3136/3048 1985/3138/3050
f 2040/3137/3049 1985/3138/3050 2039/3139/3051
f 2039/3139/3051 1985/3138/3050 1984/3140/3052
f 2039/3139/3051 1984/3140/3052 2038/3141/3053
f 2038/3141/3053 1984/3140/3052 1983/3142/3054
f 2038/3141/3053 1983/3142/3054 2037/3143/3055
f 2037/3143/3055 1983/3142/3054 1967/3144/3056
f 2037/3143/3055 1967/3144/3056 1969/3145/3057
f 2051/3146/3058 2092/3147/3059 2050/3148/3060
f 2050/3148/3060 2092/3147/3059 2093/3149/3061
f 2050/3148/3060 2093/3149/3061 2110/3150/3062
f 2110/3150/3062 2093/3149/3061 2012/3151/3063
f 2110/3150/3062 2012/3151/3063 2011/3152/3064
f 2092/3147/3059 2051/3146/3058 2099/3153/3065
f 2099/3153/3065 2051/3146/3058 2052/3154/3066
f 2099/3153/3065 2052/3154/3066 2100/3155/3067
f 2100/3155/3067 2052/3154/3066 2053/3156/3068
f 2100/3155/3067 2053/3156/3068 2101/3157/3069
f 2101/3157/3069 2053/3156/3068 2054/3158/3070
f 2101/3157/3069 2054/3158/3070 2102/3159/3071
f 2102/3159/3071 2054/3158/3070 2055/3160/3072
f 2102/3159/3071 2055/3160/3072 2107/3161/3073
f 2107/3161/3073 2055/3160/3072 2106/3162/3074
f 2107/3161/3073 2106/3162/3074 1955/3163/3075
f 1955/3163/3075 2106/3162/3074 1956/3164/3076
f 1956/3164/3076 2106/3162/3074 2105/3165/3077
f 1956/3164/3076 2105/3165/3077 1957/3166/3078
f 1957/3166/3078 2105/3165/3077 2104/3167/3079
f 1957/3166/3078 2104/3167/3079 1958/3168/3080
f 1958/3168/3080 2104/3167/3079 2103/3169/3081
f 1958/3168/3080 2103/3169/3081 1959/3170/3082
f 1959/3170/3082 2103/3169/3081 1970/3171/3083
f 1959/3170/3082 1970/3171/3083 1950/3172/3084
f 2055/3160/3072 2056/3173/3085 2106/3162/3074
f 2106/3162/3074 2056/3173/3085 2105/3165/3077
f 2056/3173/3085 2057/3174/3086 2105/3165/3077
f 2105/3165/3077 2057/3174/3086 2104/3167/3079
f 2057/3174/3086 2058/3175/3087 2104/3167/3079
f 2104/3167/3079 2058/3175/3087 2103/3169/3081
f 2058/3175/3087 2059/3176/3088 2103/3169/3081
f 2103/3169/3081 2059/3176/3088 1970/3171/3083
f 1970/3171/3083 2059/3176/3088 1971/3177/3089
f 1971/3177/3089 2059/3176/3088 2060/3178/3090
f 1971/3177/3089 2060/3178/3090 1972/3179/3091
f 1972/3179/3091 2060/3178/3090 2061/3180/3092
f 1972/3179/3091 2061/3180/3092 1973/3181/3093
f 1973/3181/3093 2061/3180/3092 2062/3182/3094
f 1973/3181/3093 2062/3182/3094 1974/3183/3095
f 1974/3183/3095 2062/3182/3094 2063/3184/3096
f 1974/3183/3095 2063/3184/3096 1975/3185/3097
f 1975/3185/3097 2063/3184/3096 2064/3186/3098
f 1975/3185/3097 2064/3186/3098 1976/3187/3099
f 1976/3187/3099 2064/3186/3098 2108/3188/3100
f 1976/3187/3099 2108/3188/3100 1977/3189/3101
f 1977/3189/3101 2108/3188/3100 2114/3190/3102
f 1977/3189/3101 2114/3190/3102 1978/3191/3103
f 1978/3191/3103 2114/3190/3102 2118/3192/3104
f 1978/3191/3103 2118/3192/3104 1979/3193/3105
f 1979/3193/3105 2118/3192/3104 2123/3194/3106
f 1979/3193/3105 2123/3194/3106 1980/3195/3107
f 1980/3195/3107 2123/3194/3106 2128/3196/3108
f 1980/3195/3107 2128/3196/3108 1981/3197/3109
f 1981/3197/3109 2128/3196/3108 2133/3198/3110
f 1981/3197/3109 2133/3198/3110 1982/3199/3111
f 1982/3199/3111 2133/3198/3110 2138/3200/3112
f 1982/3199/3111 2138/3200/3112 1965/3201/3113
f 1965/3201/3113 2138/3200/3112 1996/3202/3114
f 1996/3202/3114 2138/3200/3112 2137/3203/3115
f 1996/3202/3114 2137/3203/3115 1997/3204/3116
f 1997/3204/3116 2137/3203/3115 2136/3205/3117
f 1997/3204/3116 2136/3205/3117 1998/3206/3118
f 1998/3206/3118 2136/3205/3117 2135/3207/3119
f 1998/3206/3118 2135/3207/3119 1999/3208/3120
f 1999/3208/3120 2135/3207/3119 2134/3209/3121
f 1999/3208/3120 2134/3209/3121 2000/3210/3122
f 2000/3210/3122 2134/3209/3121 2006/3211/3123
f 2000/3210/3122 2006/3211/3123 1945/3212/3124
f 2064/3186/3098 2065/3213/3125 2108/3188/3100
f 2108/3188/3100 2065/3213/3125 2114/3190/3102
f 2066/3214/3126 2087/3215/3127 2065/3213/3125
f 2065/3213/3125 2087/3215/3127 2088/3216/3128
f 2065/3213/3125 2088/3216/3128 2109/3217/3129
f 2109/3217/3129 2088/3216/3128 2089/3218/3130
f 2109/3217/3129 2089/3218/3130 2090/3219/3131
f 2067/3220/3132 2098/3221/3133 2066/3214/3126
f 2066/3214/3126 2098/3221/3133 2085/3222/3134
f 2066/3214/3126 2085/3222/3134 2086/3223/3135
f 2050/3148/3060 2096/3224/3136 2067/3220/3132
f 2067/3220/3132 2096/3224/3136 2095/3225/3137
f 2067/3220/3132 2095/3225/3137 2094/3226/3138
f 2094/3226/3138 2095/3225/3137 2050/3148/3060
f 2094/3226/3138 2050/3148/3060 2110/3150/3062
f 2069/3227/3139 2065/3213/3125 2068/3228/3140
f 2068/3228/3140 2065/3213/3125 2109/3217/3129
f 2068/3228/3140 2109/3217/3129 2091/3229/3141
f 2091/3229/3141 2109/3217/3129 2090/3219/3131
f 2070/3230/3142 2112/3231/3143 2069/3227/3139
f 2069/3227/3139 2112/3231/3143 2114/3190/3102
f 2069/3227/3139 2114/3190/3102 2065/3213/3125
f 2070/3230/3142 2071/3232/3144 2112/3231/3143
f 2112/3231/3143 2071/3232/3144 2072/3233/3145
f 2112/3231/3143 2072/3233/3145 2073/3234/3146
f 2073/3234/3146 2074/3235/3147 2112/3231/3143
f 2112/3231/3143 2074/3235/3147 2113/3236/3148
f 2112/3231/3143 2113/3236/3148 2118/3192/3104
f 2118/3192/3104 2113/3236/3148 2123/3194/3106
f 2113/3236/3148 2074/3235/3147 2111/3237/3149
f 2111/3237/3149 2074/3235/3147 2075/3238/3150
f 2111/3237/3149 2075/3238/3150 2076/3239/3151
f 2076/3239/3151 2077/3240/3152 2111/3237/3149
f 2111/3237/3149 2077/3240/3152 2078/3241/3153
f 2111/3237/3149 2078/3241/3153 2094/3226/3138
f 2094/3226/3138 2078/3241/3153 2079/3242/3154
f 2094/3226/3138 2079/3242/3154 2080/3243/3155
f 2094/3226/3138 2080/3243/3155 2067/3220/3132
f 2067/3220/3132 2080/3243/3155 2081/3244/3156
f 2067/3220/3132 2081/3244/3156 2082/3245/3157
f 2067/3220/3132 2082/3245/3157 2097/3246/3158
f 2097/3246/3158 2082/3245/3157 2083/3247/3159
f 2097/3246/3158 2083/3247/3159 2084/3248/3160
f 2097/3246/3158 2084/3248/3160 2098/3221/3133
f 2098/3221/3133 2084/3248/3160 2085/3222/3134
f 2086/3223/3135 2087/3215/3127 2066/3214/3126
f 1955/3163/3075 1940/3249/3161 2107/3161/3073
f 2107/3161/3073 1940/3249/3161 2018/3250/3162
f 2107/3161/3073 2018/3250/3162 2102/3159/3071
f 2102/3159/3071 2018/3250/3162 2017/3251/3163
f 2102/3159/3071 2017/3251/3163 2101/3157/3069
f 2101/3157/3069 2017/3251/3163 2016/3252/3164
f 2101/3157/3069 2016/3252/3164 2100/3155/3067
f 2100/3155/3067 2016/3252/3164 2015/3253/3165
f 2100/3155/3067 2015/3253/3165 2099/3153/3065
f 2099/3153/3065 2015/3253/3165 2014/3254/3166
f 2099/3153/3065 2014/3254/3166 2092/3147/3059
f 2092/3147/3059 2014/3254/3166 2013/3255/3167
f 2092/3147/3059 2013/3255/3167 2093/3149/3061
f 2093/3149/3061 2013/3255/3167 2012/3151/3063
f 2110/3150/3062 2011/3152/3064 2115/3256/3168
f 2115/3256/3168 2011/3152/3064 2010/3257/3169
f 2115/3256/3168 2010/3257/3169 2119/3258/3170
f 2119/3258/3170 2010/3257/3169 2009/3259/3171
f 2119/3258/3170 2009/3259/3171 2124/3260/3172
f 2124/3260/3172 2009/3259/3171 2008/3261/3173
f 2124/3260/3172 2008/3261/3173 2129/3262/3174
f 2129/3262/3174 2008/3261/3173 2007/3263/3175
f 2129/3262/3174 2007/3263/3175 2134/3209/3121
f 2134/3209/3121 2007/3263/3175 2006/3211/3123
f 2096/3224/3136 2050/3148/3060 2095/3225/3137
f 2097/3246/3158 2098/3221/3133 2067/3220/3132
f 2094/3226/3138 2110/3150/3062 2116/3264/3176
f 2116/3264/3176 2110/3150/3062 2115/3256/3168
f 2116/3264/3176 2115/3256/3168 2120/3265/3177
f 2120/3265/3177 2115/3256/3168 2119/3258/3170
f 2120/3265/3177 2119/3258/3170 2125/3266/3178
f 2125/3266/3178 2119/3258/3170 2124/3260/3172
f 2125/3266/3178 2124/3260/3172 2130/3267/3179
f 2130/3267/3179 2124/3260/3172 2129/3262/3174
f 2130/3267/3179 2129/3262/3174 2135/3207/3119
f 2135/3207/3119 2129/3262/3174 2134/3209/3121
f 2111/3237/3149 2094/3226/3138 2117/3268/3180
f 2117/3268/3180 2094/3226/3138 2116/3264/3176
f 2117/3268/3180 2116/3264/3176 2121/3269/3181
f 2121/3269/3181 2116/3264/3176 2120/3265/3177
f 2121/3269/3181 2120/3265/3177 2126/3270/3182
f 2126/3270/3182 2120/3265/3177 2125/3266/3178
f 2126/3270/3182 2125/3266/3178 2131/3271/3183
f 2131/3271/3183 2125/3266/3178 2130/3267/3179
f 2131/3271/3183 2130/3267/3179 2136/3205/3117
f 2136/3205/3117 2130/3267/3179 2135/3207/3119
f 2118/3192/3104 2114/3190/3102 2112/3231/3143
f 2111/3237/3149 2117/3268/3180 2113/3236/3148
f 2113/3236/3148 2117/3268/3180 2122/3272/3184
f 2113/3236/3148 2122/3272/3184 2123/3194/3106
f 2123/3194/3106 2122/3272/3184 2128/3196/3108
f 2122/3272/3184 2117/3268/3180 2121/3269/3181
f 2122/3272/3184 2121/3269/3181 2127/3273/3185
f 2127/3273/3185 2121/3269/3181 2126/3270/3182
f 2127/3273/3185 2126/3270/3182 2132/3274/3186
f 2132/3274/3186 2126/3270/3182 2131/3271/3183
f 2132/3274/3186 2131/3271/3183 2137/3203/3115
f 2137/3203/3115 2131/3271/3183 2136/3205/3117
f 2133/3198/3110 2128/3196/3108 2127/3273/3185
f 2127/3273/3185 2128/3196/3108 2122/3272/3184
f 2133/3198/3110 2127/3273/3185 2132/3274/3186
f 2138/3200/3112 2133/3198/3110 2132/3274/3186
f 2138/3200/3112 2132/3274/3186 2137/3203/3115
f 2156/3275/3187 1944/3276/3188 2162/3277/3189
f 2162/3277/3189 1944/3276/3188 1943/3278/3190
f 2162/3277/3189 1943/3278/3190 2036/3279/3191
f 2162/3277/3189 2036/3279/3191 2161/3280/3192
f 2161/3280/3192 2036/3279/3191 2035/3281/3193
f 2161/3280/3192 2035/3281/3193 2160/3282/3194
f 2160/3282/3194 2035/3281/3193 2034/3283/3195
f 2160/3282/3194 2034/3283/3195 2159/3284/3196
f 2159/3284/3196 2034/3283/3195 2033/3285/3197
f 2159/3284/3196 2033/3285/3197 2158/3286/3198
f 2158/3286/3198 2033/3285/3197 2032/3287/3199
f 2158/3286/3198 2032/3287/3199 2157/3288/3200
f 2157/3288/3200 2032/3287/3199 1954/3289/3201
f 2157/3288/3200 1954/3289/3201 1953/3290/3202
f 1953/3290/3202 2049/3291/3203 2157/3288/3200
f 2157/3288/3200 2049/3291/3203 2192/3292/3204
f 2192/3292/3204 2049/3291/3203 2048/3293/3205
f 2192/3292/3204 2048/3293/3205 2191/3294/3206
f 2191/3294/3206 2048/3293/3205 2047/3295/3207
f 2191/3294/3206 2047/3295/3207 2190/3296/3208
f 2190/3296/3208 2047/3295/3207 2046/3297/3209
f 2190/3296/3208 2046/3297/3209 2189/3298/3210
f 2189/3298/3210 2046/3297/3209 2045/3299/3211
f 2189/3298/3210 2045/3299/3211 2188/3300/3212
f 2188/3300/3212 2045/3299/3211 2044/3301/3213
f 2188/3300/3212 2044/3301/3213 2187/3302/3214
f 2187/3302/3214 2044/3301/3213 2043/3303/3215
f 2187/3302/3214 2043/3303/3215 2186/3304/3216
f 2186/3304/3216 2043/3303/3215 2042/3305/3217
f 2186/3304/3216 2042/3305/3217 2185/3306/3218
f 2185/3306/3218 2042/3305/3217 2041/3307/3219
f 2185/3306/3218 2041/3307/3219 2184/3308/3220
f 2184/3308/3220 2041/3307/3219 2040/3309/3221
f 2184/3308/3220 2040/3309/3221 2183/3310/3222
f 2183/3310/3222 2040/3309/3221 2039/3311/3223
f 2183/3310/3222 2039/3311/3223 2182/3312/3224
f 2182/3312/3224 2039/3311/3223 2038/3313/3225
f 2182/3312/3224 2038/3313/3225 2181/3314/3226
f 2181/3314/3226 2038/3313/3225 2037/3315/3227
f 2181/3314/3226 2037/3315/3227 2180/3316/3228
f 2180/3316/3228 2037/3315/3227 1969/3317/3229
f 2180/3316/3228 1969/3317/3229 1968/3318/3230
f 1968/3318/3230 2139/3319/3231 2180/3316/3228
f 2180/3316/3228 2139/3319/3231 2179/3320/3232
f 2179/3320/3232 2139/3319/3231 2140/3321/3233
f 2179/3320/3232 2140/3321/3233 2178/3322/3234
f 2178/3322/3234 2140/3321/3233 2141/3323/3235
f 2178/3322/3234 2141/3323/3235 2177/3324/3236
f 2177/3324/3236 2141/3323/3235 2142/3325/3237
f 2177/3324/3236 2142/3325/3237 2176/3326/3238
f 2176/3326/3238 2142/3325/3237 2143/3327/3239
f 2176/3326/3238 2143/3327/3239 2175/3328/3240
f 2175/3328/3240 2143/3327/3239 1949/3329/3241
f 2175/3328/3240 1949/3329/3241 1948/3330/3242
f 1948/3330/3242 2144/3331/3243 2175/3328/3240
f 2175/3328/3240 2144/3331/3243 2174/3332/3244
f 2174/3332/3244 2144/3331/3243 2145/3333/3245
f 2174/3332/3244 2145/3333/3245 2173/3334/3246
f 2173/3334/3246 2145/3333/3245 2146/3335/3247
f 2173/3334/3246 2146/3335/3247 2172/3336/3248
f 2172/3336/3248 2146/3335/3247 2147/3337/3249
f 2172/3336/3248 2147/3337/3249 2171/3338/3250
f 2171/3338/3250 2147/3337/3249 2148/3339/3251
f 2171/3338/3250 2148/3339/3251 2170/3340/3252
f 2170/3340/3252 2148/3339/3251 2149/3341/3253
f 2170/3340/3252 2149/3341/3253 2169/3342/3254
f 2169/3342/3254 2149/3341/3253 2150/3343/3255
f 2169/3342/3254 2150/3343/3255 2168/3344/3256
f 2168/3344/3256 2150/3343/3255 2151/3345/3257
f 2168/3344/3256 2151/3345/3257 2167/3346/3258
f 2167/3346/3258 2151/3345/3257 2152/3347/3259
f 2167/3346/3258 2152/3347/3259 2166/3348/3260
f 2166/3348/3260 2152/3347/3259 2153/3349/3261
f 2166/3348/3260 2153/3349/3261 2165/3350/3262
f 2165/3350/3262 2153/3349/3261 2154/3351/3263
f 2165/3350/3262 2154/3351/3263 2164/3352/3264
f 2164/3352/3264 2154/3351/3263 2155/3353/3265
f 2164/3352/3264 2155/3353/3265 2163/3354/3266
f 2163/3354/3266 2155/3353/3265 2156/3275/3187
f 2163/3354/3266 2156/3275/3187 2162/3277/3189
f 2055/3355/3072 2054/3356/3070 2202/3357/3267
f 2202/3357/3267 2054/3356/3070 2206/3358/3268
f 2202/3357/3267 2206/3358/3268 2201/3359/3269
f 2201/3359/3269 2206/3358/3268 2210/3360/3270
f 2201/3359/3269 2210/3360/3270 2200/3361/3271
f 2200/3361/3271 2210/3360/3270 2209/3362/3272
f 2200/3361/3271 2209/3362/3272 2198/3363/3273
f 2198/3363/3273 2209/3362/3272 2208/3364/3274
f 2198/3363/3273 2208/3364/3274 2197/3365/3275
f 2197/3365/3275 2208/3364/3274 2196/3366/3276
f 2196/3366/3276 2208/3364/3274 2207/3367/3277
f 2196/3366/3276 2207/3367/3277 2195/3368/3278
f 2195/3368/3278 2207/3367/3277 2194/3369/3279
f 2194/3369/3279 2207/3367/3277 2203/3370/3280
f 2194/3369/3279 2203/3370/3280 2193/3371/3281
f 2193/3371/3281 2203/3370/3280 2051/3372/3058
f 2193/3371/3281 2051/3372/3058 2050/3373/3060
f 2054/3356/3070 2053/3374/3068 2206/3358/3268
f 2206/3358/3268 2053/3374/3068 2205/3375/3282
f 2206/3358/3268 2205/3375/3282 2210/3360/3270
f 2210/3360/3270 2205/3375/3282 2209/3362/3272
f 2053/3374/3068 2052/3376/3066 2205/3375/3282
f 2205/3375/3282 2052/3376/3066 2204/3377/3283
f 2205/3375/3282 2204/3377/3283 2209/3362/3272
f 2209/3362/3272 2204/3377/3283 2208/3364/3274
f 2052/3376/3066 2051/3372/3058 2204/3377/3283
f 2204/3377/3283 2051/3372/3058 2203/3370/3280
f 2204/3377/3283 2203/3370/3280 2208/3364/3274
f 2208/3364/3274 2203/3370/3280 2207/3367/3277
f 2198/3363/3273 2199/3378/3284 2200/3361/3271
f 2050/3379/3060 2067/3380/3132 2193/3381/3285
f 2193/3381/3285 2067/3380/3132 2218/3382/3286
f 2193/3381/3285 2218/3382/3286 2194/3383/3287
f 2194/3383/3287 2218/3382/3286 2221/3384/3288
f 2194/3383/3287 2221/3384/3288 2195/3385/3289
f 2195/3385/3289 2221/3384/3288 2220/3386/3290
f 2195/3385/3289 2220/3386/3290 2215/3387/3291
f 2215/3387/3291 2220/3386/3290 2213/3388/3292
f 2215/3387/3291 2213/3388/3292 2214/3389/3293
f 2067/3380/3132 2066/3390/3126 2218/3382/3286
f 2218/3382/3286 2066/3390/3126 2217/3391/3294
f 2218/3382/3286 2217/3391/3294 2221/3384/3288
f 2221/3384/3288 2217/3391/3294 2220/3386/3290
f 2066/3390/3126 2065/3392/3125 2217/3391/3294
f 2217/3391/3294 2065/3392/3125 2216/3393/3295
f 2217/3391/3294 2216/3393/3295 2220/3386/3290
f 2220/3386/3290 2216/3393/3295 2219/3394/3296
f 2220/3386/3290 2219/3394/3296 2213/3388/3292
f 2213/3388/3292 2219/3394/3296 2212/3395/3297
f 2212/3395/3297 2219/3394/3296 2216/3393/3295
f 2212/3395/3297 2216/3393/3295 2211/3396/3298
f 2211/3396/3298 2216/3393/3295 2065/3392/3125
f 2211/3396/3298 2065/3392/3125 2064/3397/3098
f 2215/3387/3291 2196/3398/3299 2195/3385/3289
f 2064/3399/3098 2063/3400/3096 2211/3401/3300
f 2211/3401/3300 2063/3400/3096 2231/3402/3301
f 2211/3401/3300 2231/3402/3301 2212/3403/3302
f 2212/3403/3302 2231/3402/3301 2235/3404/3303
f 2212/3403/3302 2235/3404/3303 2213/3405/3304
f 2213/3405/3304 2235/3404/3303 2234/3406/3305
f 2213/3405/3304 2234/3406/3305 2227/3407/3306
f 2227/3407/3306 2234/3406/3305 2233/3408/3307
f 2227/3407/3306 2233/3408/3307 2226/3409/3308
f 2226/3409/3308 2233/3408/3307 2225/3410/3309
f 2225/3410/3309 2233/3408/3307 2232/3411/3310
f 2225/3410/3309 2232/3411/3310 2224/3412/3311
f 2224/3412/3311 2232/3411/3310 2223/3413/3312
f 2223/3413/3312 2232/3411/3310 2228/3414/3313
f 2223/3413/3312 2228/3414/3313 2222/3415/3314
f 2222/3415/3314 2228/3414/3313 2060/3416/3090
f 2222/3415/3314 2060/3416/3090 2059/3417/3088
f 2063/3400/3096 2062/3418/3094 2231/3402/3301
f 2231/3402/3301 2062/3418/3094 2230/3419/3315
f 2231/3402/3301 2230/3419/3315 2235/3404/3303
f 2235/3404/3303 2230/3419/3315 2234/3406/3305
f 2062/3418/3094 2061/3420/3092 2230/3419/3315
f 2230/3419/3315 2061/3420/3092 2229/3421/3316
f 2230/3419/3315 2229/3421/3316 2234/3406/3305
f 2234/3406/3305 2229/3421/3316 2233/3408/3307
f 2061/3420/3092 2060/3416/3090 2229/3421/3316
f 2229/3421/3316 2060/3416/3090 2228/3414/3313
f 2229/3421/3316 2228/3414/3313 2233/3408/3307
f 2233/3408/3307 2228/3414/3313 2232/3411/3310
f 2227/3407/3306 2214/3422/3317 2213/3405/3304
f 2199/3423/3318 2236/3424/3319 2200/3425/3320
f 2200/3425/3320 2236/3424/3319 2238/3426/3321
f 2200/3425/3320 2238/3426/3321 2239/3427/3322
f 2239/3427/3322 2238/3426/3321 2242/3428/3323
f 2239/3427/3322 2242/3428/3323 2201/3429/3324
f 2201/3429/3324 2242/3428/3323 2202/3430/3325
f 2202/3430/3325 2242/3428/3323 2056/3431/3085
f 2202/3430/3325 2056/3431/3085 2055/3432/3072
f 2225/3433/3326 2224/3434/3327 2236/3424/3319
f 2236/3424/3319 2224/3434/3327 2238/3426/3321
f 2238/3426/3321 2224/3434/3327 2237/3435/3328
f 2237/3435/3328 2224/3434/3327 2223/3436/3329
f 2237/3435/3328 2223/3436/3329 2240/3437/3330
f 2240/3437/3330 2223/3436/3329 2222/3438/3331
f 2240/3437/3330 2222/3438/3331 2058/3439/3087
f 2058/3439/3087 2222/3438/3331 2059/3440/3088
f 2058/3439/3087 2057/3441/3086 2240/3437/3330
f 2240/3437/3330 2057/3441/3086 2241/3442/3332
f 2240/3437/3330 2241/3442/3332 2237/3435/3328
f 2237/3435/3328 2241/3442/3332 2238/3426/3321
f 2057/3441/3086 2056/3431/3085 2241/3442/3332
f 2241/3442/3332 2056/3431/3085 2242/3428/3323
f 2241/3442/3332 2242/3428/3323 2238/3426/3321
f 2201/3429/3324 2200/3425/3320 2239/3427/3322
f 1949/3443/3333 2143/3444/3334 1947/3445/3335
f 1947/3445/3335 2143/3444/3334 2001/3446/3336
f 2001/3446/3336 2143/3444/3334 2142/3447/3337
f 2001/3446/3336 2142/3447/3337 2002/3448/3338
f 2002/3448/3338 2142/3447/3337 2141/3449/3339
f 2002/3448/3338 2141/3449/3339 2003/3450/3340
f 2003/3450/3340 2141/3449/3339 2140/3451/3341
f 2003/3450/3340 2140/3451/3341 2004/3452/3342
f 2004/3452/3342 2140/3451/3341 2139/3453/3343
f 2004/3452/3342 2139/3453/3343 2005/3454/3344
f 2005/3454/3344 2139/3453/3343 1968/3455/3345
f 2005/3454/3344 1968/3455/3345 1966/3456/3346
f 1944/3457/3347 2156/3458/3348 1942/3459/3349
f 1942/3459/3349 2156/3458/3348 2019/3460/3350
f 2019/3460/3350 2156/3458/3348 2155/3461/3351
f 2019/3460/3350 2155/3461/3351 2020/3462/3352
f 2020/3462/3352 2155/3461/3351 2154/3463/3353
f 2020/3462/3352 2154/3463/3353 2021/3464/3354
f 2021/3464/3354 2154/3463/3353 2153/3465/3355
f 2021/3464/3354 2153/3465/3355 2022/3466/3356
f 2022/3466/3356 2153/3465/3355 2152/3467/3357
f 2022/3466/3356 2152/3467/3357 2023/3468/3358
f 2023/3468/3358 2152/3467/3357 2151/3469/3359
f 2023/3468/3358 2151/3469/3359 2024/3470/3360
f 2024/3470/3360 2151/3469/3359 2150/3471/3361
f 2024/3470/3360 2150/3471/3361 2025/3472/3362
f 2025/3472/3362 2150/3471/3361 2149/3473/3363
f 2025/3472/3362 2149/3473/3363 2026/3474/3364
f 2026/3474/3364 2149/3473/3363 2148/3475/3365
f 2026/3474/3364 2148/3475/3365 2027/3476/3366
f 2027/3476/3366 2148/3475/3365 2147/3477/3367
f 2027/3476/3366 2147/3477/3367 2028/3478/3368
f 2028/3478/3368 2147/3477/3367 2146/3479/3369
f 2028/3478/3368 2146/3479/3369 2029/3480/3370
f 2029/3480/3370 2146/3479/3369 2145/3481/3371
f 2029/3480/3370 2145/3481/3371 2030/3482/3372
f 2030/3482/3372 2145/3481/3371 2144/3483/3373
f 2030/3482/3372 2144/3483/3373 2031/3484/3374
f 2031/3484/3374 2144/3483/3373 1948/3485/3375
f 2031/3484/3374 1948/3485/3375 1946/3486/3376
f 2243/3487/3377 2244/3488/3378 2263/3489/3379
f 2263/3489/3379 2244/3488/3378 2266/3490/3380
f 2263/3489/3379 2266/3490/3380 2262/3491/3381
f 2262/3491/3381 2266/3490/3380 2269/3492/3382
f 2262/3491/3381 2269/3492/3382 2261/3493/3383
f 2261/3493/3383 2269/3492/3382 2272/3494/3384
f 2261/3493/3383 2272/3494/3384 2260/3495/3385
f 2260/3495/3385 2272/3494/3384 2259/3496/3386
f 2259/3496/3386 2272/3494/3384 2275/3497/3387
f 2259/3496/3386 2275/3497/3387 2258/3498/3388
f 2258/3498/3388 2275/3497/3387 2278/3499/3389
f 2258/3498/3388 2278/3499/3389 2257/3500/3390
f 2257/3500/3390 2278/3499/3389 2256/3501/3391
f 2256/3501/3391 2278/3499/3389 2197/3502/3392
f 2256/3501/3391 2197/3502/3392 2196/3503/3393
f 2244/3488/3378 2245/3504/3394 2266/3490/3380
f 2266/3490/3380 2245/3504/3394 2265/3505/3395
f 2266/3490/3380 2265/3505/3395 2269/3492/3382
f 2269/3492/3382 2265/3505/3395 2268/3506/3396
f 2269/3492/3382 2268/3506/3396 2272/3494/3384
f 2272/3494/3384 2268/3506/3396 2271/3507/3397
f 2272/3494/3384 2271/3507/3397 2275/3497/3387
f 2275/3497/3387 2271/3507/3397 2274/3508/3398
f 2275/3497/3387 2274/3508/3398 2278/3499/3389
f 2278/3499/3389 2274/3508/3398 2277/3509/3399
f 2278/3499/3389 2277/3509/3399 2197/3502/3392
f 2197/3502/3392 2277/3509/3399 2198/3510/3400
f 2198/3510/3400 2277/3509/3399 2276/3511/3401
f 2198/3510/3400 2276/3511/3401 2255/3512/3402
f 2255/3512/3402 2276/3511/3401 2254/3513/3403
f 2254/3513/3403 2276/3511/3401 2253/3514/3404
f 2253/3514/3404 2276/3511/3401 2273/3515/3405
f 2253/3514/3404 2273/3515/3405 2252/3516/3406
f 2252/3516/3406 2273/3515/3405 2270/3517/3407
f 2252/3516/3406 2270/3517/3407 2251/3518/3408
f 2251/3518/3408 2270/3517/3407 2250/3519/3409
f 2250/3519/3409 2270/3517/3407 2267/3520/3410
f 2250/3519/3409 2267/3520/3410 2249/3521/3411
f 2249/3521/3411 2267/3520/3410 2264/3522/3412
f 2249/3521/3411 2264/3522/3412 2248/3523/3413
f 2248/3523/3413 2264/3522/3412 2246/3524/3414
f 2248/3523/3413 2246/3524/3414 2247/3525/3415
f 2245/3504/3394 2246/3524/3414 2265/3505/3395
f 2265/3505/3395 2246/3524/3414 2264/3522/3412
f 2265/3505/3395 2264/3522/3412 2268/3506/3396
f 2268/3506/3396 2264/3522/3412 2267/3520/3410
f 2268/3506/3396 2267/3520/3410 2271/3507/3397
f 2271/3507/3397 2267/3520/3410 2270/3517/3407
f 2271/3507/3397 2270/3517/3407 2274/3508/3398
f 2274/3508/3398 2270/3517/3407 2273/3515/3405
f 2274/3508/3398 2273/3515/3405 2277/3509/3399
f 2277/3509/3399 2273/3515/3405 2276/3511/3401
f 2255/3512/3402 2199/3526/3416 2198/3510/3400
f 2196/3527/3417 2215/3528/3418 2256/3529/3419
f 2256/3529/3419 2215/3528/3418 2289/3530/3420
f 2256/3529/3419 2289/3530/3420 2257/3531/3421
f 2257/3531/3421 2289/3530/3420 2258/3532/3422
f 2258/3532/3422 2289/3530/3420 2290/3533/3423
f 2258/3532/3422 2290/3533/3423 2259/3534/3424
f 2259/3534/3424 2290/3533/3423 2291/3535/3425
f 2259/3534/3424 2291/3535/3425 2260/3536/3426
f 2260/3536/3426 2291/3535/3425 2261/3537/3427
f 2261/3537/3427 2291/3535/3425 2292/3538/3428
f 2261/3537/3427 2292/3538/3428 2262/3539/3429
f 2262/3539/3429 2292/3538/3428 2293/3540/3430
f 2262/3539/3429 2293/3540/3430 2263/3541/3431
f 2263/3541/3431 2293/3540/3430 2288/3542/3432
f 2263/3541/3431 2288/3542/3432 2243/3543/3377
f 2214/3544/3433 2279/3545/3434 2215/3528/3418
f 2215/3528/3418 2279/3545/3434 2289/3530/3420
f 2279/3545/3434 2280/3546/3435 2289/3530/3420
f 2289/3530/3420 2280/3546/3435 2281/3547/3436
f 2289/3530/3420 2281/3547/3436 2290/3533/3423
f 2290/3533/3423 2281/3547/3436 2282/3548/3437
f 2290/3533/3423 2282/3548/3437 2291/3535/3425
f 2291/3535/3425 2282/3548/3437 2283/3549/3438
f 2291/3535/3425 2283/3549/3438 2284/3550/3439
f 2291/3535/3425 2284/3550/3439 2292/3538/3428
f 2292/3538/3428 2284/3550/3439 2285/3551/3440
f 2292/3538/3428 2285/3551/3440 2293/3540/3430
f 2293/3540/3430 2285/3551/3440 2286/3552/3441
f 2293/3540/3430 2286/3552/3441 2288/3542/3432
f 2288/3542/3432 2286/3552/3441 2287/3553/3442
f 2294/3554/3443 2295/3555/3444 2305/3556/3445
f 2305/3556/3445 2295/3555/3444 2308/3557/3446
f 2305/3556/3445 2308/3557/3446 2304/3558/3447
f 2304/3558/3447 2308/3557/3446 2311/3559/3448
f 2304/3558/3447 2311/3559/3448 2303/3560/3449
f 2303/3560/3449 2311/3559/3448 2314/3561/3450
f 2303/3560/3449 2314/3561/3450 2302/3562/3451
f 2302/3562/3451 2314/3561/3450 2301/3563/3452
f 2301/3563/3452 2314/3561/3450 2317/3564/3453
f 2301/3563/3452 2317/3564/3453 2300/3565/3454
f 2300/3565/3454 2317/3564/3453 2320/3566/3455
f 2300/3565/3454 2320/3566/3455 2299/3567/3456
f 2299/3567/3456 2320/3566/3455 2298/3568/3457
f 2298/3568/3457 2320/3566/3455 2226/3569/3458
f 2298/3568/3457 2226/3569/3458 2225/3570/3459
f 2295/3555/3444 2296/3571/3460 2308/3557/3446
f 2308/3557/3446 2296/3571/3460 2307/3572/3461
f 2308/3557/3446 2307/3572/3461 2311/3559/3448
f 2311/3559/3448 2307/3572/3461 2310/3573/3462
f 2311/3559/3448 2310/3573/3462 2314/3561/3450
f 2314/3561/3450 2310/3573/3462 2313/3574/3463
f 2314/3561/3450 2313/3574/3463 2317/3564/3453
f 2317/3564/3453 2313/3574/3463 2316/3575/3464
f 2317/3564/3453 2316/3575/3464 2320/3566/3455
f 2320/3566/3455 2316/3575/3464 2319/3576/3465
f 2320/3566/3455 2319/3576/3465 2226/3569/3458
f 2226/3569/3458 2319/3576/3465 2227/3577/3466
f 2227/3577/3466 2319/3576/3465 2318/3578/3467
f 2227/3577/3466 2318/3578/3467 2279/3579/3468
f 2279/3579/3468 2318/3578/3467 2280/3580/3469
f 2280/3580/3469 2318/3578/3467 2281/3581/3470
f 2281/3581/3470 2318/3578/3467 2315/3582/3471
f 2281/3581/3470 2315/3582/3471 2282/3583/3472
f 2282/3583/3472 2315/3582/3471 2312/3584/3473
f 2282/3583/3472 2312/3584/3473 2283/3585/3474
f 2283/3585/3474 2312/3584/3473 2284/3586/3475
f 2284/3586/3475 2312/3584/3473 2309/3587/3476
f 2284/3586/3475 2309/3587/3476 2285/3588/3477
f 2285/3588/3477 2309/3587/3476 2306/3589/3478
f 2285/3588/3477 2306/3589/3478 2286/3590/3479
f 2286/3590/3479 2306/3589/3478 2297/3591/3480
f 2286/3590/3479 2297/3591/3480 2287/3592/3442
f 2296/3571/3460 2297/3591/3480 2307/3572/3461
f 2307/3572/3461 2297/3591/3480 2306/3589/3478
f 2307/3572/3461 2306/3589/3478 2310/3573/3462
f 2310/3573/3462 2306/3589/3478 2309/3587/3476
f 2310/3573/3462 2309/3587/3476 2313/3574/3463
f 2313/3574/3463 2309/3587/3476 2312/3584/3473
f 2313/3574/3463 2312/3584/3473 2316/3575/3464
f 2316/3575/3464 2312/3584/3473 2315/3582/3471
f 2316/3575/3464 2315/3582/3471 2319/3576/3465
f 2319/3576/3465 2315/3582/3471 2318/3578/3467
f 2279/3579/3468 2214/3593/3481 2227/3577/3466
f 2247/3594/3415 2321/3595/3482 2248/3596/3483
f 2248/3596/3483 2321/3595/3482 2322/3597/3484
f 2248/3596/3483 2322/3597/3484 2249/3598/3485
f 2249/3598/3485 2322/3597/3484 2323/3599/3486
f 2249/3598/3485 2323/3599/3486 2250/3600/3487
f 2250/3600/3487 2323/3599/3486 2324/3601/3488
f 2250/3600/3487 2324/3601/3488 2251/3602/3489
f 2251/3602/3489 2324/3601/3488 2252/3603/3490
f 2252/3603/3490 2324/3601/3488 2325/3604/3491
f 2252/3603/3490 2325/3604/3491 2253/3605/3492
f 2253/3605/3492 2325/3604/3491 2326/3606/3493
f 2253/3605/3492 2326/3606/3493 2254/3607/3494
f 2254/3607/3494 2326/3606/3493 2255/3608/3495
f 2255/3608/3495 2326/3606/3493 2236/3609/3496
f 2255/3608/3495 2236/3609/3496 2199/3610/3497
f 2294/3611/3443 2305/3612/3498 2321/3595/3482
f 2321/3595/3482 2305/3612/3498 2322/3597/3484
f 2305/3612/3498 2304/3613/3499 2322/3597/3484
f 2322/3597/3484 2304/3613/3499 2323/3599/3486
f 2304/3613/3499 2303/3614/3500 2323/3599/3486
f 2323/3599/3486 2303/3614/3500 2324/3601/3488
f 2303/3614/3500 2302/3615/3501 2324/3601/3488
f 2324/3601/3488 2302/3615/3501 2301/3616/3502
f 2324/3601/3488 2301/3616/3502 2325/3604/3491
f 2325/3604/3491 2301/3616/3502 2300/3617/3503
f 2325/3604/3491 2300/3617/3503 2326/3606/3493
f 2326/3606/3493 2300/3617/3503 2299/3618/3504
f 2326/3606/3493 2299/3618/3504 2298/3619/3505
f 2225/3620/3506 2236/3609/3496 2298/3619/3505
f 2298/3619/3505 2236/3609/3496 2326/3606/3493
f 2362/3621/3507 2327/3622/3508 2387/3623/3509
f 2387/3623/3509 2327/3622/3508 2328/3624/3510
f 2387/3623/3509 2328/3624/3510 2391/3625/3511
f 2391/3625/3511 2328/3624/3510 2329/3626/3512
f 2391/3625/3511 2329/3626/3512 2395/3627/3513
f 2395/3627/3513 2329/3626/3512 2330/3628/3514
f 2395/3627/3513 2330/3628/3514 2399/3629/3515
f 2399/3629/3515 2330/3628/3514 2331/3630/3516
f 2399/3629/3515 2331/3630/3516 2403/3631/3517
f 2403/3631/3517 2331/3630/3516 2332/3632/3518
f 2403/3631/3517 2332/3632/3518 2407/3633/3519
f 2407/3633/3519 2332/3632/3518 2333/3634/3520
f 2407/3633/3519 2333/3634/3520 2410/3635/3521
f 2410/3635/3521 2333/3634/3520 2334/3636/3522
f 2410/3635/3521 2334/3636/3522 2416/3637/3523
f 2416/3637/3523 2334/3636/3522 2335/3638/3524
f 2416/3637/3523 2335/3638/3524 2419/3639/3525
f 2419/3639/3525 2335/3638/3524 2336/3640/3526
f 2419/3639/3525 2336/3640/3526 2421/3641/3527
f 2421/3641/3527 2336/3640/3526 2337/3642/3528
f 2421/3641/3527 2337/3642/3528 2423/3643/3529
f 2423/3643/3529 2337/3642/3528 2338/3644/3530
f 2423/3643/3529 2338/3644/3530 2432/3645/3531
f 2432/3645/3531 2338/3644/3530 2425/3646/3532
f 2432/3645/3531 2425/3646/3532 2426/3647/3533
f 2426/3647/3533 2425/3646/3532 2342/3648/3534
f 2426/3647/3533 2342/3648/3534 2343/3649/3535
f 2338/3644/3530 2339/3650/3536 2425/3646/3532
f 2425/3646/3532 2339/3650/3536 2341/3651/3537
f 2425/3646/3532 2341/3651/3537 2342/3648/3534
f 2339/3650/3536 2340/3652/3538 2341/3651/3537
f 2426/3647/3533 2343/3649/3535 2427/3653/3539
f 2427/3653/3539 2343/3649/3535 2344/3654/3540
f 2427/3653/3539 2344/3654/3540 2428/3655/3541
f 2428/3655/3541 2344/3654/3540 2345/3656/3542
f 2428/3655/3541 2345/3656/3542 2346/3657/3543
f 2428/3655/3541 2346/3657/3543 2429/3658/3544
f 2429/3658/3544 2346/3657/3543 2347/3659/3545
f 2429/3658/3544 2347/3659/3545 2433/3660/3546
f 2433/3660/3546 2347/3659/3545 2348/3661/3547
f 2433/3660/3546 2348/3661/3547 2434/3662/3548
f 2434/3662/3548 2348/3661/3547 2349/3663/3549
f 2434/3662/3548 2349/3663/3549 2418/3664/3550
f 2418/3664/3550 2349/3663/3549 2350/3665/3551
f 2418/3664/3550 2350/3665/3551 2287/3666/3442
f 2287/3666/3442 2350/3665/3551 2413/3667/3552
f 2287/3666/3442 2413/3667/3552 2412/3668/3553
f 2412/3668/3553 2413/3667/3552 2414/3669/3554
f 2412/3668/3553 2414/3669/3554 2366/3670/3555
f 2366/3670/3555 2414/3669/3554 2365/3671/3556
f 2365/3671/3556 2414/3669/3554 2364/3672/3557
f 2364/3672/3557 2414/3669/3554 2409/3673/3558
f 2364/3672/3557 2409/3673/3558 2363/3674/3559
f 2363/3674/3559 2409/3673/3558 2386/3675/3560
f 2386/3675/3560 2409/3673/3558 2385/3676/3561
f 2385/3676/3561 2409/3673/3558 2384/3677/3562
f 2384/3677/3562 2409/3673/3558 2406/3678/3563
f 2384/3677/3562 2406/3678/3563 2383/3679/3564
f 2383/3679/3564 2406/3678/3563 2405/3680/3565
f 2383/3679/3564 2405/3680/3565 2382/3681/3566
f 2382/3681/3566 2405/3680/3565 2381/3682/3567
f 2381/3682/3567 2405/3680/3565 2380/3683/3568
f 2380/3683/3568 2405/3680/3565 2379/3684/3569
f 2379/3684/3569 2405/3680/3565 2404/3685/3570
f 2379/3684/3569 2404/3685/3570 2378/3686/3571
f 2378/3686/3571 2404/3685/3570 2408/3687/3572
f 2378/3686/3571 2408/3687/3572 2377/3688/3573
f 2377/3688/3573 2408/3687/3572 2376/3689/3574
f 2376/3689/3574 2408/3687/3572 2375/3690/3575
f 2375/3690/3575 2408/3687/3572 2374/3691/3576
f 2374/3691/3576 2408/3687/3572 2411/3692/3577
f 2374/3691/3576 2411/3692/3577 2373/3693/3578
f 2373/3693/3578 2411/3692/3577 2372/3694/3579
f 2372/3694/3579 2411/3692/3577 2371/3695/3580
f 2371/3695/3580 2411/3692/3577 2412/3668/3553
f 2371/3695/3580 2412/3668/3553 2370/3696/3581
f 2370/3696/3581 2412/3668/3553 2369/3697/3582
f 2369/3697/3582 2412/3668/3553 2415/3698/3583
f 2369/3697/3582 2415/3698/3583 2368/3699/3584
f 2368/3699/3584 2415/3698/3583 2367/3700/3585
f 2367/3700/3585 2415/3698/3583 2412/3668/3553
f 2367/3700/3585 2412/3668/3553 2366/3670/3555
f 2350/3665/3551 2351/3701/3586 2413/3667/3552
f 2413/3667/3552 2351/3701/3586 2414/3669/3554
f 2351/3701/3586 2352/3702/3587 2414/3669/3554
f 2414/3669/3554 2352/3702/3587 2409/3673/3558
f 2409/3673/3558 2352/3702/3587 2406/3678/3563
f 2406/3678/3563 2352/3702/3587 2353/3703/3588
f 2406/3678/3563 2353/3703/3588 2402/3704/3589
f 2402/3704/3589 2353/3703/3588 2354/3705/3590
f 2402/3704/3589 2354/3705/3590 2398/3706/3591
f 2398/3706/3591 2354/3705/3590 2355/3707/3592
f 2398/3706/3591 2355/3707/3592 2394/3708/3593
f 2394/3708/3593 2355/3707/3592 2356/3709/3594
f 2394/3708/3593 2356/3709/3594 2390/3710/3595
f 2390/3710/3595 2356/3709/3594 2357/3711/3596
f 2390/3710/3595 2357/3711/3596 2359/3712/3597
f 2359/3712/3597 2357/3711/3596 2358/3713/3598
f 2359/3712/3597 2360/3714/3599 2390/3710/3595
f 2390/3710/3595 2360/3714/3599 2389/3715/3600
f 2390/3710/3595 2389/3715/3600 2394/3708/3593
f 2394/3708/3593 2389/3715/3600 2393/3716/3601
f 2394/3708/3593 2393/3716/3601 2398/3706/3591
f 2398/3706/3591 2393/3716/3601 2397/3717/3602
f 2398/3706/3591 2397/3717/3602 2402/3704/3589
f 2402/3704/3589 2397/3717/3602 2401/3718/3603
f 2402/3704/3589 2401/3718/3603 2406/3678/3563
f 2406/3678/3563 2401/3718/3603 2405/3680/3565
f 2360/3714/3599 2361/3719/3604 2389/3715/3600
f 2389/3715/3600 2361/3719/3604 2388/3720/3605
f 2389/3715/3600 2388/3720/3605 2393/3716/3601
f 2393/3716/3601 2388/3720/3605 2392/3721/3606
f 2393/3716/3601 2392/3721/3606 2397/3717/3602
f 2397/3717/3602 2392/3721/3606 2396/3722/3607
f 2397/3717/3602 2396/3722/3607 2401/3718/3603
f 2401/3718/3603 2396/3722/3607 2400/3723/3608
f 2401/3718/3603 2400/3723/3608 2405/3680/3565
f 2405/3680/3565 2400/3723/3608 2404/3685/3570
f 2361/3719/3604 2362/3621/3507 2388/3720/3605
f 2388/3720/3605 2362/3621/3507 2387/3623/3509
f 2388/3720/3605 2387/3623/3509 2392/3721/3606
f 2392/3721/3606 2387/3623/3509 2391/3625/3511
f 2392/3721/3606 2391/3625/3511 2396/3722/3607
f 2396/3722/3607 2391/3625/3511 2395/3627/3513
f 2396/3722/3607 2395/3627/3513 2400/3723/3608
f 2400/3723/3608 2395/3627/3513 2399/3629/3515
f 2400/3723/3608 2399/3629/3515 2404/3685/3570
f 2404/3685/3570 2399/3629/3515 2403/3631/3517
f 2404/3685/3570 2403/3631/3517 2408/3687/3572
f 2408/3687/3572 2403/3631/3517 2407/3633/3519
f 2408/3687/3572 2407/3633/3519 2411/3692/3577
f 2411/3692/3577 2407/3633/3519 2410/3635/3521
f 2411/3692/3577 2410/3635/3521 2243/3724/3377
f 2243/3724/3377 2410/3635/3521 2416/3637/3523
f 2243/3724/3377 2416/3637/3523 2417/3725/3609
f 2417/3725/3609 2416/3637/3523 2244/3726/3378
f 2417/3725/3609 2244/3726/3378 2243/3724/3377
f 2246/3727/3414 2422/3728/3610 2247/3729/3415
f 2247/3729/3415 2422/3728/3610 2424/3730/3611
f 2247/3729/3415 2424/3730/3611 2431/3731/3612
f 2431/3731/3612 2424/3730/3611 2423/3643/3529
f 2431/3731/3612 2423/3643/3529 2432/3645/3531
f 2245/3732/3394 2420/3733/3613 2246/3727/3414
f 2246/3727/3414 2420/3733/3613 2419/3639/3525
f 2246/3727/3414 2419/3639/3525 2422/3728/3610
f 2422/3728/3610 2419/3639/3525 2421/3641/3527
f 2422/3728/3610 2421/3641/3527 2424/3730/3611
f 2424/3730/3611 2421/3641/3527 2423/3643/3529
f 2245/3732/3394 2244/3726/3378 2420/3733/3613
f 2420/3733/3613 2244/3726/3378 2419/3639/3525
f 2243/3724/3377 2288/3734/3432 2411/3692/3577
f 2411/3692/3577 2288/3734/3432 2412/3668/3553
f 2288/3734/3432 2287/3666/3442 2412/3668/3553
f 2287/3666/3442 2297/3735/3480 2418/3664/3550
f 2418/3664/3550 2297/3735/3480 2434/3662/3548
f 2297/3735/3480 2296/3736/3460 2434/3662/3548
f 2434/3662/3548 2296/3736/3460 2295/3737/3444
f 2434/3662/3548 2295/3737/3444 2433/3660/3546
f 2433/3660/3546 2295/3737/3444 2294/3738/3443
f 2433/3660/3546 2294/3738/3443 2429/3658/3544
f 2429/3658/3544 2294/3738/3443 2430/3739/3614
f 2429/3658/3544 2430/3739/3614 2428/3655/3541
f 2428/3655/3541 2430/3739/3614 2427/3653/3539
f 2294/3738/3443 2321/3740/3482 2430/3739/3614
f 2430/3739/3614 2321/3740/3482 2431/3731/3612
f 2430/3739/3614 2431/3731/3612 2427/3653/3539
f 2427/3653/3539 2431/3731/3612 2426/3647/3533
f 2321/3740/3482 2247/3729/3415 2431/3731/3612
f 2244/3726/3378 2416/3637/3523 2419/3639/3525
f 2431/3731/3612 2432/3645/3531 2426/3647/3533
f 2435/3741/3615 2436/3742/3616 2462/3743/3617
f 2462/3743/3617 2436/3742/3616 2437/3744/3618
f 2462/3743/3617 2437/3744/3618 2461/3745/3619
f 2461/3745/3619 2437/3744/3618 2438/3746/3620
f 2461/3745/3619 2438/3746/3620 2460/3747/3621
f 2460/3747/3621 2438/3746/3620 2439/3748/3622
f 2460/3747/3621 2439/3748/3622 2459/3749/3623
f 2459/3749/3623 2439/3748/3622 2440/3750/3624
f 2459/3749/3623 2440/3750/3624 2458/3751/3625
f 2458/3751/3625 2440/3750/3624 2441/3752/3626
f 2458/3751/3625 2441/3752/3626 2457/3753/3627
f 2457/3753/3627 2441/3752/3626 2442/3754/3628
f 2457/3753/3627 2442/3754/3628 2456/3755/3629
f 2456/3755/3629 2442/3754/3628 2443/3756/3630
f 2456/3755/3629 2443/3756/3630 2455/3757/3631
f 2455/3757/3631 2443/3756/3630 2444/3758/3632
f 2455/3757/3631 2444/3758/3632 2454/3759/3633
f 2454/3759/3633 2444/3758/3632 2445/3760/3634
f 2454/3759/3633 2445/3760/3634 2453/3761/3635
f 2453/3761/3635 2445/3760/3634 2446/3762/3636
f 2453/3761/3635 2446/3762/3636 2452/3763/3637
f 2452/3763/3637 2446/3762/3636 2447/3764/3638
f 2452/3763/3637 2447/3764/3638 2451/3765/3639
f 2451/3765/3639 2447/3764/3638 2448/3766/3640
f 2451/3765/3639 2448/3766/3640 2450/3767/3641
f 2450/3767/3641 2448/3766/3640 2449/3768/3642
f 2449/3769/3643 2448/3770/3644 2476/3771/3645
f 2476/3771/3645 2448/3770/3644 2475/3772/3646
f 2475/3772/3646 2448/3770/3644 2447/3773/3647
f 2475/3772/3646 2447/3773/3647 2474/3774/3648
f 2474/3774/3648 2447/3773/3647 2446/3775/3649
f 2474/3774/3648 2446/3775/3649 2473/3776/3650
f 2473/3776/3650 2446/3775/3649 2445/3777/3651
f 2473/3776/3650 2445/3777/3651 2472/3778/3652
f 2472/3778/3652 2445/3777/3651 2444/3779/3653
f 2472/3778/3652 2444/3779/3653 2471/3780/3654
f 2471/3780/3654 2444/3779/3653 2443/3781/3655
f 2471/3780/3654 2443/3781/3655 2470/3782/3656
f 2470/3782/3656 2443/3781/3655 2442/3783/3657
f 2470/3782/3656 2442/3783/3657 2469/3784/3658
f 2469/3784/3658 2442/3783/3657 2441/3785/3659
f 2469/3784/3658 2441/3785/3659 2468/3786/3660
f 2468/3786/3660 2441/3785/3659 2440/3787/3661
f 2468/3786/3660 2440/3787/3661 2467/3788/3662
f 2467/3788/3662 2440/3787/3661 2439/3789/3663
f 2467/3788/3662 2439/3789/3663 2466/3790/3664
f 2466/3790/3664 2439/3789/3663 2438/3791/3665
f 2466/3790/3664 2438/3791/3665 2465/3792/3666
f 2465/3792/3666 2438/3791/3665 2437/3793/3667
f 2465/3792/3666 2437/3793/3667 2464/3794/3668
f 2464/3794/3668 2437/3793/3667 2436/3795/3669
f 2464/3794/3668 2436/3795/3669 2463/3796/3670
f 2435/3797/3671 2477/3798/3672 2436/3799/3673
f 2436/3799/3673 2477/3798/3672 2463/3800/3674
f 2463/3800/3674 2477/3798/3672 2485/3801/3675
f 2485/3801/3675 2477/3798/3672 2484/3802/3676
f 2484/3802/3676 2477/3798/3672 2340/3803/3677
f 2340/3803/3677 2477/3798/3672 2162/3804/3678
f 2340/3803/3677 2162/3804/3678 2161/3805/3679
f 2340/3803/3677 2161/3805/3679 2341/3806/3680
f 2341/3806/3680 2161/3805/3679 2160/3807/3681
f 2341/3806/3680 2160/3807/3681 2342/3808/3682
f 2342/3808/3682 2160/3807/3681 2159/3809/3683
f 2342/3808/3682 2159/3809/3683 2343/3810/3684
f 2343/3810/3684 2159/3809/3683 2344/3811/3685
f 2344/3811/3685 2159/3809/3683 2158/3812/3686
f 2344/3811/3685 2158/3812/3686 2345/3813/3687
f 2345/3813/3687 2158/3812/3686 2157/3814/3688
f 2345/3813/3687 2157/3814/3688 2478/3815/3689
f 2479/3816/3690 2480/3817/3691 2478/3815/3689
f 2478/3815/3689 2480/3817/3691 2481/3818/3692
f 2478/3815/3689 2481/3818/3692 2482/3819/3693
f 2482/3819/3693 2483/3820/3694 2478/3815/3689
f 2478/3815/3689 2483/3820/3694 2345/3813/3687
f 2486/3821/3695 2476/3822/3696 2498/3823/3697
f 2498/3823/3697 2476/3822/3696 2475/3824/3698
f 2498/3823/3697 2475/3824/3698 2497/3825/3699
f 2497/3825/3699 2475/3824/3698 2474/3826/3700
f 2497/3825/3699 2474/3826/3700 2496/3827/3701
f 2496/3827/3701 2474/3826/3700 2473/3828/3702
f 2496/3827/3701 2473/3828/3702 2495/3829/3703
f 2495/3829/3703 2473/3828/3702 2472/3830/3704
f 2495/3829/3703 2472/3830/3704 2494/3831/3705
f 2494/3831/3705 2472/3830/3704 2471/3832/3706
f 2494/3831/3705 2471/3832/3706 2493/3833/3707
f 2493/3833/3707 2471/3832/3706 2470/3834/3708
f 2493/3833/3707 2470/3834/3708 2492/3835/3709
f 2492/3835/3709 2470/3834/3708 2469/3836/3710
f 2492/3835/3709 2469/3836/3710 2491/3837/3711
f 2491/3837/3711 2469/3836/3710 2468/3838/3712
f 2491/3837/3711 2468/3838/3712 2490/3839/3713
f 2490/3839/3713 2468/3838/3712 2467/3840/3714
f 2490/3839/3713 2467/3840/3714 2489/3841/3715
f 2489/3841/3715 2467/3840/3714 2466/3842/3716
f 2489/3841/3715 2466/3842/3716 2488/3843/3717
f 2488/3843/3717 2466/3842/3716 2465/3844/3718
f 2488/3843/3717 2465/3844/3718 2487/3845/3719
f 2487/3845/3719 2465/3844/3718 2464/3846/3720
f 2487/3845/3719 2464/3846/3720 2485/3847/3721
f 2485/3847/3721 2464/3846/3720 2463/3848/3722
f 2511/3849/3723 2486/3850/3724 2510/3851/3725
f 2510/3851/3725 2486/3850/3724 2498/3852/3726
f 2510/3851/3725 2498/3852/3726 2509/3853/3727
f 2509/3853/3727 2498/3852/3726 2497/3854/3728
f 2509/3853/3727 2497/3854/3728 2508/3855/3729
f 2508/3855/3729 2497/3854/3728 2496/3856/3730
f 2508/3855/3729 2496/3856/3730 2507/3857/3731
f 2507/3857/3731 2496/3856/3730 2495/3858/3732
f 2507/3857/3731 2495/3858/3732 2506/3859/3733
f 2506/3859/3733 2495/3858/3732 2494/3860/3734
f 2506/3859/3733 2494/3860/3734 2505/3861/3735
f 2505/3861/3735 2494/3860/3734 2493/3862/3736
f 2505/3861/3735 2493/3862/3736 2504/3863/3737
f 2504/3863/3737 2493/3862/3736 2492/3864/3738
f 2504/3863/3737 2492/3864/3738 2503/3865/3739
f 2503/3865/3739 2492/3864/3738 2491/3866/3740
f 2503/3865/3739 2491/3866/3740 2502/3867/3741
f 2502/3867/3741 2491/3866/3740 2490/3868/3742
f 2502/3867/3741 2490/3868/3742 2501/3869/3743
f 2501/3869/3743 2490/3868/3742 2489/3870/3744
f 2501/3869/3743 2489/3870/3744 2500/3871/3745
f 2500/3871/3745 2489/3870/3744 2488/3872/3746
f 2500/3871/3745 2488/3872/3746 2499/3873/3747
f 2499/3873/3747 2488/3872/3746 2487/3874/3748
f 2499/3873/3747 2487/3874/3748 2484/3875/3749
f 2484/3875/3749 2487/3874/3748 2485/3876/3750
f 2512/3877/3751 2513/3878/3752 2537/3879/3753
f 2537/3879/3753 2513/3878/3752 2514/3880/3754
f 2537/3879/3753 2514/3880/3754 2536/3881/3755
f 2536/3881/3755 2514/3880/3754 2515/3882/3756
f 2536/3881/3755 2515/3882/3756 2535/3883/3757
f 2535/3883/3757 2515/3882/3756 2516/3884/3758
f 2535/3883/3757 2516/3884/3758 2534/3885/3759
f 2534/3885/3759 2516/3884/3758 2517/3886/3760
f 2534/3885/3759 2517/3886/3760 2533/3887/3761
f 2533/3887/3761 2517/3886/3760 2518/3888/3762
f 2533/3887/3761 2518/3888/3762 2532/3889/3763
f 2532/3889/3763 2518/3888/3762 2519/3890/3764
f 2532/3889/3763 2519/3890/3764 2531/3891/3765
f 2531/3891/3765 2519/3890/3764 2520/3892/3766
f 2531/3891/3765 2520/3892/3766 2530/3893/3767
f 2530/3893/3767 2520/3892/3766 2521/3894/3768
f 2530/3893/3767 2521/3894/3768 2529/3895/3769
f 2529/3895/3769 2521/3894/3768 2522/3896/3770
f 2529/3895/3769 2522/3896/3770 2528/3897/3771
f 2528/3897/3771 2522/3896/3770 2523/3898/3772
f 2528/3897/3771 2523/3898/3772 2527/3899/3773
f 2527/3899/3773 2523/3898/3772 2524/3900/3774
f 2527/3899/3773 2524/3900/3774 2526/3901/3775
f 2526/3901/3775 2524/3900/3774 2525/3902/3776
f 2526/3901/3775 2525/3902/3776 2479/3903/3777
f 2479/3903/3777 2525/3902/3776 2480/3904/3778
f 2512/3905/3779 2537/3906/3780 2550/3907/3781
f 2550/3907/3781 2537/3906/3780 2549/3908/3782
f 2549/3908/3782 2537/3906/3780 2536/3909/3783
f 2549/3908/3782 2536/3909/3783 2548/3910/3784
f 2548/3910/3784 2536/3909/3783 2535/3911/3785
f 2548/3910/3784 2535/3911/3785 2547/3912/3786
f 2547/3912/3786 2535/3911/3785 2534/3913/3787
f 2547/3912/3786 2534/3913/3787 2546/3914/3788
f 2546/3914/3788 2534/3913/3787 2533/3915/3789
f 2546/3914/3788 2533/3915/3789 2545/3916/3790
f 2545/3916/3790 2533/3915/3789 2532/3917/3791
f 2545/3916/3790 2532/3917/3791 2544/3918/3792
f 2544/3918/3792 2532/3917/3791 2531/3919/3793
f 2544/3918/3792 2531/3919/3793 2543/3920/3794
f 2543/3920/3794 2531/3919/3793 2530/3921/3795
f 2543/3920/3794 2530/3921/3795 2542/3922/3796
f 2542/3922/3796 2530/3921/3795 2529/3923/3797
f 2542/3922/3796 2529/3923/3797 2541/3924/3798
f 2541/3924/3798 2529/3923/3797 2528/3925/3799
f 2541/3924/3798 2528/3925/3799 2540/3926/3800
f 2540/3926/3800 2528/3925/3799 2527/3927/3801
f 2540/3926/3800 2527/3927/3801 2539/3928/3802
f 2539/3928/3802 2527/3927/3801 2526/3929/3803
f 2539/3928/3802 2526/3929/3803 2538/3930/3804
f 2538/3930/3804 2526/3929/3803 2479/3931/3805
f 2538/3930/3804 2479/3931/3805 2478/3932/3806
f 2482/3933/3807 2481/3934/3808 2576/3935/3809
f 2576/3935/3809 2481/3934/3808 2551/3936/3810
f 2576/3935/3809 2551/3936/3810 2575/3937/3811
f 2575/3937/3811 2551/3936/3810 2552/3938/3812
f 2575/3937/3811 2552/3938/3812 2574/3939/3813
f 2574/3939/3813 2552/3938/3812 2553/3940/3814
f 2574/3939/3813 2553/3940/3814 2573/3941/3815
f 2573/3941/3815 2553/3940/3814 2554/3942/3816
f 2573/3941/3815 2554/3942/3816 2572/3943/3817
f 2572/3943/3817 2554/3942/3816 2555/3944/3818
f 2572/3943/3817 2555/3944/3818 2571/3945/3819
f 2571/3945/3819 2555/3944/3818 2556/3946/3820
f 2571/3945/3819 2556/3946/3820 2570/3947/3821
f 2570/3947/3821 2556/3946/3820 2557/3948/3822
f 2570/3947/3821 2557/3948/3822 2569/3949/3823
f 2569/3949/3823 2557/3948/3822 2558/3950/3824
f 2569/3949/3823 2558/3950/3824 2568/3951/3825
f 2568/3951/3825 2558/3950/3824 2559/3952/3826
f 2568/3951/3825 2559/3952/3826 2567/3953/3827
f 2567/3953/3827 2559/3952/3826 2560/3954/3828
f 2567/3953/3827 2560/3954/3828 2566/3955/3829
f 2566/3955/3829 2560/3954/3828 2561/3956/3830
f 2566/3955/3829 2561/3956/3830 2565/3957/3831
f 2565/3957/3831 2561/3956/3830 2562/3958/3832
f 2565/3957/3831 2562/3958/3832 2564/3959/3833
f 2564/3959/3833 2562/3958/3832 2563/3960/3834
f 2483/3961/3835 2482/3962/3836 2589/3963/3837
f 2589/3963/3837 2482/3962/3836 2576/3964/3838
f 2589/3963/3837 2576/3964/3838 2588/3965/3839
f 2588/3965/3839 2576/3964/3838 2575/3966/3840
f 2588/3965/3839 2575/3966/3840 2587/3967/3841
f 2587/3967/3841 2575/3966/3840 2574/3968/3842
f 2587/3967/3841 2574/3968/3842 2586/3969/3843
f 2586/3969/3843 2574/3968/3842 2573/3970/3844
f 2586/3969/3843 2573/3970/3844 2585/3971/3845
f 2585/3971/3845 2573/3970/3844 2572/3972/3846
f 2585/3971/3845 2572/3972/3846 2584/3973/3847
f 2584/3973/3847 2572/3972/3846 2571/3974/3848
f 2584/3973/3847 2571/3974/3848 2583/3975/3849
f 2583/3975/3849 2571/3974/3848 2570/3976/3850
f 2583/3975/3849 2570/3976/3850 2582/3977/3851
f 2582/3977/3851 2570/3976/3850 2569/3978/3852
f 2582/3977/3851 2569/3978/3852 2581/3979/3853
f 2581/3979/3853 2569/3978/3852 2568/3980/3854
f 2581/3979/3853 2568/3980/3854 2580/3981/3855
f 2580/3981/3855 2568/3980/3854 2567/3982/3856
f 2580/3981/3855 2567/3982/3856 2579/3983/3857
f 2579/3983/3857 2567/3982/3856 2566/3984/3858
f 2579/3983/3857 2566/3984/3858 2578/3985/3859
f 2578/3985/3859 2566/3984/3858 2565/3986/3860
f 2578/3985/3859 2565/3986/3860 2577/3987/3861
f 2577/3987/3861 2565/3986/3860 2564/3988/3862
f 2480/3989/3863 2525/3990/3864 2481/3991/3865
f 2481/3991/3865 2525/3990/3864 2551/3992/3866
f 2551/3992/3866 2525/3990/3864 2524/3993/3867
f 2551/3992/3866 2524/3993/3867 2552/3994/3868
f 2552/3994/3868 2524/3993/3867 2523/3995/3869
f 2552/3994/3868 2523/3995/3869 2553/3996/3870
f 2553/3996/3870 2523/3995/3869 2522/3997/3871
f 2553/3996/3870 2522/3997/3871 2554/3998/3872
f 2554/3998/3872 2522/3997/3871 2521/3999/3873
f 2554/3998/3872 2521/3999/3873 2555/4000/3874
f 2555/4000/3874 2521/3999/3873 2520/4001/3875
f 2555/4000/3874 2520/4001/3875 2556/4002/3876
f 2556/4002/3876 2520/4001/3875 2519/4003/3877
f 2556/4002/3876 2519/4003/3877 2557/4004/3878
f 2557/4004/3878 2519/4003/3877 2518/4005/3879
f 2557/4004/3878 2518/4005/3879 2558/4006/3880
f 2558/4006/3880 2518/4005/3879 2517/4007/3881
f 2558/4006/3880 2517/4007/3881 2559/4008/3882
f 2559/4008/3882 2517/4007/3881 2516/4009/3883
f 2559/4008/3882 2516/4009/3883 2560/4010/3884
f 2560/4010/3884 2516/4009/3883 2515/4011/3885
f 2560/4010/3884 2515/4011/3885 2561/4012/3886
f 2561/4012/3886 2515/4011/3885 2514/4013/3887
f 2561/4012/3886 2514/4013/3887 2562/4014/3888
f 2562/4014/3888 2514/4013/3887 2513/4015/3889
f 2562/4014/3888 2513/4015/3889 2563/4016/3890
f 2435/4017/3891 2462/4018/3892 2477/4019/3893
f 2477/4019/3893 2462/4018/3892 2602/4020/3894
f 2602/4020/3894 2462/4018/3892 2461/4021/3895
f 2602/4020/3894 2461/4021/3895 2601/4022/3896
f 2601/4022/3896 2461/4021/3895 2460/4023/3897
f 2601/4022/3896 2460/4023/3897 2600/4024/3898
f 2600/4024/3898 2460/4023/3897 2459/4025/3899
f 2600/4024/3898 2459/4025/3899 2599/4026/3900
f 2599/4026/3900 2459/4025/3899 2458/4027/3901
f 2599/4026/3900 2458/4027/3901 2598/4028/3902
f 2598/4028/3902 2458/4027/3901 2457/4029/3903
f 2598/4028/3902 2457/4029/3903 2597/4030/3904
f 2597/4030/3904 2457/4029/3903 2456/4031/3905
f 2597/4030/3904 2456/4031/3905 2596/4032/3906
f 2596/4032/3906 2456/4031/3905 2455/4033/3907
f 2596/4032/3906 2455/4033/3907 2595/4034/3908
f 2595/4034/3908 2455/4033/3907 2454/4035/3909
f 2595/4034/3908 2454/4035/3909 2594/4036/3910
f 2594/4036/3910 2454/4035/3909 2453/4037/3911
f 2594/4036/3910 2453/4037/3911 2593/4038/3912
f 2593/4038/3912 2453/4037/3911 2452/4039/3913
f 2593/4038/3912 2452/4039/3913 2592/4040/3914
f 2592/4040/3914 2452/4039/3913 2451/4041/3915
f 2592/4040/3914 2451/4041/3915 2591/4042/3916
f 2591/4042/3916 2451/4041/3915 2450/4043/3917
f 2591/4042/3916 2450/4043/3917 2590/4044/3918
f 2340/4045/3919 2339/4046/3920 2484/4047/3921
f 2484/4047/3921 2339/4046/3920 2499/4048/3922
f 2499/4048/3922 2339/4046/3920 2338/4049/3923
f 2499/4048/3922 2338/4049/3923 2500/4050/3924
f 2500/4050/3924 2338/4049/3923 2337/4051/3925
f 2500/4050/3924 2337/4051/3925 2501/4052/3926
f 2501/4052/3926 2337/4051/3925 2336/4053/3927
f 2501/4052/3926 2336/4053/3927 2502/4054/3928
f 2502/4054/3928 2336/4053/3927 2335/4055/3929
f 2502/4054/3928 2335/4055/3929 2503/4056/3930
f 2503/4056/3930 2335/4055/3929 2334/4057/3931
f 2503/4056/3930 2334/4057/3931 2504/4058/3932
f 2504/4058/3932 2334/4057/3931 2333/4059/3933
f 2504/4058/3932 2333/4059/3933 2505/4060/3934
f 2505/4060/3934 2333/4059/3933 2332/4061/3935
f 2505/4060/3934 2332/4061/3935 2506/4062/3936
f 2506/4062/3936 2332/4061/3935 2331/4063/3937
f 2506/4062/3936 2331/4063/3937 2507/4064/3938
f 2507/4064/3938 2331/4063/3937 2330/4065/3939
f 2507/4064/3938 2330/4065/3939 2508/4066/3940
f 2508/4066/3940 2330/4065/3939 2329/4067/3941
f 2508/4066/3940 2329/4067/3941 2509/4068/3942
f 2509/4068/3942 2329/4067/3941 2328/4069/3943
f 2509/4068/3942 2328/4069/3943 2510/4070/3944
f 2510/4070/3944 2328/4069/3943 2327/4071/3945
f 2510/4070/3944 2327/4071/3945 2511/4072/3946
f 2358/4073/3947 2357/4074/3948 2577/4075/3949
f 2577/4075/3949 2357/4074/3948 2578/4076/3950
f 2578/4076/3950 2357/4074/3948 2356/4077/3951
f 2578/4076/3950 2356/4077/3951 2579/4078/3952
f 2579/4078/3952 2356/4077/3951 2355/4079/3953
f 2579/4078/3952 2355/4079/3953 2580/4080/3954
f 2580/4080/3954 2355/4079/3953 2354/4081/3955
f 2580/4080/3954 2354/4081/3955 2581/4082/3956
f 2581/4082/3956 2354/4081/3955 2353/4083/3957
f 2581/4082/3956 2353/4083/3957 2582/4084/3958
f 2582/4084/3958 2353/4083/3957 2352/4085/3959
f 2582/4084/3958 2352/4085/3959 2583/4086/3960
f 2583/4086/3960 2352/4085/3959 2351/4087/3961
f 2583/4086/3960 2351/4087/3961 2584/4088/3962
f 2584/4088/3962 2351/4087/3961 2350/4089/3963
f 2584/4088/3962 2350/4089/3963 2585/4090/3964
f 2585/4090/3964 2350/4089/3963 2349/4091/3965
f 2585/4090/3964 2349/4091/3965 2586/4092/3966
f 2586/4092/3966 2349/4091/3965 2348/4093/3967
f 2586/4092/3966 2348/4093/3967 2587/4094/3968
f 2587/4094/3968 2348/4093/3967 2347/4095/3969
f 2587/4094/3968 2347/4095/3969 2588/4096/3970
f 2588/4096/3970 2347/4095/3969 2346/4097/3971
f 2588/4096/3970 2346/4097/3971 2589/4098/3972
f 2589/4098/3972 2346/4097/3971 2345/4099/3973
f 2589/4098/3972 2345/4099/3973 2483/4100/3974
f 2091/4101/3975 2364/4102/3976 2068/4103/3977
f 2068/4103/3977 2364/4102/3976 2363/4104/3978
f 2068/4105/3977 2363/4106/3978 2069/4107/3979
f 2069/4107/3979 2363/4106/3978 2386/4108/3980
f 2069/4107/3979 2386/4108/3980 2070/4109/3981
f 2070/4109/3981 2386/4108/3980 2385/4110/3982
f 2070/4109/3981 2385/4110/3982 2071/4111/3983
f 2071/4111/3983 2385/4110/3982 2384/4112/3984
f 2071/4111/3983 2384/4112/3984 2072/4113/3985
f 2072/4113/3985 2384/4112/3984 2383/4114/3986
f 2072/4113/3985 2383/4114/3986 2073/4115/3987
f 2073/4115/3987 2383/4114/3986 2382/4116/3988
f 2073/4115/3987 2382/4116/3988 2074/4117/3989
f 2074/4117/3989 2382/4116/3988 2381/4118/3990
f 2074/4117/3989 2381/4118/3990 2075/4119/3991
f 2075/4119/3991 2381/4118/3990 2380/4120/3992
f 2075/4119/3991 2380/4120/3992 2076/4121/3993
f 2076/4121/3993 2380/4120/3992 2379/4122/3994
f 2076/4121/3993 2379/4122/3994 2077/4123/3995
f 2077/4123/3995 2379/4122/3994 2378/4124/3996
f 2077/4123/3995 2378/4124/3996 2078/4125/3997
f 2078/4125/3997 2378/4124/3996 2377/4126/3998
f 2078/4125/3997 2377/4126/3998 2079/4127/3999
f 2079/4127/3999 2377/4126/3998 2376/4128/4000
f 2079/4127/3999 2376/4128/4000 2080/4129/4001
f 2080/4129/4001 2376/4128/4000 2375/4130/4002
f 2080/4129/4001 2375/4130/4002 2081/4131/4003
f 2081/4131/4003 2375/4130/4002 2374/4132/4004
f 2081/4131/4003 2374/4132/4004 2082/4133/4005
f 2082/4133/4005 2374/4132/4004 2373/4134/4006
f 2082/4133/4005 2373/4134/4006 2083/4135/4007
f 2083/4135/4007 2373/4134/4006 2372/4136/4008
f 2083/4135/4007 2372/4136/4008 2084/4137/4009
f 2084/4137/4009 2372/4136/4008 2371/4138/4010
f 2084/4137/4009 2371/4138/4010 2085/4139/4011
f 2085/4139/4011 2371/4138/4010 2370/4140/4012
f 2085/4139/4011 2370/4140/4012 2086/4141/4013
f 2086/4141/4013 2370/4140/4012 2369/4142/4014
f 2086/4141/4013 2369/4142/4014 2087/4143/4015
f 2087/4143/4015 2369/4142/4014 2368/4144/4016
f 2087/4143/4015 2368/4144/4016 2088/4145/4017
f 2088/4145/4017 2368/4144/4016 2367/4146/4018
f 2088/4145/4017 2367/4146/4018 2089/4147/4019
f 2089/4147/4019 2367/4146/4018 2366/4148/4020
f 2089/4147/4019 2366/4148/4020 2090/4149/4021
f 2090/4149/4021 2366/4148/4020 2365/4150/4022
f 2090/4149/4021 2365/4150/4022 2091/4101/3975
f 2091/4101/3975 2365/4150/4022 2364/4102/3976
f 2477/4151/4023 2602/4152/4024 2162/4153/4025
f 2162/4153/4025 2602/4152/4024 2163/4154/4026
f 2163/4154/4026 2602/4152/4024 2601/4155/4027
f 2163/4154/4026 2601/4155/4027 2164/4156/4028
f 2164/4156/4028 2601/4155/4027 2600/4157/4029
f 2164/4156/4028 2600/4157/4029 2165/4158/4030
f 2165/4158/4030 2600/4157/4029 2599/4159/4031
f 2165/4158/4030 2599/4159/4031 2166/4160/4032
f 2166/4160/4032 2599/4159/4031 2598/4161/4033
f 2166/4160/4032 2598/4161/4033 2167/4162/4034
f 2167/4162/4034 2598/4161/4033 2597/4163/4035
f 2167/4162/4034 2597/4163/4035 2168/4164/4036
f 2168/4164/4036 2597/4163/4035 2596/4165/4037
f 2168/4164/4036 2596/4165/4037 2169/4166/4038
f 2169/4166/4038 2596/4165/4037 2595/4167/4039
f 2169/4166/4038 2595/4167/4039 2170/4168/4040
f 2170/4168/4040 2595/4167/4039 2594/4169/4041
f 2170/4168/4040 2594/4169/4041 2171/4170/4042
f 2171/4170/4042 2594/4169/4041 2593/4171/4043
f 2171/4170/4042 2593/4171/4043 2172/4172/4044
f 2172/4172/4044 2593/4171/4043 2592/4173/4045
f 2172/4172/4044 2592/4173/4045 2173/4174/4046
f 2173/4174/4046 2592/4173/4045 2591/4175/4047
f 2173/4174/4046 2591/4175/4047 2174/4176/4048
f 2174/4176/4048 2591/4175/4047 2590/4177/4049
f 2174/4176/4048 2590/4177/4049 2175/4178/4050
f 2450/4179/4051 2449/4180/4052 2590/4181/4053
f 2590/4181/4053 2449/4180/4052 2476/4182/4054
f 2590/4181/4053 2476/4182/4054 2486/4183/4055
f 2486/4183/4055 2511/4184/4056 2590/4181/4053
f 2590/4181/4053 2511/4184/4056 2327/4185/4057
f 2590/4181/4053 2327/4185/4057 2175/4186/4058
f 2175/4186/4058 2327/4185/4057 2176/4187/4059
f 2176/4187/4059 2327/4185/4057 2362/4188/4060
f 2176/4187/4059 2362/4188/4060 2177/4189/4061
f 2177/4189/4061 2362/4188/4060 2361/4190/4062
f 2177/4189/4061 2361/4190/4062 2360/4191/4063
f 2177/4189/4061 2360/4191/4063 2178/4192/4064
f 2178/4192/4064 2360/4191/4063 2359/4193/4065
f 2178/4192/4064 2359/4193/4065 2179/4194/4066
f 2179/4194/4066 2359/4193/4065 2358/4195/4067
f 2179/4194/4066 2358/4195/4067 2180/4196/4068
f 2180/4196/4068 2358/4195/4067 2550/4197/4069
f 2550/4197/4069 2358/4195/4067 2577/4198/4070
f 2550/4197/4069 2577/4198/4070 2564/4199/4071
f 2564/4199/4071 2563/4200/4072 2550/4197/4069
f 2550/4197/4069 2563/4200/4072 2513/4201/4073
f 2550/4197/4069 2513/4201/4073 2512/4202/4074
f 2550/4203/4075 2549/4204/4076 2180/4205/4077
f 2180/4205/4077 2549/4204/4076 2181/4206/4078
f 2181/4206/4078 2549/4204/4076 2548/4207/4079
f 2181/4206/4078 2548/4207/4079 2182/4208/4080
f 2182/4208/4080 2548/4207/4079 2547/4209/4081
f 2182/4208/4080 2547/4209/4081 2183/4210/4082
f 2183/4210/4082 2547/4209/4081 2546/4211/4083
f 2183/4210/4082 2546/4211/4083 2184/4212/4084
f 2184/4212/4084 2546/4211/4083 2545/4213/4085
f 2184/4212/4084 2545/4213/4085 2185/4214/4086
f 2185/4214/4086 2545/4213/4085 2544/4215/4087
f 2185/4214/4086 2544/4215/4087 2186/4216/4088
f 2186/4216/4088 2544/4215/4087 2543/4217/4089
f 2186/4216/4088 2543/4217/4089 2187/4218/4090
f 2187/4218/4090 2543/4217/4089 2542/4219/4091
f 2187/4218/4090 2542/4219/4091 2188/4220/4092
f 2188/4220/4092 2542/4219/4091 2541/4221/4093
f 2188/4220/4092 2541/4221/4093 2189/4222/4094
f 2189/4222/4094 2541/4221/4093 2540/4223/4095
f 2189/4222/4094 2540/4223/4095 2190/4224/4096
f 2190/4224/4096 2540/4223/4095 2539/4225/4097
f 2190/4224/4096 2539/4225/4097 2191/4226/4098
f 2191/4226/4098 2539/4225/4097 2538/4227/4099
f 2191/4226/4098 2538/4227/4099 2192/4228/4100
f 2192/4228/4100 2538/4227/4099 2478/4229/4101
f 2192/4228/4100 2478/4229/4101 2157/4230/4102
# 2602 vertices
# 4230 texture params
# 4102 normals
# 5204 facets

# 2 groups
