ISO-10303-21;
HEADER;
/* Generated by software containing ST-Developer
 * from STEP Tools, Inc. (www.steptools.com) 
 */

FILE_DESCRIPTION(
/* description */ (''),
/* implementation_level */ '2;1');

FILE_NAME(
/* name */ 'case_model.step',
/* time_stamp */ '2026-05-14T14:03:05+02:00',
/* author */ (''),
/* organization */ (''),
/* preprocessor_version */ 'ST-DEVELOPER v20.1',
/* originating_system */ 'Autodesk Translation Framework v15.8.0.0',
/* authorisation */ '');

FILE_SCHEMA (('AUTOMOTIVE_DESIGN { 1 0 10303 214 3 1 1 }'));
ENDSEC;

DATA;
#10=MECHANICAL_DESIGN_GEOMETRIC_PRESENTATION_REPRESENTATION('',(#21,#22),
#2677);
#11=SHAPE_REPRESENTATION_RELATIONSHIP('SRR','None',#2684,#12);
#12=ADVANCED_BREP_SHAPE_REPRESENTATION('',(#23,#24),#2676);
#13=ELLIPSE('',#1736,254.558441227157,180.);
#14=ELLIPSE('',#1737,254.558441227157,180.);
#15=ELLIPSE('',#1739,254.558441227157,180.);
#16=ELLIPSE('',#1741,254.558441227157,180.);
#17=ELLIPSE('',#1746,28.2842712474619,20.);
#18=ELLIPSE('',#1747,28.2842712474619,20.);
#19=ELLIPSE('',#1749,28.2842712474619,20.);
#20=ELLIPSE('',#1751,28.2842712474619,20.);
#21=STYLED_ITEM('',(#2693),#23);
#22=STYLED_ITEM('',(#2693),#24);
#23=MANIFOLD_SOLID_BREP('Body559',#1620);
#24=MANIFOLD_SOLID_BREP('Body560',#1621);
#25=CYLINDRICAL_SURFACE('',#1656,15.);
#26=CYLINDRICAL_SURFACE('',#1657,11.0113579368547);
#27=CYLINDRICAL_SURFACE('',#1664,10.);
#28=CYLINDRICAL_SURFACE('',#1666,10.);
#29=CYLINDRICAL_SURFACE('',#1682,11.0113579368547);
#30=CYLINDRICAL_SURFACE('',#1691,15.);
#31=CYLINDRICAL_SURFACE('',#1692,10.9088058427888);
#32=CYLINDRICAL_SURFACE('',#1693,10.9088058427888);
#33=CYLINDRICAL_SURFACE('',#1702,15.);
#34=CYLINDRICAL_SURFACE('',#1703,11.045361181776);
#35=CYLINDRICAL_SURFACE('',#1704,11.045361181776);
#36=CYLINDRICAL_SURFACE('',#1713,15.);
#37=CYLINDRICAL_SURFACE('',#1714,11.0113579368547);
#38=CYLINDRICAL_SURFACE('',#1715,11.0113579368547);
#39=CYLINDRICAL_SURFACE('',#1735,180.);
#40=CYLINDRICAL_SURFACE('',#1738,180.);
#41=CYLINDRICAL_SURFACE('',#1740,180.);
#42=CYLINDRICAL_SURFACE('',#1742,180.);
#43=CYLINDRICAL_SURFACE('',#1745,20.);
#44=CYLINDRICAL_SURFACE('',#1748,20.);
#45=CYLINDRICAL_SURFACE('',#1750,20.);
#46=CYLINDRICAL_SURFACE('',#1752,20.);
#47=CYLINDRICAL_SURFACE('',#1768,47.0026601996183);
#48=FACE_BOUND('',#211,.T.);
#49=FACE_BOUND('',#213,.T.);
#50=FACE_BOUND('',#229,.T.);
#51=FACE_BOUND('',#233,.T.);
#52=FACE_BOUND('',#234,.T.);
#53=FACE_BOUND('',#235,.T.);
#54=FACE_BOUND('',#236,.T.);
#55=FACE_BOUND('',#240,.T.);
#56=FACE_BOUND('',#242,.T.);
#57=FACE_BOUND('',#248,.T.);
#58=FACE_BOUND('',#250,.T.);
#59=FACE_BOUND('',#256,.T.);
#60=FACE_BOUND('',#258,.T.);
#61=FACE_BOUND('',#278,.T.);
#62=FACE_BOUND('',#279,.T.);
#63=FACE_BOUND('',#281,.T.);
#64=FACE_BOUND('',#293,.T.);
#65=FACE_BOUND('',#294,.T.);
#66=CIRCLE('',#1651,15.);
#67=CIRCLE('',#1652,11.0113579368547);
#68=CIRCLE('',#1654,15.);
#69=CIRCLE('',#1655,11.0113579368547);
#70=CIRCLE('',#1658,11.0113579368547);
#71=CIRCLE('',#1660,10.);
#72=CIRCLE('',#1663,10.);
#73=CIRCLE('',#1667,10.);
#74=CIRCLE('',#1668,10.);
#75=CIRCLE('',#1679,11.0113579368547);
#76=CIRCLE('',#1680,10.9088058427888);
#77=CIRCLE('',#1681,11.045361181776);
#78=CIRCLE('',#1683,11.0113579368547);
#79=CIRCLE('',#1686,15.);
#80=CIRCLE('',#1687,10.9088058427888);
#81=CIRCLE('',#1689,15.);
#82=CIRCLE('',#1690,10.9088058427888);
#83=CIRCLE('',#1694,10.9088058427888);
#84=CIRCLE('',#1697,15.);
#85=CIRCLE('',#1698,11.045361181776);
#86=CIRCLE('',#1700,15.);
#87=CIRCLE('',#1701,11.045361181776);
#88=CIRCLE('',#1705,11.045361181776);
#89=CIRCLE('',#1708,15.);
#90=CIRCLE('',#1709,11.0113579368547);
#91=CIRCLE('',#1711,15.);
#92=CIRCLE('',#1712,11.0113579368547);
#93=CIRCLE('',#1716,11.0113579368547);
#94=CIRCLE('',#1733,47.0026601996183);
#95=CIRCLE('',#1754,47.0026601996183);
#96=FACE_OUTER_BOUND('',#195,.T.);
#97=FACE_OUTER_BOUND('',#196,.T.);
#98=FACE_OUTER_BOUND('',#197,.T.);
#99=FACE_OUTER_BOUND('',#198,.T.);
#100=FACE_OUTER_BOUND('',#199,.T.);
#101=FACE_OUTER_BOUND('',#200,.T.);
#102=FACE_OUTER_BOUND('',#201,.T.);
#103=FACE_OUTER_BOUND('',#202,.T.);
#104=FACE_OUTER_BOUND('',#203,.T.);
#105=FACE_OUTER_BOUND('',#204,.T.);
#106=FACE_OUTER_BOUND('',#205,.T.);
#107=FACE_OUTER_BOUND('',#206,.T.);
#108=FACE_OUTER_BOUND('',#207,.T.);
#109=FACE_OUTER_BOUND('',#208,.T.);
#110=FACE_OUTER_BOUND('',#209,.T.);
#111=FACE_OUTER_BOUND('',#210,.T.);
#112=FACE_OUTER_BOUND('',#212,.T.);
#113=FACE_OUTER_BOUND('',#214,.T.);
#114=FACE_OUTER_BOUND('',#215,.T.);
#115=FACE_OUTER_BOUND('',#216,.T.);
#116=FACE_OUTER_BOUND('',#217,.T.);
#117=FACE_OUTER_BOUND('',#218,.T.);
#118=FACE_OUTER_BOUND('',#219,.T.);
#119=FACE_OUTER_BOUND('',#220,.T.);
#120=FACE_OUTER_BOUND('',#221,.T.);
#121=FACE_OUTER_BOUND('',#222,.T.);
#122=FACE_OUTER_BOUND('',#223,.T.);
#123=FACE_OUTER_BOUND('',#224,.T.);
#124=FACE_OUTER_BOUND('',#225,.T.);
#125=FACE_OUTER_BOUND('',#226,.T.);
#126=FACE_OUTER_BOUND('',#227,.T.);
#127=FACE_OUTER_BOUND('',#228,.T.);
#128=FACE_OUTER_BOUND('',#230,.T.);
#129=FACE_OUTER_BOUND('',#231,.T.);
#130=FACE_OUTER_BOUND('',#232,.T.);
#131=FACE_OUTER_BOUND('',#237,.T.);
#132=FACE_OUTER_BOUND('',#238,.T.);
#133=FACE_OUTER_BOUND('',#239,.T.);
#134=FACE_OUTER_BOUND('',#241,.T.);
#135=FACE_OUTER_BOUND('',#243,.T.);
#136=FACE_OUTER_BOUND('',#244,.T.);
#137=FACE_OUTER_BOUND('',#245,.T.);
#138=FACE_OUTER_BOUND('',#246,.T.);
#139=FACE_OUTER_BOUND('',#247,.T.);
#140=FACE_OUTER_BOUND('',#249,.T.);
#141=FACE_OUTER_BOUND('',#251,.T.);
#142=FACE_OUTER_BOUND('',#252,.T.);
#143=FACE_OUTER_BOUND('',#253,.T.);
#144=FACE_OUTER_BOUND('',#254,.T.);
#145=FACE_OUTER_BOUND('',#255,.T.);
#146=FACE_OUTER_BOUND('',#257,.T.);
#147=FACE_OUTER_BOUND('',#259,.T.);
#148=FACE_OUTER_BOUND('',#260,.T.);
#149=FACE_OUTER_BOUND('',#261,.T.);
#150=FACE_OUTER_BOUND('',#262,.T.);
#151=FACE_OUTER_BOUND('',#263,.T.);
#152=FACE_OUTER_BOUND('',#264,.T.);
#153=FACE_OUTER_BOUND('',#265,.T.);
#154=FACE_OUTER_BOUND('',#266,.T.);
#155=FACE_OUTER_BOUND('',#267,.T.);
#156=FACE_OUTER_BOUND('',#268,.T.);
#157=FACE_OUTER_BOUND('',#269,.T.);
#158=FACE_OUTER_BOUND('',#270,.T.);
#159=FACE_OUTER_BOUND('',#271,.T.);
#160=FACE_OUTER_BOUND('',#272,.T.);
#161=FACE_OUTER_BOUND('',#273,.T.);
#162=FACE_OUTER_BOUND('',#274,.T.);
#163=FACE_OUTER_BOUND('',#275,.T.);
#164=FACE_OUTER_BOUND('',#276,.T.);
#165=FACE_OUTER_BOUND('',#277,.T.);
#166=FACE_OUTER_BOUND('',#280,.T.);
#167=FACE_OUTER_BOUND('',#282,.T.);
#168=FACE_OUTER_BOUND('',#283,.T.);
#169=FACE_OUTER_BOUND('',#284,.T.);
#170=FACE_OUTER_BOUND('',#285,.T.);
#171=FACE_OUTER_BOUND('',#286,.T.);
#172=FACE_OUTER_BOUND('',#287,.T.);
#173=FACE_OUTER_BOUND('',#288,.T.);
#174=FACE_OUTER_BOUND('',#289,.T.);
#175=FACE_OUTER_BOUND('',#290,.T.);
#176=FACE_OUTER_BOUND('',#291,.T.);
#177=FACE_OUTER_BOUND('',#292,.T.);
#178=FACE_OUTER_BOUND('',#295,.T.);
#179=FACE_OUTER_BOUND('',#296,.T.);
#180=FACE_OUTER_BOUND('',#297,.T.);
#181=FACE_OUTER_BOUND('',#298,.T.);
#182=FACE_OUTER_BOUND('',#299,.T.);
#183=FACE_OUTER_BOUND('',#300,.T.);
#184=FACE_OUTER_BOUND('',#301,.T.);
#185=FACE_OUTER_BOUND('',#302,.T.);
#186=FACE_OUTER_BOUND('',#303,.T.);
#187=FACE_OUTER_BOUND('',#304,.T.);
#188=FACE_OUTER_BOUND('',#305,.T.);
#189=FACE_OUTER_BOUND('',#306,.T.);
#190=FACE_OUTER_BOUND('',#307,.T.);
#191=FACE_OUTER_BOUND('',#308,.T.);
#192=FACE_OUTER_BOUND('',#309,.T.);
#193=FACE_OUTER_BOUND('',#310,.T.);
#194=FACE_OUTER_BOUND('',#311,.T.);
#195=EDGE_LOOP('',(#1015,#1016,#1017));
#196=EDGE_LOOP('',(#1018,#1019,#1020));
#197=EDGE_LOOP('',(#1021,#1022,#1023));
#198=EDGE_LOOP('',(#1024,#1025,#1026));
#199=EDGE_LOOP('',(#1027,#1028,#1029,#1030));
#200=EDGE_LOOP('',(#1031,#1032,#1033,#1034));
#201=EDGE_LOOP('',(#1035,#1036,#1037,#1038));
#202=EDGE_LOOP('',(#1039,#1040,#1041,#1042));
#203=EDGE_LOOP('',(#1043,#1044,#1045,#1046));
#204=EDGE_LOOP('',(#1047,#1048,#1049,#1050));
#205=EDGE_LOOP('',(#1051,#1052,#1053,#1054));
#206=EDGE_LOOP('',(#1055,#1056,#1057,#1058));
#207=EDGE_LOOP('',(#1059,#1060,#1061,#1062));
#208=EDGE_LOOP('',(#1063,#1064,#1065,#1066));
#209=EDGE_LOOP('',(#1067,#1068,#1069,#1070));
#210=EDGE_LOOP('',(#1071));
#211=EDGE_LOOP('',(#1072));
#212=EDGE_LOOP('',(#1073));
#213=EDGE_LOOP('',(#1074));
#214=EDGE_LOOP('',(#1075,#1076,#1077,#1078));
#215=EDGE_LOOP('',(#1079,#1080,#1081,#1082));
#216=EDGE_LOOP('',(#1083,#1084,#1085,#1086,#1087,#1088,#1089,#1090));
#217=EDGE_LOOP('',(#1091,#1092,#1093,#1094,#1095,#1096,#1097,#1098));
#218=EDGE_LOOP('',(#1099,#1100,#1101,#1102));
#219=EDGE_LOOP('',(#1103,#1104,#1105,#1106));
#220=EDGE_LOOP('',(#1107,#1108,#1109,#1110));
#221=EDGE_LOOP('',(#1111,#1112,#1113,#1114));
#222=EDGE_LOOP('',(#1115,#1116,#1117,#1118));
#223=EDGE_LOOP('',(#1119,#1120,#1121,#1122));
#224=EDGE_LOOP('',(#1123,#1124,#1125,#1126,#1127,#1128,#1129,#1130));
#225=EDGE_LOOP('',(#1131,#1132,#1133,#1134));
#226=EDGE_LOOP('',(#1135,#1136,#1137,#1138));
#227=EDGE_LOOP('',(#1139,#1140,#1141,#1142,#1143,#1144,#1145,#1146));
#228=EDGE_LOOP('',(#1147,#1148,#1149,#1150,#1151,#1152,#1153,#1154));
#229=EDGE_LOOP('',(#1155,#1156,#1157,#1158));
#230=EDGE_LOOP('',(#1159,#1160,#1161,#1162));
#231=EDGE_LOOP('',(#1163,#1164,#1165,#1166));
#232=EDGE_LOOP('',(#1167,#1168,#1169,#1170));
#233=EDGE_LOOP('',(#1171));
#234=EDGE_LOOP('',(#1172));
#235=EDGE_LOOP('',(#1173));
#236=EDGE_LOOP('',(#1174));
#237=EDGE_LOOP('',(#1175,#1176,#1177,#1178));
#238=EDGE_LOOP('',(#1179));
#239=EDGE_LOOP('',(#1180));
#240=EDGE_LOOP('',(#1181));
#241=EDGE_LOOP('',(#1182));
#242=EDGE_LOOP('',(#1183));
#243=EDGE_LOOP('',(#1184,#1185,#1186,#1187));
#244=EDGE_LOOP('',(#1188,#1189,#1190,#1191));
#245=EDGE_LOOP('',(#1192,#1193,#1194,#1195));
#246=EDGE_LOOP('',(#1196));
#247=EDGE_LOOP('',(#1197));
#248=EDGE_LOOP('',(#1198));
#249=EDGE_LOOP('',(#1199));
#250=EDGE_LOOP('',(#1200));
#251=EDGE_LOOP('',(#1201,#1202,#1203,#1204));
#252=EDGE_LOOP('',(#1205,#1206,#1207,#1208));
#253=EDGE_LOOP('',(#1209,#1210,#1211,#1212));
#254=EDGE_LOOP('',(#1213));
#255=EDGE_LOOP('',(#1214));
#256=EDGE_LOOP('',(#1215));
#257=EDGE_LOOP('',(#1216));
#258=EDGE_LOOP('',(#1217));
#259=EDGE_LOOP('',(#1218,#1219,#1220,#1221));
#260=EDGE_LOOP('',(#1222,#1223,#1224,#1225));
#261=EDGE_LOOP('',(#1226,#1227,#1228,#1229));
#262=EDGE_LOOP('',(#1230));
#263=EDGE_LOOP('',(#1231,#1232,#1233));
#264=EDGE_LOOP('',(#1234,#1235,#1236,#1237));
#265=EDGE_LOOP('',(#1238,#1239,#1240));
#266=EDGE_LOOP('',(#1241,#1242,#1243,#1244));
#267=EDGE_LOOP('',(#1245,#1246,#1247));
#268=EDGE_LOOP('',(#1248,#1249,#1250,#1251));
#269=EDGE_LOOP('',(#1252,#1253,#1254,#1255));
#270=EDGE_LOOP('',(#1256,#1257,#1258));
#271=EDGE_LOOP('',(#1259,#1260,#1261,#1262));
#272=EDGE_LOOP('',(#1263,#1264,#1265,#1266));
#273=EDGE_LOOP('',(#1267,#1268,#1269,#1270));
#274=EDGE_LOOP('',(#1271,#1272,#1273,#1274));
#275=EDGE_LOOP('',(#1275,#1276,#1277,#1278));
#276=EDGE_LOOP('',(#1279,#1280,#1281,#1282));
#277=EDGE_LOOP('',(#1283,#1284,#1285,#1286));
#278=EDGE_LOOP('',(#1287,#1288,#1289,#1290));
#279=EDGE_LOOP('',(#1291));
#280=EDGE_LOOP('',(#1292,#1293,#1294,#1295,#1296,#1297,#1298,#1299));
#281=EDGE_LOOP('',(#1300,#1301,#1302,#1303));
#282=EDGE_LOOP('',(#1304,#1305,#1306,#1307));
#283=EDGE_LOOP('',(#1308,#1309,#1310,#1311));
#284=EDGE_LOOP('',(#1312,#1313,#1314,#1315));
#285=EDGE_LOOP('',(#1316,#1317,#1318,#1319));
#286=EDGE_LOOP('',(#1320,#1321,#1322,#1323));
#287=EDGE_LOOP('',(#1324,#1325,#1326,#1327));
#288=EDGE_LOOP('',(#1328,#1329,#1330,#1331));
#289=EDGE_LOOP('',(#1332,#1333,#1334,#1335));
#290=EDGE_LOOP('',(#1336,#1337,#1338,#1339));
#291=EDGE_LOOP('',(#1340,#1341,#1342,#1343));
#292=EDGE_LOOP('',(#1344,#1345,#1346,#1347));
#293=EDGE_LOOP('',(#1348));
#294=EDGE_LOOP('',(#1349,#1350,#1351,#1352));
#295=EDGE_LOOP('',(#1353,#1354,#1355,#1356));
#296=EDGE_LOOP('',(#1357,#1358,#1359,#1360));
#297=EDGE_LOOP('',(#1361,#1362,#1363,#1364,#1365,#1366,#1367,#1368,#1369,
#1370,#1371,#1372,#1373,#1374,#1375,#1376));
#298=EDGE_LOOP('',(#1377,#1378,#1379,#1380));
#299=EDGE_LOOP('',(#1381,#1382,#1383,#1384));
#300=EDGE_LOOP('',(#1385,#1386,#1387,#1388));
#301=EDGE_LOOP('',(#1389,#1390,#1391,#1392));
#302=EDGE_LOOP('',(#1393,#1394,#1395,#1396));
#303=EDGE_LOOP('',(#1397,#1398,#1399,#1400));
#304=EDGE_LOOP('',(#1401,#1402,#1403,#1404));
#305=EDGE_LOOP('',(#1405,#1406,#1407,#1408));
#306=EDGE_LOOP('',(#1409,#1410,#1411,#1412));
#307=EDGE_LOOP('',(#1413,#1414,#1415,#1416));
#308=EDGE_LOOP('',(#1417,#1418,#1419,#1420));
#309=EDGE_LOOP('',(#1421,#1422,#1423,#1424));
#310=EDGE_LOOP('',(#1425,#1426,#1427,#1428,#1429,#1430,#1431,#1432,#1433,
#1434,#1435,#1436,#1437,#1438,#1439,#1440));
#311=EDGE_LOOP('',(#1441,#1442,#1443,#1444));
#312=LINE('',#2229,#489);
#313=LINE('',#2231,#490);
#314=LINE('',#2232,#491);
#315=LINE('',#2236,#492);
#316=LINE('',#2238,#493);
#317=LINE('',#2239,#494);
#318=LINE('',#2243,#495);
#319=LINE('',#2245,#496);
#320=LINE('',#2246,#497);
#321=LINE('',#2250,#498);
#322=LINE('',#2252,#499);
#323=LINE('',#2253,#500);
#324=LINE('',#2255,#501);
#325=LINE('',#2256,#502);
#326=LINE('',#2260,#503);
#327=LINE('',#2261,#504);
#328=LINE('',#2262,#505);
#329=LINE('',#2264,#506);
#330=LINE('',#2265,#507);
#331=LINE('',#2267,#508);
#332=LINE('',#2268,#509);
#333=LINE('',#2272,#510);
#334=LINE('',#2273,#511);
#335=LINE('',#2274,#512);
#336=LINE('',#2278,#513);
#337=LINE('',#2279,#514);
#338=LINE('',#2280,#515);
#339=LINE('',#2282,#516);
#340=LINE('',#2283,#517);
#341=LINE('',#2287,#518);
#342=LINE('',#2288,#519);
#343=LINE('',#2289,#520);
#344=LINE('',#2291,#521);
#345=LINE('',#2293,#522);
#346=LINE('',#2306,#523);
#347=LINE('',#2309,#524);
#348=LINE('',#2314,#525);
#349=LINE('',#2316,#526);
#350=LINE('',#2318,#527);
#351=LINE('',#2322,#528);
#352=LINE('',#2324,#529);
#353=LINE('',#2326,#530);
#354=LINE('',#2327,#531);
#355=LINE('',#2330,#532);
#356=LINE('',#2332,#533);
#357=LINE('',#2333,#534);
#358=LINE('',#2335,#535);
#359=LINE('',#2337,#536);
#360=LINE('',#2338,#537);
#361=LINE('',#2343,#538);
#362=LINE('',#2344,#539);
#363=LINE('',#2346,#540);
#364=LINE('',#2347,#541);
#365=LINE('',#2351,#542);
#366=LINE('',#2353,#543);
#367=LINE('',#2355,#544);
#368=LINE('',#2356,#545);
#369=LINE('',#2361,#546);
#370=LINE('',#2365,#547);
#371=LINE('',#2367,#548);
#372=LINE('',#2368,#549);
#373=LINE('',#2370,#550);
#374=LINE('',#2373,#551);
#375=LINE('',#2375,#552);
#376=LINE('',#2376,#553);
#377=LINE('',#2377,#554);
#378=LINE('',#2381,#555);
#379=LINE('',#2382,#556);
#380=LINE('',#2384,#557);
#381=LINE('',#2385,#558);
#382=LINE('',#2398,#559);
#383=LINE('',#2411,#560);
#384=LINE('',#2413,#561);
#385=LINE('',#2417,#562);
#386=LINE('',#2430,#563);
#387=LINE('',#2432,#564);
#388=LINE('',#2436,#565);
#389=LINE('',#2449,#566);
#390=LINE('',#2451,#567);
#391=LINE('',#2455,#568);
#392=LINE('',#2460,#569);
#393=LINE('',#2462,#570);
#394=LINE('',#2463,#571);
#395=LINE('',#2467,#572);
#396=LINE('',#2468,#573);
#397=LINE('',#2469,#574);
#398=LINE('',#2473,#575);
#399=LINE('',#2475,#576);
#400=LINE('',#2476,#577);
#401=LINE('',#2480,#578);
#402=LINE('',#2481,#579);
#403=LINE('',#2482,#580);
#404=LINE('',#2486,#581);
#405=LINE('',#2488,#582);
#406=LINE('',#2489,#583);
#407=LINE('',#2493,#584);
#408=LINE('',#2494,#585);
#409=LINE('',#2495,#586);
#410=LINE('',#2497,#587);
#411=LINE('',#2498,#588);
#412=LINE('',#2502,#589);
#413=LINE('',#2504,#590);
#414=LINE('',#2505,#591);
#415=LINE('',#2509,#592);
#416=LINE('',#2510,#593);
#417=LINE('',#2511,#594);
#418=LINE('',#2513,#595);
#419=LINE('',#2514,#596);
#420=LINE('',#2516,#597);
#421=LINE('',#2517,#598);
#422=LINE('',#2519,#599);
#423=LINE('',#2520,#600);
#424=LINE('',#2522,#601);
#425=LINE('',#2524,#602);
#426=LINE('',#2528,#603);
#427=LINE('',#2530,#604);
#428=LINE('',#2532,#605);
#429=LINE('',#2533,#606);
#430=LINE('',#2537,#607);
#431=LINE('',#2538,#608);
#432=LINE('',#2541,#609);
#433=LINE('',#2543,#610);
#434=LINE('',#2545,#611);
#435=LINE('',#2546,#612);
#436=LINE('',#2551,#613);
#437=LINE('',#2556,#614);
#438=LINE('',#2560,#615);
#439=LINE('',#2562,#616);
#440=LINE('',#2568,#617);
#441=LINE('',#2574,#618);
#442=LINE('',#2577,#619);
#443=LINE('',#2580,#620);
#444=LINE('',#2584,#621);
#445=LINE('',#2586,#622);
#446=LINE('',#2588,#623);
#447=LINE('',#2589,#624);
#448=LINE('',#2595,#625);
#449=LINE('',#2597,#626);
#450=LINE('',#2599,#627);
#451=LINE('',#2600,#628);
#452=LINE('',#2603,#629);
#453=LINE('',#2605,#630);
#454=LINE('',#2606,#631);
#455=LINE('',#2609,#632);
#456=LINE('',#2610,#633);
#457=LINE('',#2612,#634);
#458=LINE('',#2614,#635);
#459=LINE('',#2616,#636);
#460=LINE('',#2618,#637);
#461=LINE('',#2620,#638);
#462=LINE('',#2622,#639);
#463=LINE('',#2623,#640);
#464=LINE('',#2625,#641);
#465=LINE('',#2627,#642);
#466=LINE('',#2628,#643);
#467=LINE('',#2631,#644);
#468=LINE('',#2632,#645);
#469=LINE('',#2635,#646);
#470=LINE('',#2636,#647);
#471=LINE('',#2640,#648);
#472=LINE('',#2641,#649);
#473=LINE('',#2642,#650);
#474=LINE('',#2645,#651);
#475=LINE('',#2646,#652);
#476=LINE('',#2649,#653);
#477=LINE('',#2651,#654);
#478=LINE('',#2652,#655);
#479=LINE('',#2655,#656);
#480=LINE('',#2656,#657);
#481=LINE('',#2658,#658);
#482=LINE('',#2661,#659);
#483=LINE('',#2662,#660);
#484=LINE('',#2664,#661);
#485=LINE('',#2666,#662);
#486=LINE('',#2668,#663);
#487=LINE('',#2670,#664);
#488=LINE('',#2672,#665);
#489=VECTOR('',#1776,10.);
#490=VECTOR('',#1777,10.);
#491=VECTOR('',#1778,10.);
#492=VECTOR('',#1781,10.);
#493=VECTOR('',#1782,10.);
#494=VECTOR('',#1783,10.);
#495=VECTOR('',#1786,10.);
#496=VECTOR('',#1787,10.);
#497=VECTOR('',#1788,10.);
#498=VECTOR('',#1791,10.);
#499=VECTOR('',#1792,10.);
#500=VECTOR('',#1793,10.);
#501=VECTOR('',#1796,10.);
#502=VECTOR('',#1797,10.);
#503=VECTOR('',#1800,10.);
#504=VECTOR('',#1801,10.);
#505=VECTOR('',#1802,10.);
#506=VECTOR('',#1805,10.);
#507=VECTOR('',#1806,10.);
#508=VECTOR('',#1809,10.);
#509=VECTOR('',#1810,10.);
#510=VECTOR('',#1813,10.);
#511=VECTOR('',#1814,10.);
#512=VECTOR('',#1815,10.);
#513=VECTOR('',#1818,10.);
#514=VECTOR('',#1819,10.);
#515=VECTOR('',#1820,10.);
#516=VECTOR('',#1823,10.);
#517=VECTOR('',#1824,10.);
#518=VECTOR('',#1827,10.);
#519=VECTOR('',#1828,10.);
#520=VECTOR('',#1829,10.);
#521=VECTOR('',#1832,10.);
#522=VECTOR('',#1835,10.);
#523=VECTOR('',#1852,15.);
#524=VECTOR('',#1855,11.0113579368547);
#525=VECTOR('',#1860,10.);
#526=VECTOR('',#1861,10.);
#527=VECTOR('',#1862,10.);
#528=VECTOR('',#1865,10.);
#529=VECTOR('',#1866,10.);
#530=VECTOR('',#1867,10.);
#531=VECTOR('',#1868,10.);
#532=VECTOR('',#1871,10.);
#533=VECTOR('',#1872,10.);
#534=VECTOR('',#1873,10.);
#535=VECTOR('',#1874,10.);
#536=VECTOR('',#1875,10.);
#537=VECTOR('',#1876,10.);
#538=VECTOR('',#1881,10.);
#539=VECTOR('',#1882,10.);
#540=VECTOR('',#1885,10.);
#541=VECTOR('',#1886,10.);
#542=VECTOR('',#1889,10.);
#543=VECTOR('',#1890,10.);
#544=VECTOR('',#1891,10.);
#545=VECTOR('',#1892,10.);
#546=VECTOR('',#1897,10.);
#547=VECTOR('',#1902,10.);
#548=VECTOR('',#1903,10.);
#549=VECTOR('',#1904,10.);
#550=VECTOR('',#1907,10.);
#551=VECTOR('',#1910,10.);
#552=VECTOR('',#1911,10.);
#553=VECTOR('',#1912,10.);
#554=VECTOR('',#1913,10.);
#555=VECTOR('',#1920,10.);
#556=VECTOR('',#1921,10.);
#557=VECTOR('',#1924,10.);
#558=VECTOR('',#1925,10.);
#559=VECTOR('',#1942,11.0113579368547);
#560=VECTOR('',#1959,15.);
#561=VECTOR('',#1962,10.9088058427888);
#562=VECTOR('',#1967,10.9088058427888);
#563=VECTOR('',#1984,15.);
#564=VECTOR('',#1987,11.045361181776);
#565=VECTOR('',#1992,11.045361181776);
#566=VECTOR('',#2009,15.);
#567=VECTOR('',#2012,11.0113579368547);
#568=VECTOR('',#2017,11.0113579368547);
#569=VECTOR('',#2022,10.);
#570=VECTOR('',#2023,10.);
#571=VECTOR('',#2024,10.);
#572=VECTOR('',#2027,10.);
#573=VECTOR('',#2028,10.);
#574=VECTOR('',#2029,10.);
#575=VECTOR('',#2032,10.);
#576=VECTOR('',#2033,10.);
#577=VECTOR('',#2034,10.);
#578=VECTOR('',#2037,10.);
#579=VECTOR('',#2038,10.);
#580=VECTOR('',#2039,10.);
#581=VECTOR('',#2042,10.);
#582=VECTOR('',#2043,10.);
#583=VECTOR('',#2044,10.);
#584=VECTOR('',#2047,10.);
#585=VECTOR('',#2048,10.);
#586=VECTOR('',#2049,10.);
#587=VECTOR('',#2052,10.);
#588=VECTOR('',#2053,10.);
#589=VECTOR('',#2056,10.);
#590=VECTOR('',#2057,10.);
#591=VECTOR('',#2058,10.);
#592=VECTOR('',#2061,10.);
#593=VECTOR('',#2062,10.);
#594=VECTOR('',#2063,10.);
#595=VECTOR('',#2066,10.);
#596=VECTOR('',#2067,10.);
#597=VECTOR('',#2070,10.);
#598=VECTOR('',#2071,10.);
#599=VECTOR('',#2074,10.);
#600=VECTOR('',#2075,10.);
#601=VECTOR('',#2078,10.);
#602=VECTOR('',#2081,10.);
#603=VECTOR('',#2084,180.);
#604=VECTOR('',#2085,180.);
#605=VECTOR('',#2086,180.);
#606=VECTOR('',#2087,180.);
#607=VECTOR('',#2092,10.);
#608=VECTOR('',#2093,10.);
#609=VECTOR('',#2094,10.);
#610=VECTOR('',#2095,10.);
#611=VECTOR('',#2096,10.);
#612=VECTOR('',#2097,10.);
#613=VECTOR('',#2102,10.);
#614=VECTOR('',#2109,10.);
#615=VECTOR('',#2114,10.);
#616=VECTOR('',#2117,10.);
#617=VECTOR('',#2124,10.);
#618=VECTOR('',#2133,10.);
#619=VECTOR('',#2136,10.);
#620=VECTOR('',#2141,10.);
#621=VECTOR('',#2144,10.);
#622=VECTOR('',#2145,10.);
#623=VECTOR('',#2146,10.);
#624=VECTOR('',#2147,10.);
#625=VECTOR('',#2152,10.);
#626=VECTOR('',#2153,10.);
#627=VECTOR('',#2154,10.);
#628=VECTOR('',#2155,10.);
#629=VECTOR('',#2158,10.);
#630=VECTOR('',#2159,10.);
#631=VECTOR('',#2160,10.);
#632=VECTOR('',#2163,10.);
#633=VECTOR('',#2164,10.);
#634=VECTOR('',#2165,10.);
#635=VECTOR('',#2166,10.);
#636=VECTOR('',#2167,10.);
#637=VECTOR('',#2168,10.);
#638=VECTOR('',#2169,10.);
#639=VECTOR('',#2170,10.);
#640=VECTOR('',#2171,10.);
#641=VECTOR('',#2172,10.);
#642=VECTOR('',#2173,10.);
#643=VECTOR('',#2174,10.);
#644=VECTOR('',#2177,10.);
#645=VECTOR('',#2178,10.);
#646=VECTOR('',#2181,10.);
#647=VECTOR('',#2182,10.);
#648=VECTOR('',#2185,10.);
#649=VECTOR('',#2186,10.);
#650=VECTOR('',#2187,10.);
#651=VECTOR('',#2190,10.);
#652=VECTOR('',#2191,10.);
#653=VECTOR('',#2194,10.);
#654=VECTOR('',#2195,10.);
#655=VECTOR('',#2196,10.);
#656=VECTOR('',#2199,10.);
#657=VECTOR('',#2200,10.);
#658=VECTOR('',#2203,10.);
#659=VECTOR('',#2206,10.);
#660=VECTOR('',#2207,10.);
#661=VECTOR('',#2210,10.);
#662=VECTOR('',#2213,10.);
#663=VECTOR('',#2216,47.0026601996183);
#664=VECTOR('',#2219,10.);
#665=VECTOR('',#2222,10.);
#666=VERTEX_POINT('',#2227);
#667=VERTEX_POINT('',#2228);
#668=VERTEX_POINT('',#2230);
#669=VERTEX_POINT('',#2234);
#670=VERTEX_POINT('',#2235);
#671=VERTEX_POINT('',#2237);
#672=VERTEX_POINT('',#2241);
#673=VERTEX_POINT('',#2242);
#674=VERTEX_POINT('',#2244);
#675=VERTEX_POINT('',#2248);
#676=VERTEX_POINT('',#2249);
#677=VERTEX_POINT('',#2251);
#678=VERTEX_POINT('',#2258);
#679=VERTEX_POINT('',#2259);
#680=VERTEX_POINT('',#2270);
#681=VERTEX_POINT('',#2271);
#682=VERTEX_POINT('',#2276);
#683=VERTEX_POINT('',#2277);
#684=VERTEX_POINT('',#2285);
#685=VERTEX_POINT('',#2286);
#686=VERTEX_POINT('',#2296);
#687=VERTEX_POINT('',#2298);
#688=VERTEX_POINT('',#2301);
#689=VERTEX_POINT('',#2303);
#690=VERTEX_POINT('',#2308);
#691=VERTEX_POINT('',#2312);
#692=VERTEX_POINT('',#2313);
#693=VERTEX_POINT('',#2315);
#694=VERTEX_POINT('',#2317);
#695=VERTEX_POINT('',#2319);
#696=VERTEX_POINT('',#2321);
#697=VERTEX_POINT('',#2323);
#698=VERTEX_POINT('',#2325);
#699=VERTEX_POINT('',#2329);
#700=VERTEX_POINT('',#2331);
#701=VERTEX_POINT('',#2334);
#702=VERTEX_POINT('',#2336);
#703=VERTEX_POINT('',#2340);
#704=VERTEX_POINT('',#2341);
#705=VERTEX_POINT('',#2349);
#706=VERTEX_POINT('',#2350);
#707=VERTEX_POINT('',#2352);
#708=VERTEX_POINT('',#2354);
#709=VERTEX_POINT('',#2358);
#710=VERTEX_POINT('',#2360);
#711=VERTEX_POINT('',#2364);
#712=VERTEX_POINT('',#2366);
#713=VERTEX_POINT('',#2372);
#714=VERTEX_POINT('',#2374);
#715=VERTEX_POINT('',#2389);
#716=VERTEX_POINT('',#2391);
#717=VERTEX_POINT('',#2393);
#718=VERTEX_POINT('',#2396);
#719=VERTEX_POINT('',#2401);
#720=VERTEX_POINT('',#2403);
#721=VERTEX_POINT('',#2406);
#722=VERTEX_POINT('',#2408);
#723=VERTEX_POINT('',#2415);
#724=VERTEX_POINT('',#2420);
#725=VERTEX_POINT('',#2422);
#726=VERTEX_POINT('',#2425);
#727=VERTEX_POINT('',#2427);
#728=VERTEX_POINT('',#2434);
#729=VERTEX_POINT('',#2439);
#730=VERTEX_POINT('',#2441);
#731=VERTEX_POINT('',#2444);
#732=VERTEX_POINT('',#2446);
#733=VERTEX_POINT('',#2453);
#734=VERTEX_POINT('',#2458);
#735=VERTEX_POINT('',#2459);
#736=VERTEX_POINT('',#2461);
#737=VERTEX_POINT('',#2465);
#738=VERTEX_POINT('',#2466);
#739=VERTEX_POINT('',#2471);
#740=VERTEX_POINT('',#2472);
#741=VERTEX_POINT('',#2474);
#742=VERTEX_POINT('',#2478);
#743=VERTEX_POINT('',#2479);
#744=VERTEX_POINT('',#2484);
#745=VERTEX_POINT('',#2485);
#746=VERTEX_POINT('',#2487);
#747=VERTEX_POINT('',#2491);
#748=VERTEX_POINT('',#2492);
#749=VERTEX_POINT('',#2500);
#750=VERTEX_POINT('',#2501);
#751=VERTEX_POINT('',#2503);
#752=VERTEX_POINT('',#2507);
#753=VERTEX_POINT('',#2508);
#754=VERTEX_POINT('',#2526);
#755=VERTEX_POINT('',#2527);
#756=VERTEX_POINT('',#2529);
#757=VERTEX_POINT('',#2531);
#758=VERTEX_POINT('',#2534);
#759=VERTEX_POINT('',#2539);
#760=VERTEX_POINT('',#2540);
#761=VERTEX_POINT('',#2542);
#762=VERTEX_POINT('',#2544);
#763=VERTEX_POINT('',#2548);
#764=VERTEX_POINT('',#2550);
#765=VERTEX_POINT('',#2554);
#766=VERTEX_POINT('',#2558);
#767=VERTEX_POINT('',#2566);
#768=VERTEX_POINT('',#2567);
#769=VERTEX_POINT('',#2572);
#770=VERTEX_POINT('',#2576);
#771=VERTEX_POINT('',#2582);
#772=VERTEX_POINT('',#2583);
#773=VERTEX_POINT('',#2585);
#774=VERTEX_POINT('',#2587);
#775=VERTEX_POINT('',#2590);
#776=VERTEX_POINT('',#2593);
#777=VERTEX_POINT('',#2594);
#778=VERTEX_POINT('',#2596);
#779=VERTEX_POINT('',#2598);
#780=VERTEX_POINT('',#2602);
#781=VERTEX_POINT('',#2604);
#782=VERTEX_POINT('',#2608);
#783=VERTEX_POINT('',#2611);
#784=VERTEX_POINT('',#2613);
#785=VERTEX_POINT('',#2615);
#786=VERTEX_POINT('',#2617);
#787=VERTEX_POINT('',#2619);
#788=VERTEX_POINT('',#2621);
#789=VERTEX_POINT('',#2624);
#790=VERTEX_POINT('',#2626);
#791=VERTEX_POINT('',#2630);
#792=VERTEX_POINT('',#2634);
#793=VERTEX_POINT('',#2638);
#794=VERTEX_POINT('',#2639);
#795=VERTEX_POINT('',#2644);
#796=VERTEX_POINT('',#2648);
#797=VERTEX_POINT('',#2650);
#798=VERTEX_POINT('',#2654);
#799=VERTEX_POINT('',#2660);
#800=EDGE_CURVE('',#666,#667,#312,.T.);
#801=EDGE_CURVE('',#668,#666,#313,.T.);
#802=EDGE_CURVE('',#667,#668,#314,.T.);
#803=EDGE_CURVE('',#669,#670,#315,.T.);
#804=EDGE_CURVE('',#671,#669,#316,.T.);
#805=EDGE_CURVE('',#670,#671,#317,.T.);
#806=EDGE_CURVE('',#672,#673,#318,.T.);
#807=EDGE_CURVE('',#674,#672,#319,.T.);
#808=EDGE_CURVE('',#673,#674,#320,.T.);
#809=EDGE_CURVE('',#675,#676,#321,.T.);
#810=EDGE_CURVE('',#677,#675,#322,.T.);
#811=EDGE_CURVE('',#676,#677,#323,.T.);
#812=EDGE_CURVE('',#672,#677,#324,.T.);
#813=EDGE_CURVE('',#675,#674,#325,.T.);
#814=EDGE_CURVE('',#678,#679,#326,.T.);
#815=EDGE_CURVE('',#679,#676,#327,.T.);
#816=EDGE_CURVE('',#677,#678,#328,.T.);
#817=EDGE_CURVE('',#676,#671,#329,.T.);
#818=EDGE_CURVE('',#669,#675,#330,.T.);
#819=EDGE_CURVE('',#674,#666,#331,.T.);
#820=EDGE_CURVE('',#667,#673,#332,.T.);
#821=EDGE_CURVE('',#680,#681,#333,.T.);
#822=EDGE_CURVE('',#681,#672,#334,.T.);
#823=EDGE_CURVE('',#673,#680,#335,.T.);
#824=EDGE_CURVE('',#682,#683,#336,.T.);
#825=EDGE_CURVE('',#683,#670,#337,.T.);
#826=EDGE_CURVE('',#671,#682,#338,.T.);
#827=EDGE_CURVE('',#670,#668,#339,.T.);
#828=EDGE_CURVE('',#666,#669,#340,.T.);
#829=EDGE_CURVE('',#684,#685,#341,.T.);
#830=EDGE_CURVE('',#685,#667,#342,.T.);
#831=EDGE_CURVE('',#668,#684,#343,.T.);
#832=EDGE_CURVE('',#678,#681,#344,.T.);
#833=EDGE_CURVE('',#680,#685,#345,.T.);
#834=EDGE_CURVE('',#686,#686,#66,.T.);
#835=EDGE_CURVE('',#687,#687,#67,.T.);
#836=EDGE_CURVE('',#688,#688,#68,.T.);
#837=EDGE_CURVE('',#689,#689,#69,.T.);
#838=EDGE_CURVE('',#686,#688,#346,.T.);
#839=EDGE_CURVE('',#689,#690,#347,.T.);
#840=EDGE_CURVE('',#690,#690,#70,.T.);
#841=EDGE_CURVE('',#691,#692,#348,.T.);
#842=EDGE_CURVE('',#691,#693,#349,.T.);
#843=EDGE_CURVE('',#693,#694,#350,.T.);
#844=EDGE_CURVE('',#695,#694,#71,.F.);
#845=EDGE_CURVE('',#695,#696,#351,.T.);
#846=EDGE_CURVE('',#696,#697,#352,.T.);
#847=EDGE_CURVE('',#698,#697,#353,.T.);
#848=EDGE_CURVE('',#692,#698,#354,.T.);
#849=EDGE_CURVE('',#699,#691,#355,.T.);
#850=EDGE_CURVE('',#699,#700,#356,.T.);
#851=EDGE_CURVE('',#697,#700,#357,.T.);
#852=EDGE_CURVE('',#696,#701,#358,.T.);
#853=EDGE_CURVE('',#701,#702,#359,.T.);
#854=EDGE_CURVE('',#702,#693,#360,.T.);
#855=EDGE_CURVE('',#703,#704,#72,.T.);
#856=EDGE_CURVE('',#702,#703,#361,.T.);
#857=EDGE_CURVE('',#701,#704,#362,.T.);
#858=EDGE_CURVE('',#704,#695,#363,.T.);
#859=EDGE_CURVE('',#694,#703,#364,.T.);
#860=EDGE_CURVE('',#705,#706,#365,.T.);
#861=EDGE_CURVE('',#707,#705,#366,.T.);
#862=EDGE_CURVE('',#708,#707,#367,.T.);
#863=EDGE_CURVE('',#708,#706,#368,.T.);
#864=EDGE_CURVE('',#706,#709,#73,.T.);
#865=EDGE_CURVE('',#709,#710,#369,.T.);
#866=EDGE_CURVE('',#710,#705,#74,.F.);
#867=EDGE_CURVE('',#711,#709,#370,.T.);
#868=EDGE_CURVE('',#712,#711,#371,.T.);
#869=EDGE_CURVE('',#710,#712,#372,.T.);
#870=EDGE_CURVE('',#711,#708,#373,.T.);
#871=EDGE_CURVE('',#692,#713,#374,.T.);
#872=EDGE_CURVE('',#714,#698,#375,.T.);
#873=EDGE_CURVE('',#712,#714,#376,.T.);
#874=EDGE_CURVE('',#713,#707,#377,.T.);
#875=EDGE_CURVE('',#713,#699,#378,.T.);
#876=EDGE_CURVE('',#700,#714,#379,.T.);
#877=EDGE_CURVE('',#684,#683,#380,.T.);
#878=EDGE_CURVE('',#682,#679,#381,.T.);
#879=EDGE_CURVE('',#715,#715,#75,.T.);
#880=EDGE_CURVE('',#716,#716,#76,.T.);
#881=EDGE_CURVE('',#717,#717,#77,.T.);
#882=EDGE_CURVE('',#718,#718,#78,.T.);
#883=EDGE_CURVE('',#718,#687,#382,.T.);
#884=EDGE_CURVE('',#719,#719,#79,.T.);
#885=EDGE_CURVE('',#720,#720,#80,.T.);
#886=EDGE_CURVE('',#721,#721,#81,.T.);
#887=EDGE_CURVE('',#722,#722,#82,.T.);
#888=EDGE_CURVE('',#719,#721,#383,.T.);
#889=EDGE_CURVE('',#722,#716,#384,.T.);
#890=EDGE_CURVE('',#723,#723,#83,.T.);
#891=EDGE_CURVE('',#723,#720,#385,.T.);
#892=EDGE_CURVE('',#724,#724,#84,.T.);
#893=EDGE_CURVE('',#725,#725,#85,.T.);
#894=EDGE_CURVE('',#726,#726,#86,.T.);
#895=EDGE_CURVE('',#727,#727,#87,.T.);
#896=EDGE_CURVE('',#724,#726,#386,.T.);
#897=EDGE_CURVE('',#727,#717,#387,.T.);
#898=EDGE_CURVE('',#728,#728,#88,.T.);
#899=EDGE_CURVE('',#728,#725,#388,.T.);
#900=EDGE_CURVE('',#729,#729,#89,.T.);
#901=EDGE_CURVE('',#730,#730,#90,.T.);
#902=EDGE_CURVE('',#731,#731,#91,.T.);
#903=EDGE_CURVE('',#732,#732,#92,.T.);
#904=EDGE_CURVE('',#729,#731,#389,.T.);
#905=EDGE_CURVE('',#732,#715,#390,.T.);
#906=EDGE_CURVE('',#733,#733,#93,.T.);
#907=EDGE_CURVE('',#733,#730,#391,.T.);
#908=EDGE_CURVE('',#734,#735,#392,.T.);
#909=EDGE_CURVE('',#736,#734,#393,.T.);
#910=EDGE_CURVE('',#735,#736,#394,.T.);
#911=EDGE_CURVE('',#737,#738,#395,.T.);
#912=EDGE_CURVE('',#738,#736,#396,.T.);
#913=EDGE_CURVE('',#734,#737,#397,.T.);
#914=EDGE_CURVE('',#739,#740,#398,.T.);
#915=EDGE_CURVE('',#741,#739,#399,.T.);
#916=EDGE_CURVE('',#740,#741,#400,.T.);
#917=EDGE_CURVE('',#742,#743,#401,.T.);
#918=EDGE_CURVE('',#743,#741,#402,.T.);
#919=EDGE_CURVE('',#739,#742,#403,.T.);
#920=EDGE_CURVE('',#744,#745,#404,.T.);
#921=EDGE_CURVE('',#746,#744,#405,.T.);
#922=EDGE_CURVE('',#745,#746,#406,.T.);
#923=EDGE_CURVE('',#747,#748,#407,.T.);
#924=EDGE_CURVE('',#748,#746,#408,.T.);
#925=EDGE_CURVE('',#744,#747,#409,.T.);
#926=EDGE_CURVE('',#735,#745,#410,.T.);
#927=EDGE_CURVE('',#746,#734,#411,.T.);
#928=EDGE_CURVE('',#749,#750,#412,.T.);
#929=EDGE_CURVE('',#751,#749,#413,.T.);
#930=EDGE_CURVE('',#750,#751,#414,.T.);
#931=EDGE_CURVE('',#752,#753,#415,.T.);
#932=EDGE_CURVE('',#753,#751,#416,.T.);
#933=EDGE_CURVE('',#749,#752,#417,.T.);
#934=EDGE_CURVE('',#745,#750,#418,.T.);
#935=EDGE_CURVE('',#751,#744,#419,.T.);
#936=EDGE_CURVE('',#750,#740,#420,.T.);
#937=EDGE_CURVE('',#741,#749,#421,.T.);
#938=EDGE_CURVE('',#740,#735,#422,.T.);
#939=EDGE_CURVE('',#736,#739,#423,.T.);
#940=EDGE_CURVE('',#748,#737,#424,.T.);
#941=EDGE_CURVE('',#753,#747,#425,.T.);
#942=EDGE_CURVE('',#754,#755,#426,.T.);
#943=EDGE_CURVE('',#756,#754,#427,.T.);
#944=EDGE_CURVE('',#757,#756,#428,.T.);
#945=EDGE_CURVE('',#755,#757,#429,.T.);
#946=EDGE_CURVE('',#758,#758,#94,.T.);
#947=EDGE_CURVE('',#743,#752,#430,.T.);
#948=EDGE_CURVE('',#738,#742,#431,.T.);
#949=EDGE_CURVE('',#759,#760,#432,.T.);
#950=EDGE_CURVE('',#761,#759,#433,.T.);
#951=EDGE_CURVE('',#762,#761,#434,.T.);
#952=EDGE_CURVE('',#760,#762,#435,.T.);
#953=EDGE_CURVE('',#755,#763,#13,.T.);
#954=EDGE_CURVE('',#763,#764,#436,.T.);
#955=EDGE_CURVE('',#764,#754,#14,.T.);
#956=EDGE_CURVE('',#757,#765,#15,.T.);
#957=EDGE_CURVE('',#765,#763,#437,.T.);
#958=EDGE_CURVE('',#756,#766,#16,.T.);
#959=EDGE_CURVE('',#766,#765,#438,.T.);
#960=EDGE_CURVE('',#764,#766,#439,.T.);
#961=EDGE_CURVE('',#767,#768,#440,.T.);
#962=EDGE_CURVE('',#768,#764,#17,.T.);
#963=EDGE_CURVE('',#763,#767,#18,.T.);
#964=EDGE_CURVE('',#765,#769,#19,.T.);
#965=EDGE_CURVE('',#769,#767,#441,.T.);
#966=EDGE_CURVE('',#770,#769,#442,.T.);
#967=EDGE_CURVE('',#766,#770,#20,.T.);
#968=EDGE_CURVE('',#768,#770,#443,.T.);
#969=EDGE_CURVE('',#771,#772,#444,.T.);
#970=EDGE_CURVE('',#772,#773,#445,.T.);
#971=EDGE_CURVE('',#773,#774,#446,.T.);
#972=EDGE_CURVE('',#774,#771,#447,.T.);
#973=EDGE_CURVE('',#775,#775,#95,.T.);
#974=EDGE_CURVE('',#776,#777,#448,.T.);
#975=EDGE_CURVE('',#777,#778,#449,.T.);
#976=EDGE_CURVE('',#778,#779,#450,.T.);
#977=EDGE_CURVE('',#779,#776,#451,.T.);
#978=EDGE_CURVE('',#777,#780,#452,.T.);
#979=EDGE_CURVE('',#781,#780,#453,.T.);
#980=EDGE_CURVE('',#781,#778,#454,.T.);
#981=EDGE_CURVE('',#782,#776,#455,.T.);
#982=EDGE_CURVE('',#759,#782,#456,.T.);
#983=EDGE_CURVE('',#760,#783,#457,.T.);
#984=EDGE_CURVE('',#783,#784,#458,.T.);
#985=EDGE_CURVE('',#785,#784,#459,.T.);
#986=EDGE_CURVE('',#786,#785,#460,.T.);
#987=EDGE_CURVE('',#787,#786,#461,.T.);
#988=EDGE_CURVE('',#788,#787,#462,.T.);
#989=EDGE_CURVE('',#773,#788,#463,.T.);
#990=EDGE_CURVE('',#772,#789,#464,.T.);
#991=EDGE_CURVE('',#789,#790,#465,.T.);
#992=EDGE_CURVE('',#780,#790,#466,.T.);
#993=EDGE_CURVE('',#791,#781,#467,.T.);
#994=EDGE_CURVE('',#790,#791,#468,.T.);
#995=EDGE_CURVE('',#789,#792,#469,.T.);
#996=EDGE_CURVE('',#792,#791,#470,.T.);
#997=EDGE_CURVE('',#793,#794,#471,.T.);
#998=EDGE_CURVE('',#794,#785,#472,.T.);
#999=EDGE_CURVE('',#784,#793,#473,.T.);
#1000=EDGE_CURVE('',#795,#783,#474,.T.);
#1001=EDGE_CURVE('',#795,#793,#475,.T.);
#1002=EDGE_CURVE('',#786,#796,#476,.T.);
#1003=EDGE_CURVE('',#796,#797,#477,.T.);
#1004=EDGE_CURVE('',#797,#787,#478,.T.);
#1005=EDGE_CURVE('',#798,#797,#479,.T.);
#1006=EDGE_CURVE('',#798,#788,#480,.T.);
#1007=EDGE_CURVE('',#794,#796,#481,.T.);
#1008=EDGE_CURVE('',#799,#779,#482,.T.);
#1009=EDGE_CURVE('',#782,#799,#483,.T.);
#1010=EDGE_CURVE('',#771,#792,#484,.T.);
#1011=EDGE_CURVE('',#774,#798,#485,.T.);
#1012=EDGE_CURVE('',#775,#758,#486,.T.);
#1013=EDGE_CURVE('',#761,#799,#487,.T.);
#1014=EDGE_CURVE('',#762,#795,#488,.T.);
#1015=ORIENTED_EDGE('',*,*,#800,.F.);
#1016=ORIENTED_EDGE('',*,*,#801,.F.);
#1017=ORIENTED_EDGE('',*,*,#802,.F.);
#1018=ORIENTED_EDGE('',*,*,#803,.F.);
#1019=ORIENTED_EDGE('',*,*,#804,.F.);
#1020=ORIENTED_EDGE('',*,*,#805,.F.);
#1021=ORIENTED_EDGE('',*,*,#806,.F.);
#1022=ORIENTED_EDGE('',*,*,#807,.F.);
#1023=ORIENTED_EDGE('',*,*,#808,.F.);
#1024=ORIENTED_EDGE('',*,*,#809,.F.);
#1025=ORIENTED_EDGE('',*,*,#810,.F.);
#1026=ORIENTED_EDGE('',*,*,#811,.F.);
#1027=ORIENTED_EDGE('',*,*,#807,.T.);
#1028=ORIENTED_EDGE('',*,*,#812,.T.);
#1029=ORIENTED_EDGE('',*,*,#810,.T.);
#1030=ORIENTED_EDGE('',*,*,#813,.T.);
#1031=ORIENTED_EDGE('',*,*,#814,.T.);
#1032=ORIENTED_EDGE('',*,*,#815,.T.);
#1033=ORIENTED_EDGE('',*,*,#811,.T.);
#1034=ORIENTED_EDGE('',*,*,#816,.T.);
#1035=ORIENTED_EDGE('',*,*,#809,.T.);
#1036=ORIENTED_EDGE('',*,*,#817,.T.);
#1037=ORIENTED_EDGE('',*,*,#804,.T.);
#1038=ORIENTED_EDGE('',*,*,#818,.T.);
#1039=ORIENTED_EDGE('',*,*,#808,.T.);
#1040=ORIENTED_EDGE('',*,*,#819,.T.);
#1041=ORIENTED_EDGE('',*,*,#800,.T.);
#1042=ORIENTED_EDGE('',*,*,#820,.T.);
#1043=ORIENTED_EDGE('',*,*,#821,.T.);
#1044=ORIENTED_EDGE('',*,*,#822,.T.);
#1045=ORIENTED_EDGE('',*,*,#806,.T.);
#1046=ORIENTED_EDGE('',*,*,#823,.T.);
#1047=ORIENTED_EDGE('',*,*,#824,.T.);
#1048=ORIENTED_EDGE('',*,*,#825,.T.);
#1049=ORIENTED_EDGE('',*,*,#805,.T.);
#1050=ORIENTED_EDGE('',*,*,#826,.T.);
#1051=ORIENTED_EDGE('',*,*,#803,.T.);
#1052=ORIENTED_EDGE('',*,*,#827,.T.);
#1053=ORIENTED_EDGE('',*,*,#801,.T.);
#1054=ORIENTED_EDGE('',*,*,#828,.T.);
#1055=ORIENTED_EDGE('',*,*,#829,.T.);
#1056=ORIENTED_EDGE('',*,*,#830,.T.);
#1057=ORIENTED_EDGE('',*,*,#802,.T.);
#1058=ORIENTED_EDGE('',*,*,#831,.T.);
#1059=ORIENTED_EDGE('',*,*,#816,.F.);
#1060=ORIENTED_EDGE('',*,*,#812,.F.);
#1061=ORIENTED_EDGE('',*,*,#822,.F.);
#1062=ORIENTED_EDGE('',*,*,#832,.F.);
#1063=ORIENTED_EDGE('',*,*,#823,.F.);
#1064=ORIENTED_EDGE('',*,*,#820,.F.);
#1065=ORIENTED_EDGE('',*,*,#830,.F.);
#1066=ORIENTED_EDGE('',*,*,#833,.F.);
#1067=ORIENTED_EDGE('',*,*,#813,.F.);
#1068=ORIENTED_EDGE('',*,*,#818,.F.);
#1069=ORIENTED_EDGE('',*,*,#828,.F.);
#1070=ORIENTED_EDGE('',*,*,#819,.F.);
#1071=ORIENTED_EDGE('',*,*,#834,.T.);
#1072=ORIENTED_EDGE('',*,*,#835,.F.);
#1073=ORIENTED_EDGE('',*,*,#836,.F.);
#1074=ORIENTED_EDGE('',*,*,#837,.F.);
#1075=ORIENTED_EDGE('',*,*,#834,.F.);
#1076=ORIENTED_EDGE('',*,*,#838,.T.);
#1077=ORIENTED_EDGE('',*,*,#836,.T.);
#1078=ORIENTED_EDGE('',*,*,#838,.F.);
#1079=ORIENTED_EDGE('',*,*,#837,.T.);
#1080=ORIENTED_EDGE('',*,*,#839,.T.);
#1081=ORIENTED_EDGE('',*,*,#840,.T.);
#1082=ORIENTED_EDGE('',*,*,#839,.F.);
#1083=ORIENTED_EDGE('',*,*,#841,.F.);
#1084=ORIENTED_EDGE('',*,*,#842,.T.);
#1085=ORIENTED_EDGE('',*,*,#843,.T.);
#1086=ORIENTED_EDGE('',*,*,#844,.F.);
#1087=ORIENTED_EDGE('',*,*,#845,.T.);
#1088=ORIENTED_EDGE('',*,*,#846,.T.);
#1089=ORIENTED_EDGE('',*,*,#847,.F.);
#1090=ORIENTED_EDGE('',*,*,#848,.F.);
#1091=ORIENTED_EDGE('',*,*,#849,.F.);
#1092=ORIENTED_EDGE('',*,*,#850,.T.);
#1093=ORIENTED_EDGE('',*,*,#851,.F.);
#1094=ORIENTED_EDGE('',*,*,#846,.F.);
#1095=ORIENTED_EDGE('',*,*,#852,.T.);
#1096=ORIENTED_EDGE('',*,*,#853,.T.);
#1097=ORIENTED_EDGE('',*,*,#854,.T.);
#1098=ORIENTED_EDGE('',*,*,#842,.F.);
#1099=ORIENTED_EDGE('',*,*,#855,.F.);
#1100=ORIENTED_EDGE('',*,*,#856,.F.);
#1101=ORIENTED_EDGE('',*,*,#853,.F.);
#1102=ORIENTED_EDGE('',*,*,#857,.T.);
#1103=ORIENTED_EDGE('',*,*,#855,.T.);
#1104=ORIENTED_EDGE('',*,*,#858,.T.);
#1105=ORIENTED_EDGE('',*,*,#844,.T.);
#1106=ORIENTED_EDGE('',*,*,#859,.T.);
#1107=ORIENTED_EDGE('',*,*,#860,.F.);
#1108=ORIENTED_EDGE('',*,*,#861,.F.);
#1109=ORIENTED_EDGE('',*,*,#862,.F.);
#1110=ORIENTED_EDGE('',*,*,#863,.T.);
#1111=ORIENTED_EDGE('',*,*,#864,.T.);
#1112=ORIENTED_EDGE('',*,*,#865,.T.);
#1113=ORIENTED_EDGE('',*,*,#866,.T.);
#1114=ORIENTED_EDGE('',*,*,#860,.T.);
#1115=ORIENTED_EDGE('',*,*,#865,.F.);
#1116=ORIENTED_EDGE('',*,*,#867,.F.);
#1117=ORIENTED_EDGE('',*,*,#868,.F.);
#1118=ORIENTED_EDGE('',*,*,#869,.F.);
#1119=ORIENTED_EDGE('',*,*,#864,.F.);
#1120=ORIENTED_EDGE('',*,*,#863,.F.);
#1121=ORIENTED_EDGE('',*,*,#870,.F.);
#1122=ORIENTED_EDGE('',*,*,#867,.T.);
#1123=ORIENTED_EDGE('',*,*,#871,.F.);
#1124=ORIENTED_EDGE('',*,*,#848,.T.);
#1125=ORIENTED_EDGE('',*,*,#872,.F.);
#1126=ORIENTED_EDGE('',*,*,#873,.F.);
#1127=ORIENTED_EDGE('',*,*,#868,.T.);
#1128=ORIENTED_EDGE('',*,*,#870,.T.);
#1129=ORIENTED_EDGE('',*,*,#862,.T.);
#1130=ORIENTED_EDGE('',*,*,#874,.F.);
#1131=ORIENTED_EDGE('',*,*,#858,.F.);
#1132=ORIENTED_EDGE('',*,*,#857,.F.);
#1133=ORIENTED_EDGE('',*,*,#852,.F.);
#1134=ORIENTED_EDGE('',*,*,#845,.F.);
#1135=ORIENTED_EDGE('',*,*,#859,.F.);
#1136=ORIENTED_EDGE('',*,*,#843,.F.);
#1137=ORIENTED_EDGE('',*,*,#854,.F.);
#1138=ORIENTED_EDGE('',*,*,#856,.T.);
#1139=ORIENTED_EDGE('',*,*,#875,.F.);
#1140=ORIENTED_EDGE('',*,*,#874,.T.);
#1141=ORIENTED_EDGE('',*,*,#861,.T.);
#1142=ORIENTED_EDGE('',*,*,#866,.F.);
#1143=ORIENTED_EDGE('',*,*,#869,.T.);
#1144=ORIENTED_EDGE('',*,*,#873,.T.);
#1145=ORIENTED_EDGE('',*,*,#876,.F.);
#1146=ORIENTED_EDGE('',*,*,#850,.F.);
#1147=ORIENTED_EDGE('',*,*,#814,.F.);
#1148=ORIENTED_EDGE('',*,*,#832,.T.);
#1149=ORIENTED_EDGE('',*,*,#821,.F.);
#1150=ORIENTED_EDGE('',*,*,#833,.T.);
#1151=ORIENTED_EDGE('',*,*,#829,.F.);
#1152=ORIENTED_EDGE('',*,*,#877,.T.);
#1153=ORIENTED_EDGE('',*,*,#824,.F.);
#1154=ORIENTED_EDGE('',*,*,#878,.T.);
#1155=ORIENTED_EDGE('',*,*,#872,.T.);
#1156=ORIENTED_EDGE('',*,*,#847,.T.);
#1157=ORIENTED_EDGE('',*,*,#851,.T.);
#1158=ORIENTED_EDGE('',*,*,#876,.T.);
#1159=ORIENTED_EDGE('',*,*,#815,.F.);
#1160=ORIENTED_EDGE('',*,*,#878,.F.);
#1161=ORIENTED_EDGE('',*,*,#826,.F.);
#1162=ORIENTED_EDGE('',*,*,#817,.F.);
#1163=ORIENTED_EDGE('',*,*,#825,.F.);
#1164=ORIENTED_EDGE('',*,*,#877,.F.);
#1165=ORIENTED_EDGE('',*,*,#831,.F.);
#1166=ORIENTED_EDGE('',*,*,#827,.F.);
#1167=ORIENTED_EDGE('',*,*,#849,.T.);
#1168=ORIENTED_EDGE('',*,*,#841,.T.);
#1169=ORIENTED_EDGE('',*,*,#871,.T.);
#1170=ORIENTED_EDGE('',*,*,#875,.T.);
#1171=ORIENTED_EDGE('',*,*,#879,.F.);
#1172=ORIENTED_EDGE('',*,*,#880,.F.);
#1173=ORIENTED_EDGE('',*,*,#881,.F.);
#1174=ORIENTED_EDGE('',*,*,#840,.F.);
#1175=ORIENTED_EDGE('',*,*,#882,.F.);
#1176=ORIENTED_EDGE('',*,*,#883,.T.);
#1177=ORIENTED_EDGE('',*,*,#835,.T.);
#1178=ORIENTED_EDGE('',*,*,#883,.F.);
#1179=ORIENTED_EDGE('',*,*,#882,.T.);
#1180=ORIENTED_EDGE('',*,*,#884,.T.);
#1181=ORIENTED_EDGE('',*,*,#885,.F.);
#1182=ORIENTED_EDGE('',*,*,#886,.F.);
#1183=ORIENTED_EDGE('',*,*,#887,.F.);
#1184=ORIENTED_EDGE('',*,*,#884,.F.);
#1185=ORIENTED_EDGE('',*,*,#888,.T.);
#1186=ORIENTED_EDGE('',*,*,#886,.T.);
#1187=ORIENTED_EDGE('',*,*,#888,.F.);
#1188=ORIENTED_EDGE('',*,*,#887,.T.);
#1189=ORIENTED_EDGE('',*,*,#889,.T.);
#1190=ORIENTED_EDGE('',*,*,#880,.T.);
#1191=ORIENTED_EDGE('',*,*,#889,.F.);
#1192=ORIENTED_EDGE('',*,*,#890,.F.);
#1193=ORIENTED_EDGE('',*,*,#891,.T.);
#1194=ORIENTED_EDGE('',*,*,#885,.T.);
#1195=ORIENTED_EDGE('',*,*,#891,.F.);
#1196=ORIENTED_EDGE('',*,*,#890,.T.);
#1197=ORIENTED_EDGE('',*,*,#892,.T.);
#1198=ORIENTED_EDGE('',*,*,#893,.F.);
#1199=ORIENTED_EDGE('',*,*,#894,.F.);
#1200=ORIENTED_EDGE('',*,*,#895,.F.);
#1201=ORIENTED_EDGE('',*,*,#892,.F.);
#1202=ORIENTED_EDGE('',*,*,#896,.T.);
#1203=ORIENTED_EDGE('',*,*,#894,.T.);
#1204=ORIENTED_EDGE('',*,*,#896,.F.);
#1205=ORIENTED_EDGE('',*,*,#895,.T.);
#1206=ORIENTED_EDGE('',*,*,#897,.T.);
#1207=ORIENTED_EDGE('',*,*,#881,.T.);
#1208=ORIENTED_EDGE('',*,*,#897,.F.);
#1209=ORIENTED_EDGE('',*,*,#898,.F.);
#1210=ORIENTED_EDGE('',*,*,#899,.T.);
#1211=ORIENTED_EDGE('',*,*,#893,.T.);
#1212=ORIENTED_EDGE('',*,*,#899,.F.);
#1213=ORIENTED_EDGE('',*,*,#898,.T.);
#1214=ORIENTED_EDGE('',*,*,#900,.T.);
#1215=ORIENTED_EDGE('',*,*,#901,.F.);
#1216=ORIENTED_EDGE('',*,*,#902,.F.);
#1217=ORIENTED_EDGE('',*,*,#903,.F.);
#1218=ORIENTED_EDGE('',*,*,#900,.F.);
#1219=ORIENTED_EDGE('',*,*,#904,.T.);
#1220=ORIENTED_EDGE('',*,*,#902,.T.);
#1221=ORIENTED_EDGE('',*,*,#904,.F.);
#1222=ORIENTED_EDGE('',*,*,#903,.T.);
#1223=ORIENTED_EDGE('',*,*,#905,.T.);
#1224=ORIENTED_EDGE('',*,*,#879,.T.);
#1225=ORIENTED_EDGE('',*,*,#905,.F.);
#1226=ORIENTED_EDGE('',*,*,#906,.F.);
#1227=ORIENTED_EDGE('',*,*,#907,.T.);
#1228=ORIENTED_EDGE('',*,*,#901,.T.);
#1229=ORIENTED_EDGE('',*,*,#907,.F.);
#1230=ORIENTED_EDGE('',*,*,#906,.T.);
#1231=ORIENTED_EDGE('',*,*,#908,.F.);
#1232=ORIENTED_EDGE('',*,*,#909,.F.);
#1233=ORIENTED_EDGE('',*,*,#910,.F.);
#1234=ORIENTED_EDGE('',*,*,#911,.T.);
#1235=ORIENTED_EDGE('',*,*,#912,.T.);
#1236=ORIENTED_EDGE('',*,*,#909,.T.);
#1237=ORIENTED_EDGE('',*,*,#913,.T.);
#1238=ORIENTED_EDGE('',*,*,#914,.F.);
#1239=ORIENTED_EDGE('',*,*,#915,.F.);
#1240=ORIENTED_EDGE('',*,*,#916,.F.);
#1241=ORIENTED_EDGE('',*,*,#917,.T.);
#1242=ORIENTED_EDGE('',*,*,#918,.T.);
#1243=ORIENTED_EDGE('',*,*,#915,.T.);
#1244=ORIENTED_EDGE('',*,*,#919,.T.);
#1245=ORIENTED_EDGE('',*,*,#920,.F.);
#1246=ORIENTED_EDGE('',*,*,#921,.F.);
#1247=ORIENTED_EDGE('',*,*,#922,.F.);
#1248=ORIENTED_EDGE('',*,*,#923,.T.);
#1249=ORIENTED_EDGE('',*,*,#924,.T.);
#1250=ORIENTED_EDGE('',*,*,#921,.T.);
#1251=ORIENTED_EDGE('',*,*,#925,.T.);
#1252=ORIENTED_EDGE('',*,*,#908,.T.);
#1253=ORIENTED_EDGE('',*,*,#926,.T.);
#1254=ORIENTED_EDGE('',*,*,#922,.T.);
#1255=ORIENTED_EDGE('',*,*,#927,.T.);
#1256=ORIENTED_EDGE('',*,*,#928,.F.);
#1257=ORIENTED_EDGE('',*,*,#929,.F.);
#1258=ORIENTED_EDGE('',*,*,#930,.F.);
#1259=ORIENTED_EDGE('',*,*,#931,.T.);
#1260=ORIENTED_EDGE('',*,*,#932,.T.);
#1261=ORIENTED_EDGE('',*,*,#929,.T.);
#1262=ORIENTED_EDGE('',*,*,#933,.T.);
#1263=ORIENTED_EDGE('',*,*,#920,.T.);
#1264=ORIENTED_EDGE('',*,*,#934,.T.);
#1265=ORIENTED_EDGE('',*,*,#930,.T.);
#1266=ORIENTED_EDGE('',*,*,#935,.T.);
#1267=ORIENTED_EDGE('',*,*,#928,.T.);
#1268=ORIENTED_EDGE('',*,*,#936,.T.);
#1269=ORIENTED_EDGE('',*,*,#916,.T.);
#1270=ORIENTED_EDGE('',*,*,#937,.T.);
#1271=ORIENTED_EDGE('',*,*,#914,.T.);
#1272=ORIENTED_EDGE('',*,*,#938,.T.);
#1273=ORIENTED_EDGE('',*,*,#910,.T.);
#1274=ORIENTED_EDGE('',*,*,#939,.T.);
#1275=ORIENTED_EDGE('',*,*,#913,.F.);
#1276=ORIENTED_EDGE('',*,*,#927,.F.);
#1277=ORIENTED_EDGE('',*,*,#924,.F.);
#1278=ORIENTED_EDGE('',*,*,#940,.T.);
#1279=ORIENTED_EDGE('',*,*,#925,.F.);
#1280=ORIENTED_EDGE('',*,*,#935,.F.);
#1281=ORIENTED_EDGE('',*,*,#932,.F.);
#1282=ORIENTED_EDGE('',*,*,#941,.T.);
#1283=ORIENTED_EDGE('',*,*,#926,.F.);
#1284=ORIENTED_EDGE('',*,*,#938,.F.);
#1285=ORIENTED_EDGE('',*,*,#936,.F.);
#1286=ORIENTED_EDGE('',*,*,#934,.F.);
#1287=ORIENTED_EDGE('',*,*,#942,.F.);
#1288=ORIENTED_EDGE('',*,*,#943,.F.);
#1289=ORIENTED_EDGE('',*,*,#944,.F.);
#1290=ORIENTED_EDGE('',*,*,#945,.F.);
#1291=ORIENTED_EDGE('',*,*,#946,.T.);
#1292=ORIENTED_EDGE('',*,*,#911,.F.);
#1293=ORIENTED_EDGE('',*,*,#940,.F.);
#1294=ORIENTED_EDGE('',*,*,#923,.F.);
#1295=ORIENTED_EDGE('',*,*,#941,.F.);
#1296=ORIENTED_EDGE('',*,*,#931,.F.);
#1297=ORIENTED_EDGE('',*,*,#947,.F.);
#1298=ORIENTED_EDGE('',*,*,#917,.F.);
#1299=ORIENTED_EDGE('',*,*,#948,.F.);
#1300=ORIENTED_EDGE('',*,*,#949,.F.);
#1301=ORIENTED_EDGE('',*,*,#950,.F.);
#1302=ORIENTED_EDGE('',*,*,#951,.F.);
#1303=ORIENTED_EDGE('',*,*,#952,.F.);
#1304=ORIENTED_EDGE('',*,*,#942,.T.);
#1305=ORIENTED_EDGE('',*,*,#953,.T.);
#1306=ORIENTED_EDGE('',*,*,#954,.T.);
#1307=ORIENTED_EDGE('',*,*,#955,.T.);
#1308=ORIENTED_EDGE('',*,*,#945,.T.);
#1309=ORIENTED_EDGE('',*,*,#956,.T.);
#1310=ORIENTED_EDGE('',*,*,#957,.T.);
#1311=ORIENTED_EDGE('',*,*,#953,.F.);
#1312=ORIENTED_EDGE('',*,*,#944,.T.);
#1313=ORIENTED_EDGE('',*,*,#958,.T.);
#1314=ORIENTED_EDGE('',*,*,#959,.T.);
#1315=ORIENTED_EDGE('',*,*,#956,.F.);
#1316=ORIENTED_EDGE('',*,*,#960,.T.);
#1317=ORIENTED_EDGE('',*,*,#958,.F.);
#1318=ORIENTED_EDGE('',*,*,#943,.T.);
#1319=ORIENTED_EDGE('',*,*,#955,.F.);
#1320=ORIENTED_EDGE('',*,*,#918,.F.);
#1321=ORIENTED_EDGE('',*,*,#947,.T.);
#1322=ORIENTED_EDGE('',*,*,#933,.F.);
#1323=ORIENTED_EDGE('',*,*,#937,.F.);
#1324=ORIENTED_EDGE('',*,*,#912,.F.);
#1325=ORIENTED_EDGE('',*,*,#948,.T.);
#1326=ORIENTED_EDGE('',*,*,#919,.F.);
#1327=ORIENTED_EDGE('',*,*,#939,.F.);
#1328=ORIENTED_EDGE('',*,*,#961,.T.);
#1329=ORIENTED_EDGE('',*,*,#962,.T.);
#1330=ORIENTED_EDGE('',*,*,#954,.F.);
#1331=ORIENTED_EDGE('',*,*,#963,.T.);
#1332=ORIENTED_EDGE('',*,*,#957,.F.);
#1333=ORIENTED_EDGE('',*,*,#964,.T.);
#1334=ORIENTED_EDGE('',*,*,#965,.T.);
#1335=ORIENTED_EDGE('',*,*,#963,.F.);
#1336=ORIENTED_EDGE('',*,*,#966,.T.);
#1337=ORIENTED_EDGE('',*,*,#964,.F.);
#1338=ORIENTED_EDGE('',*,*,#959,.F.);
#1339=ORIENTED_EDGE('',*,*,#967,.T.);
#1340=ORIENTED_EDGE('',*,*,#968,.T.);
#1341=ORIENTED_EDGE('',*,*,#967,.F.);
#1342=ORIENTED_EDGE('',*,*,#960,.F.);
#1343=ORIENTED_EDGE('',*,*,#962,.F.);
#1344=ORIENTED_EDGE('',*,*,#969,.T.);
#1345=ORIENTED_EDGE('',*,*,#970,.T.);
#1346=ORIENTED_EDGE('',*,*,#971,.T.);
#1347=ORIENTED_EDGE('',*,*,#972,.T.);
#1348=ORIENTED_EDGE('',*,*,#973,.T.);
#1349=ORIENTED_EDGE('',*,*,#961,.F.);
#1350=ORIENTED_EDGE('',*,*,#965,.F.);
#1351=ORIENTED_EDGE('',*,*,#966,.F.);
#1352=ORIENTED_EDGE('',*,*,#968,.F.);
#1353=ORIENTED_EDGE('',*,*,#974,.T.);
#1354=ORIENTED_EDGE('',*,*,#975,.T.);
#1355=ORIENTED_EDGE('',*,*,#976,.T.);
#1356=ORIENTED_EDGE('',*,*,#977,.T.);
#1357=ORIENTED_EDGE('',*,*,#975,.F.);
#1358=ORIENTED_EDGE('',*,*,#978,.T.);
#1359=ORIENTED_EDGE('',*,*,#979,.F.);
#1360=ORIENTED_EDGE('',*,*,#980,.T.);
#1361=ORIENTED_EDGE('',*,*,#974,.F.);
#1362=ORIENTED_EDGE('',*,*,#981,.F.);
#1363=ORIENTED_EDGE('',*,*,#982,.F.);
#1364=ORIENTED_EDGE('',*,*,#949,.T.);
#1365=ORIENTED_EDGE('',*,*,#983,.T.);
#1366=ORIENTED_EDGE('',*,*,#984,.T.);
#1367=ORIENTED_EDGE('',*,*,#985,.F.);
#1368=ORIENTED_EDGE('',*,*,#986,.F.);
#1369=ORIENTED_EDGE('',*,*,#987,.F.);
#1370=ORIENTED_EDGE('',*,*,#988,.F.);
#1371=ORIENTED_EDGE('',*,*,#989,.F.);
#1372=ORIENTED_EDGE('',*,*,#970,.F.);
#1373=ORIENTED_EDGE('',*,*,#990,.T.);
#1374=ORIENTED_EDGE('',*,*,#991,.T.);
#1375=ORIENTED_EDGE('',*,*,#992,.F.);
#1376=ORIENTED_EDGE('',*,*,#978,.F.);
#1377=ORIENTED_EDGE('',*,*,#993,.T.);
#1378=ORIENTED_EDGE('',*,*,#979,.T.);
#1379=ORIENTED_EDGE('',*,*,#992,.T.);
#1380=ORIENTED_EDGE('',*,*,#994,.T.);
#1381=ORIENTED_EDGE('',*,*,#994,.F.);
#1382=ORIENTED_EDGE('',*,*,#991,.F.);
#1383=ORIENTED_EDGE('',*,*,#995,.T.);
#1384=ORIENTED_EDGE('',*,*,#996,.T.);
#1385=ORIENTED_EDGE('',*,*,#997,.T.);
#1386=ORIENTED_EDGE('',*,*,#998,.T.);
#1387=ORIENTED_EDGE('',*,*,#985,.T.);
#1388=ORIENTED_EDGE('',*,*,#999,.T.);
#1389=ORIENTED_EDGE('',*,*,#999,.F.);
#1390=ORIENTED_EDGE('',*,*,#984,.F.);
#1391=ORIENTED_EDGE('',*,*,#1000,.F.);
#1392=ORIENTED_EDGE('',*,*,#1001,.T.);
#1393=ORIENTED_EDGE('',*,*,#987,.T.);
#1394=ORIENTED_EDGE('',*,*,#1002,.T.);
#1395=ORIENTED_EDGE('',*,*,#1003,.T.);
#1396=ORIENTED_EDGE('',*,*,#1004,.T.);
#1397=ORIENTED_EDGE('',*,*,#1004,.F.);
#1398=ORIENTED_EDGE('',*,*,#1005,.F.);
#1399=ORIENTED_EDGE('',*,*,#1006,.T.);
#1400=ORIENTED_EDGE('',*,*,#988,.T.);
#1401=ORIENTED_EDGE('',*,*,#998,.F.);
#1402=ORIENTED_EDGE('',*,*,#1007,.T.);
#1403=ORIENTED_EDGE('',*,*,#1002,.F.);
#1404=ORIENTED_EDGE('',*,*,#986,.T.);
#1405=ORIENTED_EDGE('',*,*,#977,.F.);
#1406=ORIENTED_EDGE('',*,*,#1008,.F.);
#1407=ORIENTED_EDGE('',*,*,#1009,.F.);
#1408=ORIENTED_EDGE('',*,*,#981,.T.);
#1409=ORIENTED_EDGE('',*,*,#969,.F.);
#1410=ORIENTED_EDGE('',*,*,#1010,.T.);
#1411=ORIENTED_EDGE('',*,*,#995,.F.);
#1412=ORIENTED_EDGE('',*,*,#990,.F.);
#1413=ORIENTED_EDGE('',*,*,#971,.F.);
#1414=ORIENTED_EDGE('',*,*,#989,.T.);
#1415=ORIENTED_EDGE('',*,*,#1006,.F.);
#1416=ORIENTED_EDGE('',*,*,#1011,.F.);
#1417=ORIENTED_EDGE('',*,*,#973,.F.);
#1418=ORIENTED_EDGE('',*,*,#1012,.T.);
#1419=ORIENTED_EDGE('',*,*,#946,.F.);
#1420=ORIENTED_EDGE('',*,*,#1012,.F.);
#1421=ORIENTED_EDGE('',*,*,#1009,.T.);
#1422=ORIENTED_EDGE('',*,*,#1013,.F.);
#1423=ORIENTED_EDGE('',*,*,#950,.T.);
#1424=ORIENTED_EDGE('',*,*,#982,.T.);
#1425=ORIENTED_EDGE('',*,*,#976,.F.);
#1426=ORIENTED_EDGE('',*,*,#980,.F.);
#1427=ORIENTED_EDGE('',*,*,#993,.F.);
#1428=ORIENTED_EDGE('',*,*,#996,.F.);
#1429=ORIENTED_EDGE('',*,*,#1010,.F.);
#1430=ORIENTED_EDGE('',*,*,#972,.F.);
#1431=ORIENTED_EDGE('',*,*,#1011,.T.);
#1432=ORIENTED_EDGE('',*,*,#1005,.T.);
#1433=ORIENTED_EDGE('',*,*,#1003,.F.);
#1434=ORIENTED_EDGE('',*,*,#1007,.F.);
#1435=ORIENTED_EDGE('',*,*,#997,.F.);
#1436=ORIENTED_EDGE('',*,*,#1001,.F.);
#1437=ORIENTED_EDGE('',*,*,#1014,.F.);
#1438=ORIENTED_EDGE('',*,*,#951,.T.);
#1439=ORIENTED_EDGE('',*,*,#1013,.T.);
#1440=ORIENTED_EDGE('',*,*,#1008,.T.);
#1441=ORIENTED_EDGE('',*,*,#1000,.T.);
#1442=ORIENTED_EDGE('',*,*,#983,.F.);
#1443=ORIENTED_EDGE('',*,*,#952,.T.);
#1444=ORIENTED_EDGE('',*,*,#1014,.T.);
#1445=PLANE('',#1635);
#1446=PLANE('',#1636);
#1447=PLANE('',#1637);
#1448=PLANE('',#1638);
#1449=PLANE('',#1639);
#1450=PLANE('',#1640);
#1451=PLANE('',#1641);
#1452=PLANE('',#1642);
#1453=PLANE('',#1643);
#1454=PLANE('',#1644);
#1455=PLANE('',#1645);
#1456=PLANE('',#1646);
#1457=PLANE('',#1647);
#1458=PLANE('',#1648);
#1459=PLANE('',#1649);
#1460=PLANE('',#1650);
#1461=PLANE('',#1653);
#1462=PLANE('',#1659);
#1463=PLANE('',#1661);
#1464=PLANE('',#1662);
#1465=PLANE('',#1665);
#1466=PLANE('',#1669);
#1467=PLANE('',#1670);
#1468=PLANE('',#1671);
#1469=PLANE('',#1672);
#1470=PLANE('',#1673);
#1471=PLANE('',#1674);
#1472=PLANE('',#1675);
#1473=PLANE('',#1676);
#1474=PLANE('',#1677);
#1475=PLANE('',#1678);
#1476=PLANE('',#1684);
#1477=PLANE('',#1685);
#1478=PLANE('',#1688);
#1479=PLANE('',#1695);
#1480=PLANE('',#1696);
#1481=PLANE('',#1699);
#1482=PLANE('',#1706);
#1483=PLANE('',#1707);
#1484=PLANE('',#1710);
#1485=PLANE('',#1717);
#1486=PLANE('',#1718);
#1487=PLANE('',#1719);
#1488=PLANE('',#1720);
#1489=PLANE('',#1721);
#1490=PLANE('',#1722);
#1491=PLANE('',#1723);
#1492=PLANE('',#1724);
#1493=PLANE('',#1725);
#1494=PLANE('',#1726);
#1495=PLANE('',#1727);
#1496=PLANE('',#1728);
#1497=PLANE('',#1729);
#1498=PLANE('',#1730);
#1499=PLANE('',#1731);
#1500=PLANE('',#1732);
#1501=PLANE('',#1734);
#1502=PLANE('',#1743);
#1503=PLANE('',#1744);
#1504=PLANE('',#1753);
#1505=PLANE('',#1755);
#1506=PLANE('',#1756);
#1507=PLANE('',#1757);
#1508=PLANE('',#1758);
#1509=PLANE('',#1759);
#1510=PLANE('',#1760);
#1511=PLANE('',#1761);
#1512=PLANE('',#1762);
#1513=PLANE('',#1763);
#1514=PLANE('',#1764);
#1515=PLANE('',#1765);
#1516=PLANE('',#1766);
#1517=PLANE('',#1767);
#1518=PLANE('',#1769);
#1519=PLANE('',#1770);
#1520=PLANE('',#1771);
#1521=ADVANCED_FACE('',(#96),#1445,.T.);
#1522=ADVANCED_FACE('',(#97),#1446,.T.);
#1523=ADVANCED_FACE('',(#98),#1447,.T.);
#1524=ADVANCED_FACE('',(#99),#1448,.T.);
#1525=ADVANCED_FACE('',(#100),#1449,.T.);
#1526=ADVANCED_FACE('',(#101),#1450,.T.);
#1527=ADVANCED_FACE('',(#102),#1451,.T.);
#1528=ADVANCED_FACE('',(#103),#1452,.T.);
#1529=ADVANCED_FACE('',(#104),#1453,.T.);
#1530=ADVANCED_FACE('',(#105),#1454,.T.);
#1531=ADVANCED_FACE('',(#106),#1455,.T.);
#1532=ADVANCED_FACE('',(#107),#1456,.T.);
#1533=ADVANCED_FACE('',(#108),#1457,.T.);
#1534=ADVANCED_FACE('',(#109),#1458,.T.);
#1535=ADVANCED_FACE('',(#110),#1459,.T.);
#1536=ADVANCED_FACE('',(#111,#48),#1460,.T.);
#1537=ADVANCED_FACE('',(#112,#49),#1461,.F.);
#1538=ADVANCED_FACE('',(#113),#25,.T.);
#1539=ADVANCED_FACE('',(#114),#26,.T.);
#1540=ADVANCED_FACE('',(#115),#1462,.T.);
#1541=ADVANCED_FACE('',(#116),#1463,.T.);
#1542=ADVANCED_FACE('',(#117),#1464,.T.);
#1543=ADVANCED_FACE('',(#118),#27,.T.);
#1544=ADVANCED_FACE('',(#119),#1465,.T.);
#1545=ADVANCED_FACE('',(#120),#28,.T.);
#1546=ADVANCED_FACE('',(#121),#1466,.T.);
#1547=ADVANCED_FACE('',(#122),#1467,.T.);
#1548=ADVANCED_FACE('',(#123),#1468,.T.);
#1549=ADVANCED_FACE('',(#124),#1469,.T.);
#1550=ADVANCED_FACE('',(#125),#1470,.T.);
#1551=ADVANCED_FACE('',(#126),#1471,.T.);
#1552=ADVANCED_FACE('',(#127,#50),#1472,.T.);
#1553=ADVANCED_FACE('',(#128),#1473,.T.);
#1554=ADVANCED_FACE('',(#129),#1474,.T.);
#1555=ADVANCED_FACE('',(#130,#51,#52,#53,#54),#1475,.T.);
#1556=ADVANCED_FACE('',(#131),#29,.T.);
#1557=ADVANCED_FACE('',(#132),#1476,.T.);
#1558=ADVANCED_FACE('',(#133,#55),#1477,.T.);
#1559=ADVANCED_FACE('',(#134,#56),#1478,.F.);
#1560=ADVANCED_FACE('',(#135),#30,.T.);
#1561=ADVANCED_FACE('',(#136),#31,.T.);
#1562=ADVANCED_FACE('',(#137),#32,.T.);
#1563=ADVANCED_FACE('',(#138),#1479,.T.);
#1564=ADVANCED_FACE('',(#139,#57),#1480,.T.);
#1565=ADVANCED_FACE('',(#140,#58),#1481,.F.);
#1566=ADVANCED_FACE('',(#141),#33,.T.);
#1567=ADVANCED_FACE('',(#142),#34,.T.);
#1568=ADVANCED_FACE('',(#143),#35,.T.);
#1569=ADVANCED_FACE('',(#144),#1482,.T.);
#1570=ADVANCED_FACE('',(#145,#59),#1483,.T.);
#1571=ADVANCED_FACE('',(#146,#60),#1484,.F.);
#1572=ADVANCED_FACE('',(#147),#36,.T.);
#1573=ADVANCED_FACE('',(#148),#37,.T.);
#1574=ADVANCED_FACE('',(#149),#38,.T.);
#1575=ADVANCED_FACE('',(#150),#1485,.T.);
#1576=ADVANCED_FACE('',(#151),#1486,.T.);
#1577=ADVANCED_FACE('',(#152),#1487,.T.);
#1578=ADVANCED_FACE('',(#153),#1488,.T.);
#1579=ADVANCED_FACE('',(#154),#1489,.T.);
#1580=ADVANCED_FACE('',(#155),#1490,.T.);
#1581=ADVANCED_FACE('',(#156),#1491,.T.);
#1582=ADVANCED_FACE('',(#157),#1492,.T.);
#1583=ADVANCED_FACE('',(#158),#1493,.T.);
#1584=ADVANCED_FACE('',(#159),#1494,.T.);
#1585=ADVANCED_FACE('',(#160),#1495,.T.);
#1586=ADVANCED_FACE('',(#161),#1496,.T.);
#1587=ADVANCED_FACE('',(#162),#1497,.T.);
#1588=ADVANCED_FACE('',(#163),#1498,.T.);
#1589=ADVANCED_FACE('',(#164),#1499,.T.);
#1590=ADVANCED_FACE('',(#165,#61,#62),#1500,.T.);
#1591=ADVANCED_FACE('',(#166,#63),#1501,.F.);
#1592=ADVANCED_FACE('',(#167),#39,.T.);
#1593=ADVANCED_FACE('',(#168),#40,.T.);
#1594=ADVANCED_FACE('',(#169),#41,.T.);
#1595=ADVANCED_FACE('',(#170),#42,.T.);
#1596=ADVANCED_FACE('',(#171),#1502,.T.);
#1597=ADVANCED_FACE('',(#172),#1503,.T.);
#1598=ADVANCED_FACE('',(#173),#43,.T.);
#1599=ADVANCED_FACE('',(#174),#44,.T.);
#1600=ADVANCED_FACE('',(#175),#45,.T.);
#1601=ADVANCED_FACE('',(#176),#46,.T.);
#1602=ADVANCED_FACE('',(#177,#64,#65),#1504,.F.);
#1603=ADVANCED_FACE('',(#178),#1505,.T.);
#1604=ADVANCED_FACE('',(#179),#1506,.T.);
#1605=ADVANCED_FACE('',(#180),#1507,.T.);
#1606=ADVANCED_FACE('',(#181),#1508,.T.);
#1607=ADVANCED_FACE('',(#182),#1509,.T.);
#1608=ADVANCED_FACE('',(#183),#1510,.T.);
#1609=ADVANCED_FACE('',(#184),#1511,.T.);
#1610=ADVANCED_FACE('',(#185),#1512,.T.);
#1611=ADVANCED_FACE('',(#186),#1513,.T.);
#1612=ADVANCED_FACE('',(#187),#1514,.T.);
#1613=ADVANCED_FACE('',(#188),#1515,.T.);
#1614=ADVANCED_FACE('',(#189),#1516,.T.);
#1615=ADVANCED_FACE('',(#190),#1517,.T.);
#1616=ADVANCED_FACE('',(#191),#47,.F.);
#1617=ADVANCED_FACE('',(#192),#1518,.T.);
#1618=ADVANCED_FACE('',(#193),#1519,.T.);
#1619=ADVANCED_FACE('',(#194),#1520,.T.);
#1620=CLOSED_SHELL('',(#1521,#1522,#1523,#1524,#1525,#1526,#1527,#1528,
#1529,#1530,#1531,#1532,#1533,#1534,#1535,#1536,#1537,#1538,#1539,#1540,
#1541,#1542,#1543,#1544,#1545,#1546,#1547,#1548,#1549,#1550,#1551,#1552,
#1553,#1554,#1555,#1556,#1557,#1558,#1559,#1560,#1561,#1562,#1563,#1564,
#1565,#1566,#1567,#1568,#1569,#1570,#1571,#1572,#1573,#1574,#1575));
#1621=CLOSED_SHELL('',(#1576,#1577,#1578,#1579,#1580,#1581,#1582,#1583,
#1584,#1585,#1586,#1587,#1588,#1589,#1590,#1591,#1592,#1593,#1594,#1595,
#1596,#1597,#1598,#1599,#1600,#1601,#1602,#1603,#1604,#1605,#1606,#1607,
#1608,#1609,#1610,#1611,#1612,#1613,#1614,#1615,#1616,#1617,#1618,#1619));
#1622=DERIVED_UNIT_ELEMENT(#1624,1.);
#1623=DERIVED_UNIT_ELEMENT(#2679,-3.);
#1624=(
MASS_UNIT()
NAMED_UNIT(*)
SI_UNIT(.KILO.,.GRAM.)
);
#1625=DERIVED_UNIT((#1622,#1623));
#1626=MEASURE_REPRESENTATION_ITEM('density measure',
POSITIVE_RATIO_MEASURE(7850.),#1625);
#1627=PROPERTY_DEFINITION_REPRESENTATION(#1632,#1629);
#1628=PROPERTY_DEFINITION_REPRESENTATION(#1633,#1630);
#1629=REPRESENTATION('material name',(#1631),#2676);
#1630=REPRESENTATION('density',(#1626),#2676);
#1631=DESCRIPTIVE_REPRESENTATION_ITEM('Steel','Steel');
#1632=PROPERTY_DEFINITION('material property','material name',#2686);
#1633=PROPERTY_DEFINITION('material property','density of part',#2686);
#1634=AXIS2_PLACEMENT_3D('',#2225,#1772,#1773);
#1635=AXIS2_PLACEMENT_3D('',#2226,#1774,#1775);
#1636=AXIS2_PLACEMENT_3D('',#2233,#1779,#1780);
#1637=AXIS2_PLACEMENT_3D('',#2240,#1784,#1785);
#1638=AXIS2_PLACEMENT_3D('',#2247,#1789,#1790);
#1639=AXIS2_PLACEMENT_3D('',#2254,#1794,#1795);
#1640=AXIS2_PLACEMENT_3D('',#2257,#1798,#1799);
#1641=AXIS2_PLACEMENT_3D('',#2263,#1803,#1804);
#1642=AXIS2_PLACEMENT_3D('',#2266,#1807,#1808);
#1643=AXIS2_PLACEMENT_3D('',#2269,#1811,#1812);
#1644=AXIS2_PLACEMENT_3D('',#2275,#1816,#1817);
#1645=AXIS2_PLACEMENT_3D('',#2281,#1821,#1822);
#1646=AXIS2_PLACEMENT_3D('',#2284,#1825,#1826);
#1647=AXIS2_PLACEMENT_3D('',#2290,#1830,#1831);
#1648=AXIS2_PLACEMENT_3D('',#2292,#1833,#1834);
#1649=AXIS2_PLACEMENT_3D('',#2294,#1836,#1837);
#1650=AXIS2_PLACEMENT_3D('',#2295,#1838,#1839);
#1651=AXIS2_PLACEMENT_3D('',#2297,#1840,#1841);
#1652=AXIS2_PLACEMENT_3D('',#2299,#1842,#1843);
#1653=AXIS2_PLACEMENT_3D('',#2300,#1844,#1845);
#1654=AXIS2_PLACEMENT_3D('',#2302,#1846,#1847);
#1655=AXIS2_PLACEMENT_3D('',#2304,#1848,#1849);
#1656=AXIS2_PLACEMENT_3D('',#2305,#1850,#1851);
#1657=AXIS2_PLACEMENT_3D('',#2307,#1853,#1854);
#1658=AXIS2_PLACEMENT_3D('',#2310,#1856,#1857);
#1659=AXIS2_PLACEMENT_3D('',#2311,#1858,#1859);
#1660=AXIS2_PLACEMENT_3D('',#2320,#1863,#1864);
#1661=AXIS2_PLACEMENT_3D('',#2328,#1869,#1870);
#1662=AXIS2_PLACEMENT_3D('',#2339,#1877,#1878);
#1663=AXIS2_PLACEMENT_3D('',#2342,#1879,#1880);
#1664=AXIS2_PLACEMENT_3D('',#2345,#1883,#1884);
#1665=AXIS2_PLACEMENT_3D('',#2348,#1887,#1888);
#1666=AXIS2_PLACEMENT_3D('',#2357,#1893,#1894);
#1667=AXIS2_PLACEMENT_3D('',#2359,#1895,#1896);
#1668=AXIS2_PLACEMENT_3D('',#2362,#1898,#1899);
#1669=AXIS2_PLACEMENT_3D('',#2363,#1900,#1901);
#1670=AXIS2_PLACEMENT_3D('',#2369,#1905,#1906);
#1671=AXIS2_PLACEMENT_3D('',#2371,#1908,#1909);
#1672=AXIS2_PLACEMENT_3D('',#2378,#1914,#1915);
#1673=AXIS2_PLACEMENT_3D('',#2379,#1916,#1917);
#1674=AXIS2_PLACEMENT_3D('',#2380,#1918,#1919);
#1675=AXIS2_PLACEMENT_3D('',#2383,#1922,#1923);
#1676=AXIS2_PLACEMENT_3D('',#2386,#1926,#1927);
#1677=AXIS2_PLACEMENT_3D('',#2387,#1928,#1929);
#1678=AXIS2_PLACEMENT_3D('',#2388,#1930,#1931);
#1679=AXIS2_PLACEMENT_3D('',#2390,#1932,#1933);
#1680=AXIS2_PLACEMENT_3D('',#2392,#1934,#1935);
#1681=AXIS2_PLACEMENT_3D('',#2394,#1936,#1937);
#1682=AXIS2_PLACEMENT_3D('',#2395,#1938,#1939);
#1683=AXIS2_PLACEMENT_3D('',#2397,#1940,#1941);
#1684=AXIS2_PLACEMENT_3D('',#2399,#1943,#1944);
#1685=AXIS2_PLACEMENT_3D('',#2400,#1945,#1946);
#1686=AXIS2_PLACEMENT_3D('',#2402,#1947,#1948);
#1687=AXIS2_PLACEMENT_3D('',#2404,#1949,#1950);
#1688=AXIS2_PLACEMENT_3D('',#2405,#1951,#1952);
#1689=AXIS2_PLACEMENT_3D('',#2407,#1953,#1954);
#1690=AXIS2_PLACEMENT_3D('',#2409,#1955,#1956);
#1691=AXIS2_PLACEMENT_3D('',#2410,#1957,#1958);
#1692=AXIS2_PLACEMENT_3D('',#2412,#1960,#1961);
#1693=AXIS2_PLACEMENT_3D('',#2414,#1963,#1964);
#1694=AXIS2_PLACEMENT_3D('',#2416,#1965,#1966);
#1695=AXIS2_PLACEMENT_3D('',#2418,#1968,#1969);
#1696=AXIS2_PLACEMENT_3D('',#2419,#1970,#1971);
#1697=AXIS2_PLACEMENT_3D('',#2421,#1972,#1973);
#1698=AXIS2_PLACEMENT_3D('',#2423,#1974,#1975);
#1699=AXIS2_PLACEMENT_3D('',#2424,#1976,#1977);
#1700=AXIS2_PLACEMENT_3D('',#2426,#1978,#1979);
#1701=AXIS2_PLACEMENT_3D('',#2428,#1980,#1981);
#1702=AXIS2_PLACEMENT_3D('',#2429,#1982,#1983);
#1703=AXIS2_PLACEMENT_3D('',#2431,#1985,#1986);
#1704=AXIS2_PLACEMENT_3D('',#2433,#1988,#1989);
#1705=AXIS2_PLACEMENT_3D('',#2435,#1990,#1991);
#1706=AXIS2_PLACEMENT_3D('',#2437,#1993,#1994);
#1707=AXIS2_PLACEMENT_3D('',#2438,#1995,#1996);
#1708=AXIS2_PLACEMENT_3D('',#2440,#1997,#1998);
#1709=AXIS2_PLACEMENT_3D('',#2442,#1999,#2000);
#1710=AXIS2_PLACEMENT_3D('',#2443,#2001,#2002);
#1711=AXIS2_PLACEMENT_3D('',#2445,#2003,#2004);
#1712=AXIS2_PLACEMENT_3D('',#2447,#2005,#2006);
#1713=AXIS2_PLACEMENT_3D('',#2448,#2007,#2008);
#1714=AXIS2_PLACEMENT_3D('',#2450,#2010,#2011);
#1715=AXIS2_PLACEMENT_3D('',#2452,#2013,#2014);
#1716=AXIS2_PLACEMENT_3D('',#2454,#2015,#2016);
#1717=AXIS2_PLACEMENT_3D('',#2456,#2018,#2019);
#1718=AXIS2_PLACEMENT_3D('',#2457,#2020,#2021);
#1719=AXIS2_PLACEMENT_3D('',#2464,#2025,#2026);
#1720=AXIS2_PLACEMENT_3D('',#2470,#2030,#2031);
#1721=AXIS2_PLACEMENT_3D('',#2477,#2035,#2036);
#1722=AXIS2_PLACEMENT_3D('',#2483,#2040,#2041);
#1723=AXIS2_PLACEMENT_3D('',#2490,#2045,#2046);
#1724=AXIS2_PLACEMENT_3D('',#2496,#2050,#2051);
#1725=AXIS2_PLACEMENT_3D('',#2499,#2054,#2055);
#1726=AXIS2_PLACEMENT_3D('',#2506,#2059,#2060);
#1727=AXIS2_PLACEMENT_3D('',#2512,#2064,#2065);
#1728=AXIS2_PLACEMENT_3D('',#2515,#2068,#2069);
#1729=AXIS2_PLACEMENT_3D('',#2518,#2072,#2073);
#1730=AXIS2_PLACEMENT_3D('',#2521,#2076,#2077);
#1731=AXIS2_PLACEMENT_3D('',#2523,#2079,#2080);
#1732=AXIS2_PLACEMENT_3D('',#2525,#2082,#2083);
#1733=AXIS2_PLACEMENT_3D('',#2535,#2088,#2089);
#1734=AXIS2_PLACEMENT_3D('',#2536,#2090,#2091);
#1735=AXIS2_PLACEMENT_3D('',#2547,#2098,#2099);
#1736=AXIS2_PLACEMENT_3D('',#2549,#2100,#2101);
#1737=AXIS2_PLACEMENT_3D('',#2552,#2103,#2104);
#1738=AXIS2_PLACEMENT_3D('',#2553,#2105,#2106);
#1739=AXIS2_PLACEMENT_3D('',#2555,#2107,#2108);
#1740=AXIS2_PLACEMENT_3D('',#2557,#2110,#2111);
#1741=AXIS2_PLACEMENT_3D('',#2559,#2112,#2113);
#1742=AXIS2_PLACEMENT_3D('',#2561,#2115,#2116);
#1743=AXIS2_PLACEMENT_3D('',#2563,#2118,#2119);
#1744=AXIS2_PLACEMENT_3D('',#2564,#2120,#2121);
#1745=AXIS2_PLACEMENT_3D('',#2565,#2122,#2123);
#1746=AXIS2_PLACEMENT_3D('',#2569,#2125,#2126);
#1747=AXIS2_PLACEMENT_3D('',#2570,#2127,#2128);
#1748=AXIS2_PLACEMENT_3D('',#2571,#2129,#2130);
#1749=AXIS2_PLACEMENT_3D('',#2573,#2131,#2132);
#1750=AXIS2_PLACEMENT_3D('',#2575,#2134,#2135);
#1751=AXIS2_PLACEMENT_3D('',#2578,#2137,#2138);
#1752=AXIS2_PLACEMENT_3D('',#2579,#2139,#2140);
#1753=AXIS2_PLACEMENT_3D('',#2581,#2142,#2143);
#1754=AXIS2_PLACEMENT_3D('',#2591,#2148,#2149);
#1755=AXIS2_PLACEMENT_3D('',#2592,#2150,#2151);
#1756=AXIS2_PLACEMENT_3D('',#2601,#2156,#2157);
#1757=AXIS2_PLACEMENT_3D('',#2607,#2161,#2162);
#1758=AXIS2_PLACEMENT_3D('',#2629,#2175,#2176);
#1759=AXIS2_PLACEMENT_3D('',#2633,#2179,#2180);
#1760=AXIS2_PLACEMENT_3D('',#2637,#2183,#2184);
#1761=AXIS2_PLACEMENT_3D('',#2643,#2188,#2189);
#1762=AXIS2_PLACEMENT_3D('',#2647,#2192,#2193);
#1763=AXIS2_PLACEMENT_3D('',#2653,#2197,#2198);
#1764=AXIS2_PLACEMENT_3D('',#2657,#2201,#2202);
#1765=AXIS2_PLACEMENT_3D('',#2659,#2204,#2205);
#1766=AXIS2_PLACEMENT_3D('',#2663,#2208,#2209);
#1767=AXIS2_PLACEMENT_3D('',#2665,#2211,#2212);
#1768=AXIS2_PLACEMENT_3D('',#2667,#2214,#2215);
#1769=AXIS2_PLACEMENT_3D('',#2669,#2217,#2218);
#1770=AXIS2_PLACEMENT_3D('',#2671,#2220,#2221);
#1771=AXIS2_PLACEMENT_3D('',#2673,#2223,#2224);
#1772=DIRECTION('axis',(0.,0.,1.));
#1773=DIRECTION('refdir',(1.,0.,0.));
#1774=DIRECTION('center_axis',(0.577350269189626,-0.577350269189626,0.577350269189626));
#1775=DIRECTION('ref_axis',(0.707106781186547,0.,-0.707106781186547));
#1776=DIRECTION('',(0.707106781186547,0.,-0.707106781186547));
#1777=DIRECTION('',(0.,0.707106781186547,0.707106781186547));
#1778=DIRECTION('',(-0.707106781186547,-0.707106781186547,0.));
#1779=DIRECTION('center_axis',(-0.577350269189626,-0.577350269189626,0.577350269189626));
#1780=DIRECTION('ref_axis',(0.707106781186547,0.,0.707106781186547));
#1781=DIRECTION('',(0.,-0.707106781186547,-0.707106781186547));
#1782=DIRECTION('',(0.707106781186547,0.,0.707106781186547));
#1783=DIRECTION('',(-0.707106781186547,0.707106781186547,0.));
#1784=DIRECTION('center_axis',(0.577350269189626,0.577350269189626,0.577350269189626));
#1785=DIRECTION('ref_axis',(0.707106781186547,0.,-0.707106781186547));
#1786=DIRECTION('',(0.707106781186547,-0.707106781186547,0.));
#1787=DIRECTION('',(0.,0.707106781186547,-0.707106781186547));
#1788=DIRECTION('',(-0.707106781186547,0.,0.707106781186547));
#1789=DIRECTION('center_axis',(-0.577350269189626,0.577350269189626,0.577350269189626));
#1790=DIRECTION('ref_axis',(0.707106781186547,0.,0.707106781186547));
#1791=DIRECTION('',(-0.707106781186547,0.,-0.707106781186547));
#1792=DIRECTION('',(0.,-0.707106781186547,0.707106781186547));
#1793=DIRECTION('',(0.707106781186547,0.707106781186547,0.));
#1794=DIRECTION('center_axis',(0.,0.707106781186548,0.707106781186548));
#1795=DIRECTION('ref_axis',(1.,0.,0.));
#1796=DIRECTION('',(-1.,0.,0.));
#1797=DIRECTION('',(1.,0.,0.));
#1798=DIRECTION('center_axis',(-0.707106781186548,0.707106781186548,0.));
#1799=DIRECTION('ref_axis',(0.,0.,1.));
#1800=DIRECTION('',(-0.707106781186548,-0.707106781186548,0.));
#1801=DIRECTION('',(0.,0.,1.));
#1802=DIRECTION('',(0.,0.,-1.));
#1803=DIRECTION('center_axis',(-0.707106781186548,0.,0.707106781186548));
#1804=DIRECTION('ref_axis',(0.707106781186548,0.,0.707106781186548));
#1805=DIRECTION('',(0.,-1.,0.));
#1806=DIRECTION('',(0.,1.,0.));
#1807=DIRECTION('center_axis',(0.707106781186548,0.,0.707106781186548));
#1808=DIRECTION('ref_axis',(0.707106781186548,0.,-0.707106781186548));
#1809=DIRECTION('',(0.,-1.,0.));
#1810=DIRECTION('',(0.,1.,0.));
#1811=DIRECTION('center_axis',(0.707106781186548,0.707106781186548,0.));
#1812=DIRECTION('ref_axis',(0.,0.,-1.));
#1813=DIRECTION('',(-0.707106781186548,0.707106781186548,0.));
#1814=DIRECTION('',(0.,0.,1.));
#1815=DIRECTION('',(0.,0.,-1.));
#1816=DIRECTION('center_axis',(-0.707106781186548,-0.707106781186548,0.));
#1817=DIRECTION('ref_axis',(0.,0.,1.));
#1818=DIRECTION('',(0.707106781186548,-0.707106781186548,0.));
#1819=DIRECTION('',(0.,0.,1.));
#1820=DIRECTION('',(0.,0.,-1.));
#1821=DIRECTION('center_axis',(0.,-0.707106781186548,0.707106781186548));
#1822=DIRECTION('ref_axis',(1.,0.,0.));
#1823=DIRECTION('',(1.,0.,0.));
#1824=DIRECTION('',(-1.,0.,0.));
#1825=DIRECTION('center_axis',(0.707106781186548,-0.707106781186548,0.));
#1826=DIRECTION('ref_axis',(0.,0.,-1.));
#1827=DIRECTION('',(0.707106781186548,0.707106781186548,0.));
#1828=DIRECTION('',(0.,0.,1.));
#1829=DIRECTION('',(0.,0.,-1.));
#1830=DIRECTION('center_axis',(0.,1.,0.));
#1831=DIRECTION('ref_axis',(1.,0.,0.));
#1832=DIRECTION('',(1.,0.,0.));
#1833=DIRECTION('center_axis',(1.,0.,0.));
#1834=DIRECTION('ref_axis',(0.,-1.,0.));
#1835=DIRECTION('',(0.,-1.,0.));
#1836=DIRECTION('center_axis',(0.,0.,1.));
#1837=DIRECTION('ref_axis',(1.,0.,0.));
#1838=DIRECTION('center_axis',(0.,0.,-1.));
#1839=DIRECTION('ref_axis',(1.,0.,0.));
#1840=DIRECTION('center_axis',(0.,0.,-1.));
#1841=DIRECTION('ref_axis',(1.,0.,0.));
#1842=DIRECTION('center_axis',(0.,0.,-1.));
#1843=DIRECTION('ref_axis',(1.,0.,0.));
#1844=DIRECTION('center_axis',(0.,0.,-1.));
#1845=DIRECTION('ref_axis',(1.,0.,0.));
#1846=DIRECTION('center_axis',(0.,0.,-1.));
#1847=DIRECTION('ref_axis',(1.,0.,0.));
#1848=DIRECTION('center_axis',(0.,0.,1.));
#1849=DIRECTION('ref_axis',(1.,0.,0.));
#1850=DIRECTION('center_axis',(0.,0.,-1.));
#1851=DIRECTION('ref_axis',(1.,0.,0.));
#1852=DIRECTION('',(0.,0.,1.));
#1853=DIRECTION('center_axis',(0.,0.,-1.));
#1854=DIRECTION('ref_axis',(1.,0.,0.));
#1855=DIRECTION('',(0.,0.,1.));
#1856=DIRECTION('center_axis',(0.,0.,-1.));
#1857=DIRECTION('ref_axis',(1.,0.,0.));
#1858=DIRECTION('center_axis',(0.,-1.,0.));
#1859=DIRECTION('ref_axis',(-1.,0.,0.));
#1860=DIRECTION('',(1.,0.,0.));
#1861=DIRECTION('',(0.,0.,-1.));
#1862=DIRECTION('',(1.,0.,0.));
#1863=DIRECTION('center_axis',(0.,1.,0.));
#1864=DIRECTION('ref_axis',(0.707106781186547,0.,-0.707106781186547));
#1865=DIRECTION('',(-1.,0.,0.));
#1866=DIRECTION('',(0.,0.,-1.));
#1867=DIRECTION('',(-1.,0.,0.));
#1868=DIRECTION('',(0.,0.,-1.));
#1869=DIRECTION('center_axis',(1.,0.,0.));
#1870=DIRECTION('ref_axis',(0.,-1.,0.));
#1871=DIRECTION('',(0.,1.,0.));
#1872=DIRECTION('',(0.,0.,-1.));
#1873=DIRECTION('',(0.,-1.,0.));
#1874=DIRECTION('',(0.,-1.,0.));
#1875=DIRECTION('',(0.,0.,1.));
#1876=DIRECTION('',(0.,1.,0.));
#1877=DIRECTION('center_axis',(0.,-1.,0.));
#1878=DIRECTION('ref_axis',(0.,0.,-1.));
#1879=DIRECTION('center_axis',(0.,1.,0.));
#1880=DIRECTION('ref_axis',(0.707106781186547,0.,-0.707106781186547));
#1881=DIRECTION('',(1.,0.,0.));
#1882=DIRECTION('',(1.,0.,0.));
#1883=DIRECTION('center_axis',(0.,-1.,0.));
#1884=DIRECTION('ref_axis',(0.707106781186547,0.,0.707106781186547));
#1885=DIRECTION('',(0.,1.,0.));
#1886=DIRECTION('',(0.,-1.,0.));
#1887=DIRECTION('center_axis',(0.,0.,1.));
#1888=DIRECTION('ref_axis',(0.,1.,0.));
#1889=DIRECTION('',(0.,1.,0.));
#1890=DIRECTION('',(-1.,0.,0.));
#1891=DIRECTION('',(0.,-1.,0.));
#1892=DIRECTION('',(-1.,0.,0.));
#1893=DIRECTION('center_axis',(0.,-1.,0.));
#1894=DIRECTION('ref_axis',(-0.707106781186547,0.,-0.707106781186547));
#1895=DIRECTION('center_axis',(0.,-1.,0.));
#1896=DIRECTION('ref_axis',(-0.707106781186547,0.,-0.707106781186547));
#1897=DIRECTION('',(0.,-1.,0.));
#1898=DIRECTION('center_axis',(0.,-1.,0.));
#1899=DIRECTION('ref_axis',(-0.707106781186547,0.,-0.707106781186547));
#1900=DIRECTION('center_axis',(0.,0.,-1.));
#1901=DIRECTION('ref_axis',(0.,-1.,0.));
#1902=DIRECTION('',(-1.,0.,0.));
#1903=DIRECTION('',(0.,1.,0.));
#1904=DIRECTION('',(1.,0.,0.));
#1905=DIRECTION('center_axis',(0.,1.,0.));
#1906=DIRECTION('ref_axis',(0.,0.,-1.));
#1907=DIRECTION('',(0.,0.,1.));
#1908=DIRECTION('center_axis',(-1.,0.,0.));
#1909=DIRECTION('ref_axis',(0.,1.,0.));
#1910=DIRECTION('',(0.,-1.,0.));
#1911=DIRECTION('',(0.,1.,0.));
#1912=DIRECTION('',(0.,0.,-1.));
#1913=DIRECTION('',(0.,0.,-1.));
#1914=DIRECTION('center_axis',(0.,0.,-1.));
#1915=DIRECTION('ref_axis',(0.,1.,0.));
#1916=DIRECTION('center_axis',(0.,0.,1.));
#1917=DIRECTION('ref_axis',(0.,-1.,0.));
#1918=DIRECTION('center_axis',(0.,1.,0.));
#1919=DIRECTION('ref_axis',(1.,0.,0.));
#1920=DIRECTION('',(-1.,0.,0.));
#1921=DIRECTION('',(1.,0.,0.));
#1922=DIRECTION('center_axis',(0.,0.,-1.));
#1923=DIRECTION('ref_axis',(-1.,0.,0.));
#1924=DIRECTION('',(-1.,0.,0.));
#1925=DIRECTION('',(0.,1.,0.));
#1926=DIRECTION('center_axis',(-1.,0.,0.));
#1927=DIRECTION('ref_axis',(0.,1.,0.));
#1928=DIRECTION('center_axis',(0.,-1.,0.));
#1929=DIRECTION('ref_axis',(-1.,0.,0.));
#1930=DIRECTION('center_axis',(0.,0.,-1.));
#1931=DIRECTION('ref_axis',(-1.,0.,0.));
#1932=DIRECTION('center_axis',(0.,0.,-1.));
#1933=DIRECTION('ref_axis',(1.,0.,0.));
#1934=DIRECTION('center_axis',(0.,0.,-1.));
#1935=DIRECTION('ref_axis',(1.,0.,0.));
#1936=DIRECTION('center_axis',(0.,0.,-1.));
#1937=DIRECTION('ref_axis',(1.,0.,0.));
#1938=DIRECTION('center_axis',(0.,0.,-1.));
#1939=DIRECTION('ref_axis',(1.,0.,0.));
#1940=DIRECTION('center_axis',(0.,0.,-1.));
#1941=DIRECTION('ref_axis',(1.,0.,0.));
#1942=DIRECTION('',(0.,0.,1.));
#1943=DIRECTION('center_axis',(0.,0.,-1.));
#1944=DIRECTION('ref_axis',(1.,0.,0.));
#1945=DIRECTION('center_axis',(0.,0.,-1.));
#1946=DIRECTION('ref_axis',(1.,0.,0.));
#1947=DIRECTION('center_axis',(0.,0.,-1.));
#1948=DIRECTION('ref_axis',(1.,0.,0.));
#1949=DIRECTION('center_axis',(0.,0.,-1.));
#1950=DIRECTION('ref_axis',(1.,0.,0.));
#1951=DIRECTION('center_axis',(0.,0.,-1.));
#1952=DIRECTION('ref_axis',(1.,0.,0.));
#1953=DIRECTION('center_axis',(0.,0.,-1.));
#1954=DIRECTION('ref_axis',(1.,0.,0.));
#1955=DIRECTION('center_axis',(0.,0.,1.));
#1956=DIRECTION('ref_axis',(1.,0.,0.));
#1957=DIRECTION('center_axis',(0.,0.,-1.));
#1958=DIRECTION('ref_axis',(1.,0.,0.));
#1959=DIRECTION('',(0.,0.,1.));
#1960=DIRECTION('center_axis',(0.,0.,-1.));
#1961=DIRECTION('ref_axis',(1.,0.,0.));
#1962=DIRECTION('',(0.,0.,1.));
#1963=DIRECTION('center_axis',(0.,0.,-1.));
#1964=DIRECTION('ref_axis',(1.,0.,0.));
#1965=DIRECTION('center_axis',(0.,0.,-1.));
#1966=DIRECTION('ref_axis',(1.,0.,0.));
#1967=DIRECTION('',(0.,0.,1.));
#1968=DIRECTION('center_axis',(0.,0.,-1.));
#1969=DIRECTION('ref_axis',(1.,0.,0.));
#1970=DIRECTION('center_axis',(0.,0.,-1.));
#1971=DIRECTION('ref_axis',(1.,0.,0.));
#1972=DIRECTION('center_axis',(0.,0.,-1.));
#1973=DIRECTION('ref_axis',(1.,0.,0.));
#1974=DIRECTION('center_axis',(0.,0.,-1.));
#1975=DIRECTION('ref_axis',(1.,0.,0.));
#1976=DIRECTION('center_axis',(0.,0.,-1.));
#1977=DIRECTION('ref_axis',(1.,0.,0.));
#1978=DIRECTION('center_axis',(0.,0.,-1.));
#1979=DIRECTION('ref_axis',(1.,0.,0.));
#1980=DIRECTION('center_axis',(0.,0.,1.));
#1981=DIRECTION('ref_axis',(1.,0.,0.));
#1982=DIRECTION('center_axis',(0.,0.,-1.));
#1983=DIRECTION('ref_axis',(1.,0.,0.));
#1984=DIRECTION('',(0.,0.,1.));
#1985=DIRECTION('center_axis',(0.,0.,-1.));
#1986=DIRECTION('ref_axis',(1.,0.,0.));
#1987=DIRECTION('',(0.,0.,1.));
#1988=DIRECTION('center_axis',(0.,0.,-1.));
#1989=DIRECTION('ref_axis',(1.,0.,0.));
#1990=DIRECTION('center_axis',(0.,0.,-1.));
#1991=DIRECTION('ref_axis',(1.,0.,0.));
#1992=DIRECTION('',(0.,0.,1.));
#1993=DIRECTION('center_axis',(0.,0.,-1.));
#1994=DIRECTION('ref_axis',(1.,0.,0.));
#1995=DIRECTION('center_axis',(0.,0.,-1.));
#1996=DIRECTION('ref_axis',(1.,0.,0.));
#1997=DIRECTION('center_axis',(0.,0.,-1.));
#1998=DIRECTION('ref_axis',(1.,0.,0.));
#1999=DIRECTION('center_axis',(0.,0.,-1.));
#2000=DIRECTION('ref_axis',(1.,0.,0.));
#2001=DIRECTION('center_axis',(0.,0.,-1.));
#2002=DIRECTION('ref_axis',(1.,0.,0.));
#2003=DIRECTION('center_axis',(0.,0.,-1.));
#2004=DIRECTION('ref_axis',(1.,0.,0.));
#2005=DIRECTION('center_axis',(0.,0.,1.));
#2006=DIRECTION('ref_axis',(1.,0.,0.));
#2007=DIRECTION('center_axis',(0.,0.,-1.));
#2008=DIRECTION('ref_axis',(1.,0.,0.));
#2009=DIRECTION('',(0.,0.,1.));
#2010=DIRECTION('center_axis',(0.,0.,-1.));
#2011=DIRECTION('ref_axis',(1.,0.,0.));
#2012=DIRECTION('',(0.,0.,1.));
#2013=DIRECTION('center_axis',(0.,0.,-1.));
#2014=DIRECTION('ref_axis',(1.,0.,0.));
#2015=DIRECTION('center_axis',(0.,0.,-1.));
#2016=DIRECTION('ref_axis',(1.,0.,0.));
#2017=DIRECTION('',(0.,0.,1.));
#2018=DIRECTION('center_axis',(0.,0.,-1.));
#2019=DIRECTION('ref_axis',(1.,0.,0.));
#2020=DIRECTION('center_axis',(0.577350269189626,0.577350269189626,-0.577350269189626));
#2021=DIRECTION('ref_axis',(-0.707106781186547,0.,-0.707106781186547));
#2022=DIRECTION('',(0.,-0.707106781186547,-0.707106781186547));
#2023=DIRECTION('',(-0.707106781186547,0.707106781186547,0.));
#2024=DIRECTION('',(0.707106781186547,0.,0.707106781186547));
#2025=DIRECTION('center_axis',(0.707106781186548,0.707106781186548,0.));
#2026=DIRECTION('ref_axis',(0.,0.,-1.));
#2027=DIRECTION('',(0.707106781186548,-0.707106781186548,0.));
#2028=DIRECTION('',(0.,0.,-1.));
#2029=DIRECTION('',(0.,0.,1.));
#2030=DIRECTION('center_axis',(0.577350269189626,-0.577350269189626,-0.577350269189626));
#2031=DIRECTION('ref_axis',(-0.707106781186547,0.,-0.707106781186547));
#2032=DIRECTION('',(-0.707106781186547,0.,-0.707106781186547));
#2033=DIRECTION('',(0.707106781186547,0.707106781186547,0.));
#2034=DIRECTION('',(0.,-0.707106781186547,0.707106781186547));
#2035=DIRECTION('center_axis',(0.707106781186548,-0.707106781186548,0.));
#2036=DIRECTION('ref_axis',(0.,0.,-1.));
#2037=DIRECTION('',(-0.707106781186548,-0.707106781186548,0.));
#2038=DIRECTION('',(0.,0.,-1.));
#2039=DIRECTION('',(0.,0.,1.));
#2040=DIRECTION('center_axis',(-0.577350269189626,0.577350269189626,-0.577350269189626));
#2041=DIRECTION('ref_axis',(-0.707106781186547,0.,0.707106781186547));
#2042=DIRECTION('',(0.707106781186547,0.,-0.707106781186547));
#2043=DIRECTION('',(-0.707106781186547,-0.707106781186547,0.));
#2044=DIRECTION('',(0.,0.707106781186547,0.707106781186547));
#2045=DIRECTION('center_axis',(-0.707106781186548,0.707106781186548,0.));
#2046=DIRECTION('ref_axis',(0.,0.,1.));
#2047=DIRECTION('',(0.707106781186548,0.707106781186548,0.));
#2048=DIRECTION('',(0.,0.,-1.));
#2049=DIRECTION('',(0.,0.,1.));
#2050=DIRECTION('center_axis',(0.,0.707106781186548,-0.707106781186548));
#2051=DIRECTION('ref_axis',(-1.,0.,0.));
#2052=DIRECTION('',(-1.,0.,0.));
#2053=DIRECTION('',(1.,0.,0.));
#2054=DIRECTION('center_axis',(-0.577350269189626,-0.577350269189626,-0.577350269189626));
#2055=DIRECTION('ref_axis',(-0.707106781186547,0.,0.707106781186547));
#2056=DIRECTION('',(0.,0.707106781186547,-0.707106781186547));
#2057=DIRECTION('',(0.707106781186547,-0.707106781186547,0.));
#2058=DIRECTION('',(-0.707106781186547,0.,0.707106781186547));
#2059=DIRECTION('center_axis',(-0.707106781186548,-0.707106781186548,0.));
#2060=DIRECTION('ref_axis',(0.,0.,1.));
#2061=DIRECTION('',(-0.707106781186548,0.707106781186548,0.));
#2062=DIRECTION('',(0.,0.,-1.));
#2063=DIRECTION('',(0.,0.,1.));
#2064=DIRECTION('center_axis',(-0.707106781186548,0.,-0.707106781186548));
#2065=DIRECTION('ref_axis',(-0.707106781186548,0.,0.707106781186548));
#2066=DIRECTION('',(0.,-1.,0.));
#2067=DIRECTION('',(0.,1.,0.));
#2068=DIRECTION('center_axis',(0.,-0.707106781186548,-0.707106781186548));
#2069=DIRECTION('ref_axis',(-1.,0.,0.));
#2070=DIRECTION('',(1.,0.,0.));
#2071=DIRECTION('',(-1.,0.,0.));
#2072=DIRECTION('center_axis',(0.707106781186548,0.,-0.707106781186548));
#2073=DIRECTION('ref_axis',(-0.707106781186548,0.,-0.707106781186548));
#2074=DIRECTION('',(0.,1.,0.));
#2075=DIRECTION('',(0.,-1.,0.));
#2076=DIRECTION('center_axis',(0.,1.,0.));
#2077=DIRECTION('ref_axis',(1.,0.,0.));
#2078=DIRECTION('',(1.,0.,0.));
#2079=DIRECTION('center_axis',(-1.,0.,0.));
#2080=DIRECTION('ref_axis',(0.,1.,0.));
#2081=DIRECTION('',(0.,1.,0.));
#2082=DIRECTION('center_axis',(0.,0.,-1.));
#2083=DIRECTION('ref_axis',(1.,0.,0.));
#2084=DIRECTION('',(0.,-1.,0.));
#2085=DIRECTION('',(1.,0.,0.));
#2086=DIRECTION('',(0.,1.,0.));
#2087=DIRECTION('',(-1.,0.,0.));
#2088=DIRECTION('center_axis',(0.,0.,1.));
#2089=DIRECTION('ref_axis',(1.,0.,0.));
#2090=DIRECTION('center_axis',(0.,0.,-1.));
#2091=DIRECTION('ref_axis',(1.,0.,0.));
#2092=DIRECTION('',(-1.,0.,0.));
#2093=DIRECTION('',(0.,-1.,0.));
#2094=DIRECTION('',(-1.,0.,0.));
#2095=DIRECTION('',(0.,1.,0.));
#2096=DIRECTION('',(1.,0.,0.));
#2097=DIRECTION('',(0.,-1.,0.));
#2098=DIRECTION('center_axis',(0.,-1.,0.));
#2099=DIRECTION('ref_axis',(-0.628539361054709,0.,-0.777777777777778));
#2100=DIRECTION('center_axis',(0.707106781186548,0.707106781186547,0.));
#2101=DIRECTION('ref_axis',(-0.707106781186547,0.707106781186548,0.));
#2102=DIRECTION('',(0.,1.,0.));
#2103=DIRECTION('center_axis',(0.707106781186547,-0.707106781186548,0.));
#2104=DIRECTION('ref_axis',(0.707106781186548,0.707106781186547,0.));
#2105=DIRECTION('center_axis',(-1.,0.,0.));
#2106=DIRECTION('ref_axis',(0.,0.628539361054709,-0.777777777777778));
#2107=DIRECTION('center_axis',(0.707106781186548,-0.707106781186547,0.));
#2108=DIRECTION('ref_axis',(0.707106781186547,0.707106781186548,0.));
#2109=DIRECTION('',(1.,0.,0.));
#2110=DIRECTION('center_axis',(0.,1.,0.));
#2111=DIRECTION('ref_axis',(0.628539361054709,0.,-0.777777777777778));
#2112=DIRECTION('center_axis',(-0.707106781186547,-0.707106781186548,-1.39563774105224E-16));
#2113=DIRECTION('ref_axis',(0.707106781186548,-0.707106781186547,1.39563774105224E-16));
#2114=DIRECTION('',(0.,-1.,0.));
#2115=DIRECTION('center_axis',(1.,0.,0.));
#2116=DIRECTION('ref_axis',(0.,-0.628539361054709,-0.777777777777778));
#2117=DIRECTION('',(-1.,0.,0.));
#2118=DIRECTION('center_axis',(0.,-1.,0.));
#2119=DIRECTION('ref_axis',(-1.,0.,0.));
#2120=DIRECTION('center_axis',(1.,0.,0.));
#2121=DIRECTION('ref_axis',(0.,-1.,0.));
#2122=DIRECTION('center_axis',(0.,-1.,0.));
#2123=DIRECTION('ref_axis',(-0.707106781186547,0.,0.707106781186547));
#2124=DIRECTION('',(0.,1.,0.));
#2125=DIRECTION('center_axis',(0.707106781186548,-0.707106781186548,0.));
#2126=DIRECTION('ref_axis',(0.707106781186547,0.707106781186547,0.));
#2127=DIRECTION('center_axis',(0.707106781186548,0.707106781186548,0.));
#2128=DIRECTION('ref_axis',(-0.707106781186547,0.707106781186547,0.));
#2129=DIRECTION('center_axis',(-1.,0.,0.));
#2130=DIRECTION('ref_axis',(0.,0.707106781186547,0.707106781186547));
#2131=DIRECTION('center_axis',(0.707106781186548,-0.707106781186548,0.));
#2132=DIRECTION('ref_axis',(0.707106781186547,0.707106781186547,0.));
#2133=DIRECTION('',(1.,0.,0.));
#2134=DIRECTION('center_axis',(0.,1.,0.));
#2135=DIRECTION('ref_axis',(0.707106781186547,0.,0.707106781186547));
#2136=DIRECTION('',(0.,-1.,0.));
#2137=DIRECTION('center_axis',(-0.707106781186548,-0.707106781186548,0.));
#2138=DIRECTION('ref_axis',(0.707106781186547,-0.707106781186547,0.));
#2139=DIRECTION('center_axis',(1.,0.,0.));
#2140=DIRECTION('ref_axis',(0.,-0.707106781186547,0.707106781186547));
#2141=DIRECTION('',(-1.,0.,0.));
#2142=DIRECTION('center_axis',(0.,0.,-1.));
#2143=DIRECTION('ref_axis',(1.,0.,0.));
#2144=DIRECTION('',(0.,1.,0.));
#2145=DIRECTION('',(-1.,0.,0.));
#2146=DIRECTION('',(0.,-1.,0.));
#2147=DIRECTION('',(1.,0.,0.));
#2148=DIRECTION('center_axis',(0.,0.,-1.));
#2149=DIRECTION('ref_axis',(1.,0.,0.));
#2150=DIRECTION('center_axis',(0.707106781186545,0.,-0.70710678118655));
#2151=DIRECTION('ref_axis',(-0.70710678118655,0.,-0.707106781186545));
#2152=DIRECTION('',(0.70710678118655,0.,0.707106781186545));
#2153=DIRECTION('',(0.,-1.,0.));
#2154=DIRECTION('',(-0.70710678118655,0.,-0.707106781186545));
#2155=DIRECTION('',(0.,1.,0.));
#2156=DIRECTION('center_axis',(1.,0.,0.));
#2157=DIRECTION('ref_axis',(0.,0.,-1.));
#2158=DIRECTION('',(0.,0.,1.));
#2159=DIRECTION('',(0.,1.,0.));
#2160=DIRECTION('',(0.,0.,-1.));
#2161=DIRECTION('center_axis',(0.,1.,0.));
#2162=DIRECTION('ref_axis',(-1.,0.,0.));
#2163=DIRECTION('',(1.,0.,0.));
#2164=DIRECTION('',(0.,0.,1.));
#2165=DIRECTION('',(0.,0.,1.));
#2166=DIRECTION('',(-1.,0.,0.));
#2167=DIRECTION('',(0.707106781186548,0.,-0.707106781186548));
#2168=DIRECTION('',(0.,0.,-1.));
#2169=DIRECTION('',(-0.707106781186548,0.,-0.707106781186548));
#2170=DIRECTION('',(-1.,0.,0.));
#2171=DIRECTION('',(0.,0.,1.));
#2172=DIRECTION('',(0.,0.,1.));
#2173=DIRECTION('',(1.,0.,0.));
#2174=DIRECTION('',(-0.70710678118655,0.,0.707106781186545));
#2175=DIRECTION('center_axis',(0.707106781186545,0.,0.70710678118655));
#2176=DIRECTION('ref_axis',(0.70710678118655,0.,-0.707106781186545));
#2177=DIRECTION('',(0.70710678118655,0.,-0.707106781186545));
#2178=DIRECTION('',(0.,-1.,0.));
#2179=DIRECTION('center_axis',(0.,0.,1.));
#2180=DIRECTION('ref_axis',(1.,0.,0.));
#2181=DIRECTION('',(0.,-1.,0.));
#2182=DIRECTION('',(1.,0.,0.));
#2183=DIRECTION('center_axis',(-0.707106781186548,0.,-0.707106781186548));
#2184=DIRECTION('ref_axis',(-0.707106781186548,0.,0.707106781186548));
#2185=DIRECTION('',(-0.707106781186548,0.,0.707106781186548));
#2186=DIRECTION('',(0.,1.,0.));
#2187=DIRECTION('',(0.,-1.,0.));
#2188=DIRECTION('center_axis',(0.,0.,-1.));
#2189=DIRECTION('ref_axis',(0.,-1.,0.));
#2190=DIRECTION('',(0.,1.,0.));
#2191=DIRECTION('',(-1.,0.,0.));
#2192=DIRECTION('center_axis',(-0.707106781186548,0.,0.707106781186548));
#2193=DIRECTION('ref_axis',(0.707106781186548,0.,0.707106781186548));
#2194=DIRECTION('',(0.,-1.,0.));
#2195=DIRECTION('',(0.707106781186548,0.,0.707106781186548));
#2196=DIRECTION('',(0.,1.,0.));
#2197=DIRECTION('center_axis',(0.,0.,1.));
#2198=DIRECTION('ref_axis',(1.,0.,0.));
#2199=DIRECTION('',(-1.,0.,0.));
#2200=DIRECTION('',(0.,1.,0.));
#2201=DIRECTION('center_axis',(-1.,0.,0.));
#2202=DIRECTION('ref_axis',(0.,0.,1.));
#2203=DIRECTION('',(0.,0.,1.));
#2204=DIRECTION('center_axis',(0.,0.,-1.));
#2205=DIRECTION('ref_axis',(0.,1.,0.));
#2206=DIRECTION('',(1.,0.,0.));
#2207=DIRECTION('',(0.,-1.,0.));
#2208=DIRECTION('center_axis',(-1.,0.,0.));
#2209=DIRECTION('ref_axis',(0.,-1.,0.));
#2210=DIRECTION('',(0.,0.,1.));
#2211=DIRECTION('center_axis',(1.,0.,0.));
#2212=DIRECTION('ref_axis',(0.,1.,0.));
#2213=DIRECTION('',(0.,0.,1.));
#2214=DIRECTION('center_axis',(0.,0.,1.));
#2215=DIRECTION('ref_axis',(1.,0.,0.));
#2216=DIRECTION('',(0.,0.,-1.));
#2217=DIRECTION('center_axis',(1.,0.,0.));
#2218=DIRECTION('ref_axis',(0.,1.,0.));
#2219=DIRECTION('',(0.,0.,1.));
#2220=DIRECTION('center_axis',(0.,-1.,0.));
#2221=DIRECTION('ref_axis',(1.,0.,0.));
#2222=DIRECTION('',(0.,0.,1.));
#2223=DIRECTION('center_axis',(-1.,0.,0.));
#2224=DIRECTION('ref_axis',(0.,-1.,0.));
#2225=CARTESIAN_POINT('',(0.,0.,0.));
#2226=CARTESIAN_POINT('Origin',(753.500010035932,-1585.00002212822,-20.));
#2227=CARTESIAN_POINT('',(753.500010035932,-1565.00002212822,0.));
#2228=CARTESIAN_POINT('',(773.500010035932,-1565.00002212822,-20.));
#2229=CARTESIAN_POINT('',(753.500010035932,-1565.00002212822,0.));
#2230=CARTESIAN_POINT('',(753.500010035932,-1585.00002212822,-20.));
#2231=CARTESIAN_POINT('',(753.500010035932,-1585.00002212822,-20.));
#2232=CARTESIAN_POINT('',(773.500010035932,-1565.00002212822,-20.));
#2233=CARTESIAN_POINT('Origin',(127.799994908273,-1565.00002212822,-20.));
#2234=CARTESIAN_POINT('',(147.799994908273,-1565.00002212822,0.));
#2235=CARTESIAN_POINT('',(147.799994908273,-1585.00002212822,-20.));
#2236=CARTESIAN_POINT('',(147.799994908273,-1565.00002212822,0.));
#2237=CARTESIAN_POINT('',(127.799994908273,-1565.00002212822,-20.));
#2238=CARTESIAN_POINT('',(127.799994908273,-1565.00002212822,-20.));
#2239=CARTESIAN_POINT('',(147.799994908273,-1585.00002212822,-20.));
#2240=CARTESIAN_POINT('Origin',(753.500010035932,-76.5999964997172,0.));
#2241=CARTESIAN_POINT('',(753.500010035932,-56.5999964997172,-20.));
#2242=CARTESIAN_POINT('',(773.500010035932,-76.5999964997172,-20.));
#2243=CARTESIAN_POINT('',(753.500010035932,-56.5999964997172,-20.));
#2244=CARTESIAN_POINT('',(753.500010035932,-76.5999964997172,0.));
#2245=CARTESIAN_POINT('',(753.500010035932,-76.5999964997172,0.));
#2246=CARTESIAN_POINT('',(773.500010035932,-76.5999964997172,-20.));
#2247=CARTESIAN_POINT('Origin',(147.799994908273,-56.5999964997172,-20.));
#2248=CARTESIAN_POINT('',(147.799994908273,-76.5999964997172,0.));
#2249=CARTESIAN_POINT('',(127.799994908273,-76.5999964997172,-20.));
#2250=CARTESIAN_POINT('',(147.799994908273,-76.5999964997172,0.));
#2251=CARTESIAN_POINT('',(147.799994908273,-56.5999964997172,-20.));
#2252=CARTESIAN_POINT('',(147.799994908273,-56.5999964997172,-20.));
#2253=CARTESIAN_POINT('',(127.799994908273,-76.5999964997172,-20.));
#2254=CARTESIAN_POINT('Origin',(289.224998690188,-66.5999964997172,-10.));
#2255=CARTESIAN_POINT('',(289.224998690188,-56.5999964997172,-20.));
#2256=CARTESIAN_POINT('',(289.224998690188,-76.5999964997172,0.));
#2257=CARTESIAN_POINT('Origin',(137.799994908273,-66.5999964997172,0.));
#2258=CARTESIAN_POINT('',(147.799994908273,-56.5999964997172,-275.));
#2259=CARTESIAN_POINT('',(127.799994908273,-76.5999964997172,-275.));
#2260=CARTESIAN_POINT('',(27.4624935956673,-176.937497812323,-275.));
#2261=CARTESIAN_POINT('',(127.799994908273,-76.5999964997172,0.));
#2262=CARTESIAN_POINT('',(147.799994908273,-56.5999964997172,0.));
#2263=CARTESIAN_POINT('Origin',(137.799994908273,-1202.9000157211,-10.));
#2264=CARTESIAN_POINT('',(127.799994908273,-1202.9000157211,-20.));
#2265=CARTESIAN_POINT('',(147.799994908273,-1202.9000157211,0.));
#2266=CARTESIAN_POINT('Origin',(763.500010035932,-438.700002906844,-10.));
#2267=CARTESIAN_POINT('',(753.500010035932,-438.700002906844,0.));
#2268=CARTESIAN_POINT('',(773.500010035932,-438.700002906844,-20.));
#2269=CARTESIAN_POINT('Origin',(763.500010035932,-66.5999964997172,0.));
#2270=CARTESIAN_POINT('',(773.500010035932,-76.5999964997172,-275.));
#2271=CARTESIAN_POINT('',(753.500010035932,-56.5999964997172,-275.));
#2272=CARTESIAN_POINT('',(873.837511348538,-176.937497812323,-275.));
#2273=CARTESIAN_POINT('',(753.500010035932,-56.5999964997172,0.));
#2274=CARTESIAN_POINT('',(773.500010035932,-76.5999964997172,0.));
#2275=CARTESIAN_POINT('Origin',(137.799994908273,-1575.00002212822,0.));
#2276=CARTESIAN_POINT('',(127.799994908273,-1565.00002212822,-275.));
#2277=CARTESIAN_POINT('',(147.799994908273,-1585.00002212822,-275.));
#2278=CARTESIAN_POINT('',(27.4624935956673,-1464.66252081562,-275.));
#2279=CARTESIAN_POINT('',(147.799994908273,-1585.00002212822,0.));
#2280=CARTESIAN_POINT('',(127.799994908273,-1565.00002212822,0.));
#2281=CARTESIAN_POINT('Origin',(612.075006254017,-1575.00002212822,-10.));
#2282=CARTESIAN_POINT('',(612.075006254017,-1585.00002212822,-20.));
#2283=CARTESIAN_POINT('',(612.075006254017,-1565.00002212822,0.));
#2284=CARTESIAN_POINT('Origin',(763.500010035932,-1575.00002212822,0.));
#2285=CARTESIAN_POINT('',(753.500010035932,-1585.00002212822,-275.));
#2286=CARTESIAN_POINT('',(773.500010035932,-1565.00002212822,-275.));
#2287=CARTESIAN_POINT('',(873.837511348538,-1464.66252081562,-275.));
#2288=CARTESIAN_POINT('',(773.500010035932,-1565.00002212822,0.));
#2289=CARTESIAN_POINT('',(753.500010035932,-1585.00002212822,0.));
#2290=CARTESIAN_POINT('Origin',(127.799994908273,-56.5999964997172,0.));
#2291=CARTESIAN_POINT('',(743.500010035932,-56.5999964997172,-275.));
#2292=CARTESIAN_POINT('Origin',(773.500010035932,-56.5999964997172,0.));
#2293=CARTESIAN_POINT('',(773.500010035932,-1585.00002212822,-275.));
#2294=CARTESIAN_POINT('Origin',(450.650002472103,-820.800009313971,0.));
#2295=CARTESIAN_POINT('Origin',(589.500008784235,-179.000002667308,-155.));
#2296=CARTESIAN_POINT('',(574.500008784235,-179.000002667308,-155.));
#2297=CARTESIAN_POINT('Origin',(589.500008784235,-179.000002667308,-155.));
#2298=CARTESIAN_POINT('',(578.48865084738,-179.000002667308,-155.));
#2299=CARTESIAN_POINT('Origin',(589.500008784235,-179.000002667308,-155.));
#2300=CARTESIAN_POINT('Origin',(589.500008784235,-179.000002667308,-140.));
#2301=CARTESIAN_POINT('',(574.500008784235,-179.000002667308,-140.));
#2302=CARTESIAN_POINT('Origin',(589.500008784235,-179.000002667308,-140.));
#2303=CARTESIAN_POINT('',(578.48865084738,-179.000002667308,-140.));
#2304=CARTESIAN_POINT('Origin',(589.500008784235,-179.000002667308,-140.));
#2305=CARTESIAN_POINT('Origin',(589.500008784235,-179.000002667308,-140.));
#2306=CARTESIAN_POINT('',(574.500008784235,-179.000002667308,-140.));
#2307=CARTESIAN_POINT('Origin',(589.500008784235,-179.000002667308,-40.));
#2308=CARTESIAN_POINT('',(578.48865084738,-179.000002667308,-40.));
#2309=CARTESIAN_POINT('',(578.48865084738,-179.000002667308,-40.));
#2310=CARTESIAN_POINT('Origin',(589.500008784235,-179.000002667308,-40.));
#2311=CARTESIAN_POINT('Origin',(743.500010035932,-86.5999964997172,0.));
#2312=CARTESIAN_POINT('',(157.799994908273,-86.5999964997172,-40.));
#2313=CARTESIAN_POINT('',(743.500010035932,-86.5999964997172,-40.));
#2314=CARTESIAN_POINT('',(597.075006254017,-86.5999964997172,-40.));
#2315=CARTESIAN_POINT('',(157.799994908273,-86.6000041132793,-235.00001211185));
#2316=CARTESIAN_POINT('',(157.799994908273,-86.5999964997172,0.));
#2317=CARTESIAN_POINT('',(167.799994908273,-86.5999964997172,-235.00001211185));
#2318=CARTESIAN_POINT('',(450.650002472103,-86.5999964997172,-235.00001211185));
#2319=CARTESIAN_POINT('',(167.799994908273,-86.5999964997172,-255.00001211185));
#2320=CARTESIAN_POINT('Origin',(167.799994908273,-86.5999964997172,-245.00001211185));
#2321=CARTESIAN_POINT('',(157.799994908273,-86.6000041132793,-255.00001211185));
#2322=CARTESIAN_POINT('',(450.650002472103,-86.5999964997172,-255.00001211185));
#2323=CARTESIAN_POINT('',(157.799994908273,-86.5999964997172,-275.));
#2324=CARTESIAN_POINT('',(157.799994908273,-86.5999964997172,0.));
#2325=CARTESIAN_POINT('',(743.500010035932,-86.5999964997172,-275.));
#2326=CARTESIAN_POINT('',(157.799994908273,-86.5999964997172,-275.));
#2327=CARTESIAN_POINT('',(743.500010035932,-86.5999964997172,0.));
#2328=CARTESIAN_POINT('Origin',(157.799994908273,-86.5999964997172,0.));
#2329=CARTESIAN_POINT('',(157.799994908273,-1555.00002212822,-40.));
#2330=CARTESIAN_POINT('',(157.799994908273,-453.700002906844,-40.));
#2331=CARTESIAN_POINT('',(157.799994908273,-1555.00002212822,-275.));
#2332=CARTESIAN_POINT('',(157.799994908273,-1555.00002212822,0.));
#2333=CARTESIAN_POINT('',(157.799994908273,-56.5999964997172,-275.));
#2334=CARTESIAN_POINT('',(157.799994908273,-1554.97998829153,-255.00001211185));
#2335=CARTESIAN_POINT('',(157.799994908273,-820.789992395623,-255.00001211185));
#2336=CARTESIAN_POINT('',(157.799994908273,-1554.97998829153,-235.00001211185));
#2337=CARTESIAN_POINT('',(157.799994908273,-1554.97998829153,-117.500006055925));
#2338=CARTESIAN_POINT('',(157.799994908273,-86.6000003064983,-235.00001211185));
#2339=CARTESIAN_POINT('Origin',(157.799994908273,-1554.97998829153,-235.00001211185));
#2340=CARTESIAN_POINT('',(167.799994908273,-1554.97998829153,-235.00001211185));
#2341=CARTESIAN_POINT('',(167.799994908273,-1554.97998829153,-255.00001211185));
#2342=CARTESIAN_POINT('Origin',(167.799994908273,-1554.97998829153,-245.00001211185));
#2343=CARTESIAN_POINT('',(157.799994908273,-1554.97998829153,-235.00001211185));
#2344=CARTESIAN_POINT('',(157.799994908273,-1554.97998829153,-255.00001211185));
#2345=CARTESIAN_POINT('Origin',(167.799994908273,-453.695000157842,-245.00001211185));
#2346=CARTESIAN_POINT('',(167.799994908273,-1187.88499224697,-255.00001211185));
#2347=CARTESIAN_POINT('',(167.799994908273,-453.695000157842,-235.00001211185));
#2348=CARTESIAN_POINT('Origin',(743.500010035932,-1555.00002212822,-235.));
#2349=CARTESIAN_POINT('',(733.500010035932,-1555.00002212822,-235.));
#2350=CARTESIAN_POINT('',(733.500010035932,-86.6000221282243,-235.));
#2351=CARTESIAN_POINT('',(733.500010035932,-1187.90002212822,-235.));
#2352=CARTESIAN_POINT('',(743.500010035932,-1555.00002212822,-235.));
#2353=CARTESIAN_POINT('',(450.650002472103,-1555.00002212822,-235.));
#2354=CARTESIAN_POINT('',(743.500010035932,-86.6000221282243,-235.));
#2355=CARTESIAN_POINT('',(743.500010035932,-1555.00002212822,-235.));
#2356=CARTESIAN_POINT('',(743.500010035932,-86.6000221282243,-235.));
#2357=CARTESIAN_POINT('Origin',(733.500010035932,-453.700022128224,-245.));
#2358=CARTESIAN_POINT('',(733.500010035932,-86.6000221282243,-255.));
#2359=CARTESIAN_POINT('Origin',(733.500010035932,-86.6000221282243,-245.));
#2360=CARTESIAN_POINT('',(733.500010035932,-1555.00002212822,-255.));
#2361=CARTESIAN_POINT('',(733.500010035932,-453.700022128224,-255.));
#2362=CARTESIAN_POINT('Origin',(733.500010035932,-1555.00002212822,-245.));
#2363=CARTESIAN_POINT('Origin',(743.500010035932,-86.6000221282243,-255.));
#2364=CARTESIAN_POINT('',(743.500010035932,-86.6000221282243,-255.));
#2365=CARTESIAN_POINT('',(743.500010035932,-86.6000221282243,-255.));
#2366=CARTESIAN_POINT('',(743.500010035932,-1555.00002212822,-255.));
#2367=CARTESIAN_POINT('',(743.500010035932,-820.800022128224,-255.));
#2368=CARTESIAN_POINT('',(450.650002472103,-1555.00002212822,-255.));
#2369=CARTESIAN_POINT('Origin',(743.500010035932,-86.6000221282243,-235.));
#2370=CARTESIAN_POINT('',(743.500010035932,-86.6000221282243,-117.5));
#2371=CARTESIAN_POINT('Origin',(743.500010035932,-1555.00002212822,0.));
#2372=CARTESIAN_POINT('',(743.500010035932,-1555.00002212822,-40.));
#2373=CARTESIAN_POINT('',(743.500010035932,-1187.9000157211,-40.));
#2374=CARTESIAN_POINT('',(743.500010035932,-1555.00002212822,-275.));
#2375=CARTESIAN_POINT('',(743.500010035932,-1555.00002212822,-275.));
#2376=CARTESIAN_POINT('',(743.500010035932,-1555.00002212822,0.));
#2377=CARTESIAN_POINT('',(743.500010035932,-1555.00002212822,0.));
#2378=CARTESIAN_POINT('Origin',(157.799994908273,-1554.97998829153,-255.00001211185));
#2379=CARTESIAN_POINT('Origin',(157.799994908273,-86.6000041132793,-235.00001211185));
#2380=CARTESIAN_POINT('Origin',(157.799994908273,-1555.00002212822,0.));
#2381=CARTESIAN_POINT('',(304.224998690188,-1555.00002212822,-40.));
#2382=CARTESIAN_POINT('',(773.500010035932,-1555.00002212822,-275.));
#2383=CARTESIAN_POINT('Origin',(450.650002472103,-820.800009313971,-275.));
#2384=CARTESIAN_POINT('',(157.799994908273,-1585.00002212822,-275.));
#2385=CARTESIAN_POINT('',(127.799994908273,-1585.00002212822,-275.));
#2386=CARTESIAN_POINT('Origin',(127.799994908273,-1585.00002212822,0.));
#2387=CARTESIAN_POINT('Origin',(773.500010035932,-1585.00002212822,0.));
#2388=CARTESIAN_POINT('Origin',(450.650002472103,-820.800009313971,-40.));
#2389=CARTESIAN_POINT('',(246.988645907645,-1446.50002155453,-40.));
#2390=CARTESIAN_POINT('Origin',(258.0000038445,-1446.50002155453,-40.));
#2391=CARTESIAN_POINT('',(240.591197904853,-179.000002667308,-40.));
#2392=CARTESIAN_POINT('Origin',(251.500003747642,-179.000002667308,-40.));
#2393=CARTESIAN_POINT('',(570.9546474907,-1445.00002153218,-40.));
#2394=CARTESIAN_POINT('Origin',(582.000008672476,-1445.00002153218,-40.));
#2395=CARTESIAN_POINT('Origin',(589.500008784235,-179.000002667308,-40.));
#2396=CARTESIAN_POINT('',(578.48865084738,-179.000002667308,-240.));
#2397=CARTESIAN_POINT('Origin',(589.500008784235,-179.000002667308,-240.));
#2398=CARTESIAN_POINT('',(578.48865084738,-179.000002667308,-40.));
#2399=CARTESIAN_POINT('Origin',(589.500008784235,-179.000002667308,-240.));
#2400=CARTESIAN_POINT('Origin',(251.500003747642,-179.000002667308,-155.));
#2401=CARTESIAN_POINT('',(236.500003747642,-179.000002667308,-155.));
#2402=CARTESIAN_POINT('Origin',(251.500003747642,-179.000002667308,-155.));
#2403=CARTESIAN_POINT('',(240.591197904853,-179.000002667308,-155.));
#2404=CARTESIAN_POINT('Origin',(251.500003747642,-179.000002667308,-155.));
#2405=CARTESIAN_POINT('Origin',(251.500003747642,-179.000002667308,-140.));
#2406=CARTESIAN_POINT('',(236.500003747642,-179.000002667308,-140.));
#2407=CARTESIAN_POINT('Origin',(251.500003747642,-179.000002667308,-140.));
#2408=CARTESIAN_POINT('',(240.591197904853,-179.000002667308,-140.));
#2409=CARTESIAN_POINT('Origin',(251.500003747642,-179.000002667308,-140.));
#2410=CARTESIAN_POINT('Origin',(251.500003747642,-179.000002667308,-140.));
#2411=CARTESIAN_POINT('',(236.500003747642,-179.000002667308,-140.));
#2412=CARTESIAN_POINT('Origin',(251.500003747642,-179.000002667308,-40.));
#2413=CARTESIAN_POINT('',(240.591197904853,-179.000002667308,-40.));
#2414=CARTESIAN_POINT('Origin',(251.500003747642,-179.000002667308,-40.));
#2415=CARTESIAN_POINT('',(240.591197904853,-179.000002667308,-240.));
#2416=CARTESIAN_POINT('Origin',(251.500003747642,-179.000002667308,-240.));
#2417=CARTESIAN_POINT('',(240.591197904853,-179.000002667308,-40.));
#2418=CARTESIAN_POINT('Origin',(251.500003747642,-179.000002667308,-240.));
#2419=CARTESIAN_POINT('Origin',(582.000008672476,-1445.00002153218,-155.));
#2420=CARTESIAN_POINT('',(567.000008672476,-1445.00002153218,-155.));
#2421=CARTESIAN_POINT('Origin',(582.000008672476,-1445.00002153218,-155.));
#2422=CARTESIAN_POINT('',(570.9546474907,-1445.00002153218,-155.));
#2423=CARTESIAN_POINT('Origin',(582.000008672476,-1445.00002153218,-155.));
#2424=CARTESIAN_POINT('Origin',(582.000008672476,-1445.00002153218,-140.));
#2425=CARTESIAN_POINT('',(567.000008672476,-1445.00002153218,-140.));
#2426=CARTESIAN_POINT('Origin',(582.000008672476,-1445.00002153218,-140.));
#2427=CARTESIAN_POINT('',(570.9546474907,-1445.00002153218,-140.));
#2428=CARTESIAN_POINT('Origin',(582.000008672476,-1445.00002153218,-140.));
#2429=CARTESIAN_POINT('Origin',(582.000008672476,-1445.00002153218,-140.));
#2430=CARTESIAN_POINT('',(567.000008672476,-1445.00002153218,-140.));
#2431=CARTESIAN_POINT('Origin',(582.000008672476,-1445.00002153218,-40.));
#2432=CARTESIAN_POINT('',(570.9546474907,-1445.00002153218,-40.));
#2433=CARTESIAN_POINT('Origin',(582.000008672476,-1445.00002153218,-40.));
#2434=CARTESIAN_POINT('',(570.9546474907,-1445.00002153218,-240.));
#2435=CARTESIAN_POINT('Origin',(582.000008672476,-1445.00002153218,-240.));
#2436=CARTESIAN_POINT('',(570.9546474907,-1445.00002153218,-40.));
#2437=CARTESIAN_POINT('Origin',(582.000008672476,-1445.00002153218,-240.));
#2438=CARTESIAN_POINT('Origin',(258.0000038445,-1446.50002155453,-155.));
#2439=CARTESIAN_POINT('',(243.0000038445,-1446.50002155453,-155.));
#2440=CARTESIAN_POINT('Origin',(258.0000038445,-1446.50002155453,-155.));
#2441=CARTESIAN_POINT('',(246.988645907645,-1446.50002155453,-155.));
#2442=CARTESIAN_POINT('Origin',(258.0000038445,-1446.50002155453,-155.));
#2443=CARTESIAN_POINT('Origin',(258.0000038445,-1446.50002155453,-140.));
#2444=CARTESIAN_POINT('',(243.0000038445,-1446.50002155453,-140.));
#2445=CARTESIAN_POINT('Origin',(258.0000038445,-1446.50002155453,-140.));
#2446=CARTESIAN_POINT('',(246.988645907645,-1446.50002155453,-140.));
#2447=CARTESIAN_POINT('Origin',(258.0000038445,-1446.50002155453,-140.));
#2448=CARTESIAN_POINT('Origin',(258.0000038445,-1446.50002155453,-140.));
#2449=CARTESIAN_POINT('',(243.0000038445,-1446.50002155453,-140.));
#2450=CARTESIAN_POINT('Origin',(258.0000038445,-1446.50002155453,-40.));
#2451=CARTESIAN_POINT('',(246.988645907645,-1446.50002155453,-40.));
#2452=CARTESIAN_POINT('Origin',(258.0000038445,-1446.50002155453,-40.));
#2453=CARTESIAN_POINT('',(246.988645907645,-1446.50002155453,-240.));
#2454=CARTESIAN_POINT('Origin',(258.0000038445,-1446.50002155453,-240.));
#2455=CARTESIAN_POINT('',(246.988645907645,-1446.50002155453,-40.));
#2456=CARTESIAN_POINT('Origin',(258.0000038445,-1446.50002155453,-240.));
#2457=CARTESIAN_POINT('Origin',(-226.499989964068,-76.5999964997172,-295.));
#2458=CARTESIAN_POINT('',(-246.499989964068,-56.5999964997172,-295.));
#2459=CARTESIAN_POINT('',(-246.499989964068,-76.5999964997172,-315.));
#2460=CARTESIAN_POINT('',(-246.499989964068,-56.5999964997172,-295.));
#2461=CARTESIAN_POINT('',(-226.499989964068,-76.5999964997172,-295.));
#2462=CARTESIAN_POINT('',(-226.499989964068,-76.5999964997172,-295.));
#2463=CARTESIAN_POINT('',(-246.499989964068,-76.5999964997172,-315.));
#2464=CARTESIAN_POINT('Origin',(-236.499989964068,-66.5999964997172,-275.));
#2465=CARTESIAN_POINT('',(-246.499989964068,-56.5999964997172,-275.));
#2466=CARTESIAN_POINT('',(-226.499989964068,-76.5999964997172,-275.));
#2467=CARTESIAN_POINT('',(-126.162488651462,-176.937497812323,-275.));
#2468=CARTESIAN_POINT('',(-226.499989964068,-76.5999964997172,-275.));
#2469=CARTESIAN_POINT('',(-246.499989964068,-56.5999964997172,-275.));
#2470=CARTESIAN_POINT('Origin',(-246.499989964068,-1585.00002212822,-295.));
#2471=CARTESIAN_POINT('',(-226.499989964068,-1565.00002212822,-295.));
#2472=CARTESIAN_POINT('',(-246.499989964068,-1565.00002212822,-315.));
#2473=CARTESIAN_POINT('',(-226.499989964068,-1565.00002212822,-295.));
#2474=CARTESIAN_POINT('',(-246.499989964068,-1585.00002212822,-295.));
#2475=CARTESIAN_POINT('',(-246.499989964068,-1585.00002212822,-295.));
#2476=CARTESIAN_POINT('',(-246.499989964068,-1565.00002212822,-315.));
#2477=CARTESIAN_POINT('Origin',(-236.499989964068,-1575.00002212822,-275.));
#2478=CARTESIAN_POINT('',(-226.499989964068,-1565.00002212822,-275.));
#2479=CARTESIAN_POINT('',(-246.499989964068,-1585.00002212822,-275.));
#2480=CARTESIAN_POINT('',(-126.162488651462,-1464.66252081562,-275.));
#2481=CARTESIAN_POINT('',(-246.499989964068,-1585.00002212822,-275.));
#2482=CARTESIAN_POINT('',(-226.499989964068,-1565.00002212822,-275.));
#2483=CARTESIAN_POINT('Origin',(-852.200005091727,-56.5999964997172,-295.));
#2484=CARTESIAN_POINT('',(-872.200005091727,-76.5999964997172,-295.));
#2485=CARTESIAN_POINT('',(-852.200005091727,-76.5999964997172,-315.));
#2486=CARTESIAN_POINT('',(-872.200005091727,-76.5999964997172,-295.));
#2487=CARTESIAN_POINT('',(-852.200005091727,-56.5999964997172,-295.));
#2488=CARTESIAN_POINT('',(-852.200005091727,-56.5999964997172,-295.));
#2489=CARTESIAN_POINT('',(-852.200005091727,-76.5999964997172,-315.));
#2490=CARTESIAN_POINT('Origin',(-862.200005091727,-66.5999964997172,-275.));
#2491=CARTESIAN_POINT('',(-872.200005091727,-76.5999964997172,-275.));
#2492=CARTESIAN_POINT('',(-852.200005091727,-56.5999964997172,-275.));
#2493=CARTESIAN_POINT('',(-972.537506404333,-176.937497812323,-275.));
#2494=CARTESIAN_POINT('',(-852.200005091727,-56.5999964997172,-275.));
#2495=CARTESIAN_POINT('',(-872.200005091727,-76.5999964997172,-275.));
#2496=CARTESIAN_POINT('Origin',(-710.775001309812,-66.5999964997172,-305.));
#2497=CARTESIAN_POINT('',(-710.775001309812,-76.5999964997172,-315.));
#2498=CARTESIAN_POINT('',(-710.775001309812,-56.5999964997172,-295.));
#2499=CARTESIAN_POINT('Origin',(-872.200005091727,-1565.00002212822,-295.));
#2500=CARTESIAN_POINT('',(-852.200005091727,-1585.00002212822,-295.));
#2501=CARTESIAN_POINT('',(-852.200005091727,-1565.00002212822,-315.));
#2502=CARTESIAN_POINT('',(-852.200005091727,-1585.00002212822,-295.));
#2503=CARTESIAN_POINT('',(-872.200005091727,-1565.00002212822,-295.));
#2504=CARTESIAN_POINT('',(-872.200005091727,-1565.00002212822,-295.));
#2505=CARTESIAN_POINT('',(-852.200005091727,-1565.00002212822,-315.));
#2506=CARTESIAN_POINT('Origin',(-862.200005091727,-1575.00002212822,-275.));
#2507=CARTESIAN_POINT('',(-852.200005091727,-1585.00002212822,-275.));
#2508=CARTESIAN_POINT('',(-872.200005091727,-1565.00002212822,-275.));
#2509=CARTESIAN_POINT('',(-972.537506404333,-1464.66252081562,-275.));
#2510=CARTESIAN_POINT('',(-872.200005091727,-1565.00002212822,-275.));
#2511=CARTESIAN_POINT('',(-852.200005091727,-1585.00002212822,-275.));
#2512=CARTESIAN_POINT('Origin',(-862.200005091727,-1202.9000157211,-305.));
#2513=CARTESIAN_POINT('',(-852.200005091727,-1202.9000157211,-315.));
#2514=CARTESIAN_POINT('',(-872.200005091727,-1202.9000157211,-295.));
#2515=CARTESIAN_POINT('Origin',(-387.924993745983,-1575.00002212822,-305.));
#2516=CARTESIAN_POINT('',(-387.924993745983,-1565.00002212822,-315.));
#2517=CARTESIAN_POINT('',(-387.924993745983,-1585.00002212822,-295.));
#2518=CARTESIAN_POINT('Origin',(-236.499989964068,-438.700002906844,-305.));
#2519=CARTESIAN_POINT('',(-246.499989964068,-438.700002906844,-315.));
#2520=CARTESIAN_POINT('',(-226.499989964068,-438.700002906844,-295.));
#2521=CARTESIAN_POINT('Origin',(-872.200005091727,-56.5999964997172,-275.));
#2522=CARTESIAN_POINT('',(-872.200005091727,-56.5999964997172,-275.));
#2523=CARTESIAN_POINT('Origin',(-872.200005091727,-1585.00002212822,-275.));
#2524=CARTESIAN_POINT('',(-872.200005091727,-1585.00002212822,-275.));
#2525=CARTESIAN_POINT('Origin',(-549.349997527897,-820.800009313971,-315.));
#2526=CARTESIAN_POINT('',(-413.432774933057,-249.282204009678,-315.));
#2527=CARTESIAN_POINT('',(-413.432774933057,-809.137095361056,-315.));
#2528=CARTESIAN_POINT('',(-413.432774933057,-758.400009842589,-315.));
#2529=CARTESIAN_POINT('',(-766.137079819145,-249.282204009678,-315.));
#2530=CARTESIAN_POINT('',(-537.959928725401,-249.282204009678,-315.));
#2531=CARTESIAN_POINT('',(-766.137079819145,-809.137095361056,-315.));
#2532=CARTESIAN_POINT('',(-766.137079819145,-591.609649156748,-315.));
#2533=CARTESIAN_POINT('',(-601.174996178597,-809.137095361056,-315.));
#2534=CARTESIAN_POINT('',(-636.502654082692,-859.000012800097,-315.));
#2535=CARTESIAN_POINT('Origin',(-589.499993883073,-859.000012800097,-315.));
#2536=CARTESIAN_POINT('Origin',(-549.349997527897,-820.800009313971,-275.));
#2537=CARTESIAN_POINT('',(-226.499989964068,-1585.00002212822,-275.));
#2538=CARTESIAN_POINT('',(-226.499989964068,-56.5999964997172,-275.));
#2539=CARTESIAN_POINT('',(-276.499989964068,-86.5999964997172,-275.));
#2540=CARTESIAN_POINT('',(-822.200005091727,-86.5999964997172,-275.));
#2541=CARTESIAN_POINT('',(-276.499989964068,-86.5999964997172,-275.));
#2542=CARTESIAN_POINT('',(-276.499989964068,-1555.00002212822,-275.));
#2543=CARTESIAN_POINT('',(-276.499989964068,-1555.00002212822,-275.));
#2544=CARTESIAN_POINT('',(-822.200005091727,-1555.00002212822,-275.));
#2545=CARTESIAN_POINT('',(-822.200005091727,-1555.00002212822,-275.));
#2546=CARTESIAN_POINT('',(-822.200005091727,-86.5999964997172,-275.));
#2547=CARTESIAN_POINT('Origin',(-413.432774933057,-758.400009842589,-135.));
#2548=CARTESIAN_POINT('',(-526.569859922904,-696.000010371208,-275.));
#2549=CARTESIAN_POINT('Origin',(-413.432774933057,-809.137095361056,-135.));
#2550=CARTESIAN_POINT('',(-526.569859922904,-362.419288999526,-275.));
#2551=CARTESIAN_POINT('',(-526.569859922904,-758.400009842589,-275.));
#2552=CARTESIAN_POINT('Origin',(-413.432774933057,-249.282204009678,-135.));
#2553=CARTESIAN_POINT('Origin',(-601.174996178597,-809.137095361056,-135.));
#2554=CARTESIAN_POINT('',(-652.999994829297,-696.000010371208,-275.));
#2555=CARTESIAN_POINT('Origin',(-766.137079819145,-809.137095361056,-135.));
#2556=CARTESIAN_POINT('',(-601.174996178597,-696.000010371208,-275.));
#2557=CARTESIAN_POINT('Origin',(-766.137079819145,-591.609649156748,-135.));
#2558=CARTESIAN_POINT('',(-652.999994829297,-362.419288999526,-275.));
#2559=CARTESIAN_POINT('Origin',(-766.137079819145,-249.282204009678,-135.));
#2560=CARTESIAN_POINT('',(-652.999994829297,-591.609649156748,-275.));
#2561=CARTESIAN_POINT('Origin',(-537.959928725401,-249.282204009678,-135.));
#2562=CARTESIAN_POINT('',(-537.959928725401,-362.419288999526,-275.));
#2563=CARTESIAN_POINT('Origin',(-226.499989964068,-1585.00002212822,-275.));
#2564=CARTESIAN_POINT('Origin',(-226.499989964068,-56.5999964997172,-275.));
#2565=CARTESIAN_POINT('Origin',(-506.569859922904,-758.400009842589,-275.));
#2566=CARTESIAN_POINT('',(-506.569859922904,-716.000010371208,-255.));
#2567=CARTESIAN_POINT('',(-506.569859922904,-342.419288999526,-255.));
#2568=CARTESIAN_POINT('',(-506.569859922904,-758.400009842589,-255.));
#2569=CARTESIAN_POINT('Origin',(-506.569859922904,-342.419288999526,-275.));
#2570=CARTESIAN_POINT('Origin',(-506.569859922904,-716.000010371208,-275.));
#2571=CARTESIAN_POINT('Origin',(-601.174996178597,-716.000010371208,-275.));
#2572=CARTESIAN_POINT('',(-672.999994829297,-716.000010371208,-255.));
#2573=CARTESIAN_POINT('Origin',(-672.999994829297,-716.000010371208,-275.));
#2574=CARTESIAN_POINT('',(-601.174996178597,-716.000010371208,-255.));
#2575=CARTESIAN_POINT('Origin',(-672.999994829297,-591.609649156748,-275.));
#2576=CARTESIAN_POINT('',(-672.999994829297,-342.419288999526,-255.));
#2577=CARTESIAN_POINT('',(-672.999994829297,-591.609649156748,-255.));
#2578=CARTESIAN_POINT('Origin',(-672.999994829297,-342.419288999526,-275.));
#2579=CARTESIAN_POINT('Origin',(-537.959928725401,-342.419288999526,-275.));
#2580=CARTESIAN_POINT('',(-537.959928725401,-342.419288999526,-255.));
#2581=CARTESIAN_POINT('Origin',(-549.349997527897,-820.800009313971,-255.));
#2582=CARTESIAN_POINT('',(-296.499989964068,-1555.00002212822,-255.));
#2583=CARTESIAN_POINT('',(-296.499989964068,-86.5999964997172,-255.));
#2584=CARTESIAN_POINT('',(-296.499989964068,-453.700002906844,-255.));
#2585=CARTESIAN_POINT('',(-802.200005091727,-86.5999964997172,-255.));
#2586=CARTESIAN_POINT('',(-276.499989964068,-86.5999964997172,-255.));
#2587=CARTESIAN_POINT('',(-802.200005091727,-1555.00002212822,-255.));
#2588=CARTESIAN_POINT('',(-802.200005091727,-1187.9000157211,-255.));
#2589=CARTESIAN_POINT('',(-822.200005091727,-1555.00002212822,-255.));
#2590=CARTESIAN_POINT('',(-636.502654082692,-859.000012800097,-255.));
#2591=CARTESIAN_POINT('Origin',(-589.499993883073,-859.000012800097,-255.));
#2592=CARTESIAN_POINT('Origin',(-265.999989964068,-1187.9000157211,-230.5));
#2593=CARTESIAN_POINT('',(-270.499989964068,-86.5999964997172,-235.));
#2594=CARTESIAN_POINT('',(-261.499989964068,-86.5999964997172,-226.));
#2595=CARTESIAN_POINT('',(-279.749989964068,-86.5999964997172,-244.25));
#2596=CARTESIAN_POINT('',(-261.499989964068,-1555.00002212822,-226.));
#2597=CARTESIAN_POINT('',(-261.499989964068,-1187.9000157211,-226.));
#2598=CARTESIAN_POINT('',(-270.499989964068,-1555.00002212822,-235.));
#2599=CARTESIAN_POINT('',(-416.174993745984,-1555.00002212822,-380.675003781915));
#2600=CARTESIAN_POINT('',(-270.499989964068,-1187.9000157211,-235.));
#2601=CARTESIAN_POINT('Origin',(-261.499989964068,-820.800009313971,-225.));
#2602=CARTESIAN_POINT('',(-261.499989964068,-86.5999964997172,-224.));
#2603=CARTESIAN_POINT('',(-261.499989964068,-86.5999964997172,-235.));
#2604=CARTESIAN_POINT('',(-261.499989964068,-1555.00002212822,-224.));
#2605=CARTESIAN_POINT('',(-261.499989964068,-820.800009313971,-224.));
#2606=CARTESIAN_POINT('',(-261.499989964068,-1555.00002212822,-215.));
#2607=CARTESIAN_POINT('Origin',(-276.499989964068,-86.5999964997172,-275.));
#2608=CARTESIAN_POINT('',(-276.499989964068,-86.5999964997172,-235.));
#2609=CARTESIAN_POINT('',(-276.499989964068,-86.5999964997172,-235.));
#2610=CARTESIAN_POINT('',(-276.499989964068,-86.5999964997172,-275.));
#2611=CARTESIAN_POINT('',(-822.200005091727,-86.5999964997172,-235.));
#2612=CARTESIAN_POINT('',(-822.200005091727,-86.5999964997172,-275.));
#2613=CARTESIAN_POINT('',(-828.200005091727,-86.5999964997172,-235.));
#2614=CARTESIAN_POINT('',(-822.200005091727,-86.5999964997172,-235.));
#2615=CARTESIAN_POINT('',(-837.200005091727,-86.5999964997172,-226.));
#2616=CARTESIAN_POINT('',(-682.525001309812,-86.5999964997172,-380.675003781915));
#2617=CARTESIAN_POINT('',(-837.200005091727,-86.5999964997172,-224.));
#2618=CARTESIAN_POINT('',(-837.200005091727,-86.5999964997172,-215.));
#2619=CARTESIAN_POINT('',(-828.200005091727,-86.5999964997172,-215.));
#2620=CARTESIAN_POINT('',(-707.525001309812,-86.5999964997172,-94.3249962180853));
#2621=CARTESIAN_POINT('',(-802.200005091727,-86.5999964997172,-215.));
#2622=CARTESIAN_POINT('',(-822.200005091727,-86.5999964997172,-215.));
#2623=CARTESIAN_POINT('',(-802.200005091727,-86.5999964997172,-255.));
#2624=CARTESIAN_POINT('',(-296.499989964068,-86.5999964997172,-215.));
#2625=CARTESIAN_POINT('',(-296.499989964068,-86.5999964997172,-255.));
#2626=CARTESIAN_POINT('',(-270.499989964068,-86.5999964997172,-215.));
#2627=CARTESIAN_POINT('',(-276.499989964068,-86.5999964997172,-215.));
#2628=CARTESIAN_POINT('',(-254.749989964068,-86.5999964997172,-230.75));
#2629=CARTESIAN_POINT('Origin',(-265.999989964068,-820.800009313971,-219.5));
#2630=CARTESIAN_POINT('',(-270.499989964068,-1555.00002212822,-215.));
#2631=CARTESIAN_POINT('',(-391.174993745984,-1555.00002212822,-94.3249962180852));
#2632=CARTESIAN_POINT('',(-270.499989964068,-820.800009313971,-215.));
#2633=CARTESIAN_POINT('Origin',(-286.499989964068,-820.800009313971,-215.));
#2634=CARTESIAN_POINT('',(-296.499989964068,-1555.00002212822,-215.));
#2635=CARTESIAN_POINT('',(-296.499989964068,-1555.00002212822,-215.));
#2636=CARTESIAN_POINT('',(-276.499989964068,-1555.00002212822,-215.));
#2637=CARTESIAN_POINT('Origin',(-832.700005091727,-453.700002906844,-230.5));
#2638=CARTESIAN_POINT('',(-828.200005091727,-1555.00002212822,-235.));
#2639=CARTESIAN_POINT('',(-837.200005091727,-1555.00002212822,-226.));
#2640=CARTESIAN_POINT('',(-818.950005091727,-1555.00002212822,-244.25));
#2641=CARTESIAN_POINT('',(-837.200005091727,-453.700002906844,-226.));
#2642=CARTESIAN_POINT('',(-828.200005091727,-453.700002906844,-235.));
#2643=CARTESIAN_POINT('Origin',(-822.200005091727,-86.5999964997172,-235.));
#2644=CARTESIAN_POINT('',(-822.200005091727,-1555.00002212822,-235.));
#2645=CARTESIAN_POINT('',(-822.200005091727,-86.5999964997172,-235.));
#2646=CARTESIAN_POINT('',(-822.200005091727,-1555.00002212822,-235.));
#2647=CARTESIAN_POINT('Origin',(-832.700005091727,-820.800009313971,-219.5));
#2648=CARTESIAN_POINT('',(-837.200005091727,-1555.00002212822,-224.));
#2649=CARTESIAN_POINT('',(-837.200005091727,-820.800009313971,-224.));
#2650=CARTESIAN_POINT('',(-828.200005091727,-1555.00002212822,-215.));
#2651=CARTESIAN_POINT('',(-843.950005091727,-1555.00002212822,-230.75));
#2652=CARTESIAN_POINT('',(-828.200005091727,-820.800009313971,-215.));
#2653=CARTESIAN_POINT('Origin',(-812.200005091727,-820.800009313971,-215.));
#2654=CARTESIAN_POINT('',(-802.200005091727,-1555.00002212822,-215.));
#2655=CARTESIAN_POINT('',(-822.200005091727,-1555.00002212822,-215.));
#2656=CARTESIAN_POINT('',(-802.200005091727,-86.5999964997172,-215.));
#2657=CARTESIAN_POINT('Origin',(-837.200005091727,-820.800009313971,-225.));
#2658=CARTESIAN_POINT('',(-837.200005091727,-1555.00002212822,-235.));
#2659=CARTESIAN_POINT('Origin',(-276.499989964068,-1555.00002212822,-235.));
#2660=CARTESIAN_POINT('',(-276.499989964068,-1555.00002212822,-235.));
#2661=CARTESIAN_POINT('',(-276.499989964068,-1555.00002212822,-235.));
#2662=CARTESIAN_POINT('',(-276.499989964068,-1555.00002212822,-235.));
#2663=CARTESIAN_POINT('Origin',(-296.499989964068,-86.5999964997172,-255.));
#2664=CARTESIAN_POINT('',(-296.499989964068,-1555.00002212822,-255.));
#2665=CARTESIAN_POINT('Origin',(-802.200005091727,-1555.00002212822,-255.));
#2666=CARTESIAN_POINT('',(-802.200005091727,-1555.00002212822,-255.));
#2667=CARTESIAN_POINT('Origin',(-589.499993883073,-859.000012800097,-275.));
#2668=CARTESIAN_POINT('',(-636.502654082692,-859.000012800097,-275.));
#2669=CARTESIAN_POINT('Origin',(-276.499989964068,-1555.00002212822,-275.));
#2670=CARTESIAN_POINT('',(-276.499989964068,-1555.00002212822,-275.));
#2671=CARTESIAN_POINT('Origin',(-822.200005091727,-1555.00002212822,-275.));
#2672=CARTESIAN_POINT('',(-822.200005091727,-1555.00002212822,-275.));
#2673=CARTESIAN_POINT('Origin',(-822.200005091727,-86.5999964997172,-275.));
#2674=UNCERTAINTY_MEASURE_WITH_UNIT(LENGTH_MEASURE(0.01),#2678,
'DISTANCE_ACCURACY_VALUE',
'Maximum model space distance between geometric entities at asserted c
onnectivities');
#2675=UNCERTAINTY_MEASURE_WITH_UNIT(LENGTH_MEASURE(0.01),#2678,
'DISTANCE_ACCURACY_VALUE',
'Maximum model space distance between geometric entities at asserted c
onnectivities');
#2676=(
GEOMETRIC_REPRESENTATION_CONTEXT(3)
GLOBAL_UNCERTAINTY_ASSIGNED_CONTEXT((#2674))
GLOBAL_UNIT_ASSIGNED_CONTEXT((#2678,#2680,#2681))
REPRESENTATION_CONTEXT('','3D')
);
#2677=(
GEOMETRIC_REPRESENTATION_CONTEXT(3)
GLOBAL_UNCERTAINTY_ASSIGNED_CONTEXT((#2675))
GLOBAL_UNIT_ASSIGNED_CONTEXT((#2678,#2680,#2681))
REPRESENTATION_CONTEXT('','3D')
);
#2678=(
LENGTH_UNIT()
NAMED_UNIT(*)
SI_UNIT(.MILLI.,.METRE.)
);
#2679=(
LENGTH_UNIT()
NAMED_UNIT(*)
SI_UNIT($,.METRE.)
);
#2680=(
NAMED_UNIT(*)
PLANE_ANGLE_UNIT()
SI_UNIT($,.RADIAN.)
);
#2681=(
NAMED_UNIT(*)
SI_UNIT($,.STERADIAN.)
SOLID_ANGLE_UNIT()
);
#2682=SHAPE_DEFINITION_REPRESENTATION(#2683,#2684);
#2683=PRODUCT_DEFINITION_SHAPE('',$,#2686);
#2684=SHAPE_REPRESENTATION('',(#1634),#2676);
#2685=PRODUCT_DEFINITION_CONTEXT('part definition',#2690,'design');
#2686=PRODUCT_DEFINITION('pcb_model','pcb_model v2',#2687,#2685);
#2687=PRODUCT_DEFINITION_FORMATION('',$,#2692);
#2688=PRODUCT_RELATED_PRODUCT_CATEGORY('pcb_model v2','pcb_model v2',(#2692));
#2689=APPLICATION_PROTOCOL_DEFINITION('international standard',
'automotive_design',2009,#2690);
#2690=APPLICATION_CONTEXT(
'Core Data for Automotive Mechanical Design Process');
#2691=PRODUCT_CONTEXT('part definition',#2690,'mechanical');
#2692=PRODUCT('pcb_model','pcb_model v2',$,(#2691));
#2693=PRESENTATION_STYLE_ASSIGNMENT((#2694));
#2694=SURFACE_STYLE_USAGE(.BOTH.,#2695);
#2695=SURFACE_SIDE_STYLE('',(#2696));
#2696=SURFACE_STYLE_FILL_AREA(#2697);
#2697=FILL_AREA_STYLE('Steel - Satin',(#2698));
#2698=FILL_AREA_STYLE_COLOUR('Steel - Satin',#2699);
#2699=COLOUR_RGB('Steel - Satin',0.627450980392157,0.627450980392157,0.627450980392157);
ENDSEC;
END-ISO-10303-21;
